num_elements,num_buckets,approx_ops_base_2,approx_ops_base_e
10000,10000,15629.477052503078,13091.224828263166
10000,20000,22723.81706970562,21334.442289780196
10000,30000,31778.12251482506,30821.726570342267
10000,40000,41316.31740780821,40587.17213072165
10000,50000,51043.8854667132,50454.73579157651
10000,60000,60864.49015052341,60370.23905455802
10000,70000,70737.53730859734,70311.85504352479
10000,80000,80643.01004237527,80269.18949581793
10000,90000,90569.91350477985,90236.69048035906
10000,100000,100511.71242481173,100211.1329891656
10000,110000,110464.28054574013,110190.51969850913
10000,120000,120424.88527449494,120173.54942317214
10000,130000,130391.6456060126,130159.33908208733
10000,140000,140363.22458765065,140147.26870619977
10000,150000,150338.64602146664,150136.89050390245
10000,160000,160317.18054783513,160127.87311738916
10000,170000,170298.27231016284,170119.96617727418
10000,180000,180281.49027424582,180112.97702651343
10000,190000,190266.49508697167,190106.755048167
10000,200000,200253.01592239624,200101.18079388767
10000,210000,210240.8340386736,210096.15834842427
10000,220000,220229.7708261041,220091.6098057366
10000,230000,230219.67900552021,230087.4712335949
10000,240000,240210.436072671,240083.68970284885
10000,250000,250201.939275122,250080.22099598942
10000,260000,260194.1017862128,260077.02788735024
10000,270000,270186.8497676611,270074.0788474895
10000,280000,280180.1199852585,280071.34695148014
10000,290000,290173.8580008795,290068.80909792933
10000,300000,300168.0166951936,300066.4453547655
10000,310000,310162.5550567587,310064.2384131369
10000,320000,320157.4372498769,320062.17319622566
10000,330000,330152.6317895918,330060.2364774835
10000,340000,340148.11095620977,340058.4166606142
10000,350000,350143.85016807885,350056.70345557923
10000,360000,360139.82763654273,360055.08778647945
10000,370000,370136.02390092704,370053.5615387329
10000,380000,380132.42161287094,380052.11752222653
10000,390000,390129.0051745526,390050.7492610423
10000,400000,400125.7605689956,400049.4509526342
10000,410000,410122.67514383007,410048.21736169327
10000,420000,420119.73746909504,420047.04377240693
10000,430000,430116.93718175235,430045.92591431685
10000,440000,440114.26487058686,440044.8599175218
10000,450000,450111.7119457518,450043.84224319115
10000,460000,460109.27061492635,460042.869712769
10000,470000,470106.9336858426,470041.93935683125
10000,480000,480104.6945980453,480041.04848737275
10000,490000,490102.54736428114,490040.1946748007
10000,500000,500100.4864230464,500039.37563184585
10000,510000,510098.5066864535,510038.5892890889
10000,520000,520096.6034328219,520037.8337120528
10000,530000,530094.7723427648,530037.1071590174
10000,540000,540093.0093567714,540036.4079579422
10000,550000,550091.3107713041,550035.7346197622
10000,560000,560089.6731011408,560035.0857161504
10000,570000,570088.0931306367,570034.4599445298
10000,580000,580086.5678798462,580033.8561065613
10000,590000,590085.0945523723,590033.2730670867
10000,600000,600083.6705176446,600032.7097464129
10000,610000,610082.2933315899,610032.1651499899
10000,620000,620080.9607777692,620031.6384176925
10000,630000,630079.6706913558,630031.1286551801
10000,640000,640078.421081388,640030.6350628277
10000,650000,650077.2100428026,650030.1568538295
10000,660000,660076.0358377859,660029.6933410699
10000,670000,670074.8968121901,670029.2438585594
10000,680000,680073.7913994541,680028.8077699493
10000,690000,690072.718155387,690028.3845074954
10000,700000,700071.6756553524,700027.9734730792
10000,710000,710070.6626572876,710027.5742047187
10000,720000,720069.6778991579,720027.1861772534
10000,730000,730068.7201759197,730026.8088822499
10000,740000,740067.7884275826,740026.4419187765
10000,750000,750066.8815950067,750026.0848517023
10000,760000,760065.9987427403,760025.7373368266
10000,770000,770065.1388851475,770025.3989491407
10000,780000,780064.3011155388,780025.069313902
10000,790000,790063.48463563,790024.7481379125
10000,800000,800062.6886333865,800024.4350890327
10000,810000,810061.9123338314,810024.1298485475
10000,820000,820061.1550622206,820023.8321757668
10000,830000,830060.4160673238,830023.541732656
10000,840000,840059.6946920201,840023.2582556581
10000,850000,850058.9903998346,850022.9815833856
10000,860000,860058.3024631283,860022.711345889
10000,870000,870057.630408619,870022.44741116
10000,880000,880056.9737141883,880022.1895828837
10000,890000,890056.3317451131,890021.9375375363
10000,900000,900055.7041350957,900021.6912062084
10000,910000,910055.0903319548,910021.4503210762
10000,920000,920054.4899402913,920021.2147587545
10000,930000,930053.9024452646,930020.9842647498
10000,940000,940053.3275117294,940020.7587532038
10000,950000,950052.7647047793,950020.5380280259
10000,960000,960052.21365772,960020.3219514097
10000,970000,970051.673983239,970020.1103555119
10000,980000,980051.1453734747,980019.9031429989
10000,990000,990050.6274682771,990019.7001557607
10000,1000000,1000050.1199525679,1000019.5012726978
20000,10000,32278.272832246537,23619.392673832994
20000,20000,31259.519773580123,26182.841746720682
20000,30000,37376.10264446593,33784.332200224264
20000,40000,45447.92939164285,42669.06596614123
20000,50000,54307.01331925624,52041.04957403419
20000,60000,63556.43784883643,61643.56236127209
20000,70000,73026.43269252047,71371.45280948572
20000,80000,82632.77646402192,81174.4200395932
20000,90000,92329.11234743126,91025.62341006593
20000,100000,102087.88238631502,100909.52873738977
20000,110000,111891.70153450004,110816.56284976714
20000,120000,121729.07197075749,120740.52361050273
20000,130000,131592.0913835835,130677.22574981884
20000,140000,141475.15237994862,140623.74770136343
20000,150000,151374.1674364265,150577.9909611841
20000,160000,161286.08755751062,160538.41095061344
20000,170000,171208.59270765682,170503.84655685452
20000,180000,181139.8865682233,180473.40868286995
20000,190000,191078.55688575417,190446.40540758157
20000,200000,201023.4781442499,200422.29042470714
20000,210000,210973.74242585342,210400.6268490292
20000,220000,220928.60929897986,220381.06123236776
20000,230000,230887.46892176513,230363.3046131511
20000,240000,240849.81455497132,240347.11856523578
20000,250000,250815.2216064703,250332.30458353652
20000,260000,260783.3316789648,260318.69612383257
20000,270000,270753.8402112957,270306.1524871777
20000,280000,280726.4866487541,280294.55391547177
20000,290000,290701.0468287821,290283.7978975142
20000,300000,300677.32691095694,300273.7962460527
20000,310000,310655.1582741144,310264.4725412379
20000,320000,320634.39370521053,320255.76039411966
20000,330000,330614.90395467007,330247.60170450725
20000,340000,340596.5752402089,340239.9455701543
20000,350000,350579.3068379114,350232.7470454177
20000,360000,360563.00941462,360225.96644861397
20000,370000,370547.60331675765,370219.56846968085
20000,380000,380533.0174578592,380213.5217484301
20000,390000,390519.1880260172,390207.7981677847
20000,400000,400506.05773245194,400202.3726010534
20000,410000,410493.5748577822,410197.22238472657
20000,420000,420481.6927031069,420192.3271356872
20000,430000,430470.368915576,430187.66839232587
20000,440000,440459.5651217109,440183.2295207902
20000,450000,450449.2462398373,450178.9952644229
20000,460000,460439.38045207434,460174.95192175487
20000,470000,470429.9384662028,470171.08678880765
20000,480000,480420.8936002845,480167.3884013426
20000,490000,490412.22135902813,490163.84624995006
20000,500000,500403.89914513176,500160.4506135998
20000,510000,510395.906186192,510157.19259443786
20000,520000,520388.22332948796,520154.06400805025
20000,530000,530380.832926456,530151.057352884
20000,540000,540373.7185644757,540148.1656174521
20000,550000,550366.8650569816,550145.3823376566
20000,560000,560360.2582910352,560142.7015046942
20000,570000,570353.885191929,570140.1175833024
20000,580000,580347.7336718227,580137.6255088594
20000,590000,590341.7923021923,590135.2204032593
20000,600000,600336.0504754755,600132.8977756653
20000,610000,610330.4982893566,610130.6534420813
20000,620000,620325.1266205225,620128.4836310575
20000,630000,630319.9266971074,630126.3845850315
20000,640000,640314.8904797751,640124.3529675835
20000,650000,650310.0103230905,650122.3855486135
20000,660000,660305.2790758613,660120.4793263896
20000,670000,670300.6900850316,670118.6315510657
20000,680000,680296.2368902827,680116.8394373546
20000,690000,690291.913738959,690115.1006958272
20000,700000,700287.7148725074,700113.4128344756
20000,710000,710283.6351542871,710111.7738002035
20000,720000,720279.6694666526,720110.181388614
20000,730000,730275.8130712238,730108.6336158555
20000,740000,740272.0615585218,740107.1286788734
20000,750000,750268.4107723719,750105.6648896831
20000,760000,760264.8566705754,760104.2405451202
20000,770000,770261.3954035814,770102.8540137853
20000,780000,780258.0234031078,780101.50383239
20000,790000,790254.7372742514,790100.18860501
20000,800000,800251.533856841,800098.9070710073
20000,810000,810248.4099631761,810097.6578489296
20000,820000,820245.3626871099,820096.4397511708
20000,830000,830242.3893341142,830095.2517193276
20000,840000,840239.4870378751,840094.0924457546
20000,850000,850236.6535185517,850092.961136184
20000,860000,860233.8861611206,860091.8565925084
20000,870000,870231.1828347767,870090.7780359021
20000,880000,880228.5413510441,880089.7245687601
20000,890000,890225.9593954355,890088.6951097453
20000,900000,900223.4352034456,900087.6890728724
20000,910000,910220.9667594774,910086.705569557
20000,920000,920218.5523132079,920085.743927678
20000,930000,930216.1899788539,930084.8032935056
20000,940000,940213.8781372092,940083.8830361571
20000,950000,950211.6152510117,950082.9825652391
20000,960000,960209.3997470388,960082.1012151532
20000,970000,970207.2301550538,970081.2383859864
20000,980000,980205.1050764219,980080.3935140739
20000,990000,990203.0231064226,990079.5659960611
20000,1000000,1000200.9830181383,1000078.755374479
30000,10000,57435.23105227894,40422.11472728254
30000,20000,45418.23290155492,34904.90034271414
30000,30000,46889.56249083912,39274.45866304277
30000,40000,52520.59337125047,46550.805402689024
30000,50000,59903.09448644339,54994.03308940142
30000,60000,68172.04170925243,64003.68963895923
30000,70000,76947.13212194841,73325.30330912696
30000,80000,86036.8235246166,82834.8381919218
30000,90000,95334.75317778363,92465.39814758995
30000,100000,104777.35542859643,102178.03313281872
30000,110000,114324.4014856587,111948.66354185181
30000,120000,123949.23551336826,121761.66794189677
30000,130000,133633.51823853934,131606.50297202432
30000,140000,143364.2300768521,141475.81328913916
30000,150000,153131.87931197535,151364.32168935632
30000,160000,162929.3867857791,161268.14969901554
30000,170000,172751.36749092062,171184.3867158188
30000,180000,182593.65379279747,181110.80816836917
30000,190000,192452.9707042199,191045.68614195212
30000,200000,202326.70962543672,200987.65910223898
30000,210000,212212.7674438865,210935.64035187385
30000,220000,222109.43007858546,220888.7525412168
30000,230000,232015.28654079293,230846.2797538298
30000,240000,241929.16507342123,240807.63240627653
30000,250000,251850.08448224695,250772.32060680303
30000,260000,261777.2170384308,260739.93412144177
30000,270000,271709.8596418982,270710.12689560815
30000,280000,281647.41121659306,280682.60500753345
30000,290000,291589.3549021758,290657.1172799638
30000,300000,301535.2438705944,300633.44786716293
30000,310000,311484.6897744852,310611.4101896951
30000,320000,321437.35362688074,320590.84229081497
30000,330000,331392.93805946794,330571.6027735291
30000,340000,341351.1811951207,340553.56771387084
30000,350000,351311.85162049683,350536.6281621765
30000,360000,361274.74386318534,360520.68773503666
30000,370000,371239.6750245928,370505.6610253913
30000,380000,381206.4817881616,380491.4721118727
30000,390000,391175.0177756865,390478.05318935047
30000,400000,401145.15137860685,400465.3434858879
30000,410000,411116.76404074725,410453.2884749018
30000,420000,421089.74869469897,420441.83910965535
30000,430000,431064.00824679044,430430.9509974184
30000,440000,441039.45470452146,440420.5841224994
30000,450000,451016.0078053134,450410.7019930864
30000,460000,460993.59449480195,460401.2715703604
30000,470000,470972.14788089547,470392.26261685736
30000,480000,480951.6068398553,480383.64764815284
30000,490000,490931.9152732833,490375.4014935897
30000,500000,500913.02157353,500367.50102960947
30000,510000,510894.87815880735,510359.9249516003
30000,520000,520877.44131176895,520352.6538218703
30000,530000,530860.670643627,530345.6697202343
30000,540000,540844.5285706223,540338.9558863733
30000,550000,550828.9804929661,550332.4970462801
30000,560000,560813.9942098559,560326.2789599431
30000,570000,570799.5398133472,570320.2884333016
30000,580000,580785.5895754824,580314.513311928
30000,590000,590772.1175425036,590308.9421708229
30000,600000,600759.0995428554,600303.5644085892
30000,610000,610746.5129909944,610298.3701289928
30000,620000,620734.3368763732,620293.3502002404
30000,630000,630722.5513571857,630288.4959125979
30000,640000,640711.1379837375,640283.7992592874
30000,650000,650700.0794504371,650279.2527411313
30000,660000,660689.3593842265,660274.8492027866
30000,670000,670678.9625929467,670270.5821244548
30000,680000,680668.8745859376,680266.4451824721
30000,690000,690659.0818783697,690262.4325896824
30000,700000,700649.5716160774,700258.5387537206
30000,710000,710640.331847381,710254.7585790264
30000,720000,720631.3511257024,720251.0870976556
30000,730000,730622.6187681843,730247.5197532894
30000,740000,740614.1245560877,740244.0521254424
30000,750000,750605.8589588472,750240.6801749441
30000,760000,760597.8127992263,760237.399929485
30000,770000,770589.9775387252,770234.2077871175
30000,780000,780582.3448869007,780231.1001429077
30000,790000,790574.907166995,790228.0737701779
30000,800000,800567.6569656994,800225.1254849079
30000,810000,810560.5873350394,810222.2523611647
30000,820000,820553.6915581849,820219.4515094851
30000,830000,830546.9633847416,830216.720323667
30000,840000,840540.3965661847,840214.0560272968
30000,850000,850533.9856446077,850211.4564721477
30000,860000,860527.7249614738,860208.9191567074
30000,870000,870521.6093329737,870206.4419100101
30000,880000,880515.63383745,880204.0226872445
30000,890000,890509.7935911092,890201.6593531346
30000,900000,900504.0841928031,900199.3501336253
30000,910000,910498.5012455313,910197.0931442083
30000,920000,920493.0405608013,920194.8866003468
30000,930000,930487.6982410183,930192.7289057027
30000,940000,940482.4702999456,940190.6182780409
30000,950000,950477.3533168882,950188.5534083862
30000,960000,960472.3437206339,960186.5327499089
30000,970000,970467.4380771683,970184.5548099988
30000,980000,980462.6333594803,980182.6184243142
30000,990000,990457.9263317264,990180.7221449193
30000,1000000,1000453.3141562444,1000178.8648509079
40000,10000,88593.54468238716,61689.34226244282
40000,20000,64557.392696972194,47239.4139970096
40000,30000,60164.287341754425,47364.674918369776
40000,40000,62519.60520703165,52366.075578563185
40000,50000,67860.83100902052,59446.562069529326
40000,60000,74752.59883353091,67568.91967867578
40000,70000,82542.717283528,76275.66125219695
40000,80000,90896.15403204791,85338.31331693563
40000,90000,99624.5130329891,94631.71590772002
40000,100000,108614.26062868787,104082.23665290057
40000,110000,117793.13565177924,113644.03570073888
40000,120000,127113.06850824805,123287.23393554288
40000,130000,136540.89594947777,132991.60120380908
40000,140000,146053.02887360973,142742.99540985428
40000,150000,155632.24682015713,152531.25739000642
40000,160000,165265.69457093297,162348.91585254617
40000,170000,174943.58734618145,172190.3626932234
40000,180000,184658.3494924445,182051.31208632057
40000,190000,194404.02680105797,191928.43631124846
40000,200000,204175.87622634953,201819.1146302324
40000,210000,213970.07394545298,211721.25678054275
40000,220000,223783.50368506796,221633.1764096737
40000,230000,233613.60074572527,231553.49878848312
40000,240000,243458.23560441166,241481.09271588238
40000,250000,253315.6255182168,251415.01921099256
40000,260000,263184.2669225585,261354.4927061356
40000,270000,273062.8829903509,271298.8511958272
40000,280000,282950.3825412721,281247.53303578927
40000,290000,292845.8274871423,291200.05868012324
40000,300000,302748.407140055,301156.0165001715
40000,310000,312657.417070925,311115.0509866113
40000,320000,322572.2425922412,321076.8538648573
40000,330000,332492.3446171669,331041.1562377718
40000,340000,342417.2486978331,341007.7228213491
40000,350000,352346.53539061575,350976.3466399231
40000,360000,362279.8327281042,360946.845120937
40000,370000,372216.809465863,370919.0563920159
40000,380000,382157.1699987982,380892.83677373617
40000,390000,392100.64937935164,390868.0579889738
40000,400000,402047.009588296,400844.60530106653
40000,410000,411996.0361922357,410822.37577139423
40000,420000,421947.53549858514,420801.2767902562
40000,430000,431901.3320781366,430781.22478731675
40000,440000,441857.2668215902,440762.1443162923
40000,450000,451815.19473979913,450743.9667502837
40000,460000,461774.98390891636,460726.6300048952
40000,470000,471736.51350598945,470710.07725724246
40000,480000,481699.67311301385,480694.2568465544
40000,490000,491664.3614841054,490679.1215678844
40000,500000,501630.485389726,500664.6279805146
40000,510000,511597.9592432894,510650.7364443389
40000,520000,521566.70383420266,520637.4102166981
40000,530000,531536.6463990725,530624.6158463352
40000,540000,541507.7193608717,540612.3222009175
40000,550000,551479.8601639644,550600.5005586398
40000,560000,561453.0107932953,560589.124356475
40000,570000,571427.1172801036,570578.1689028942
40000,580000,581402.1297505369,580567.611610179
40000,590000,591378.001452072,590557.431188204
40000,600000,601354.6887094213,600547.6077498518
40000,610000,611332.1509419077,610538.1229636576
40000,620000,621310.3502093812,620528.9597220526
40000,630000,631289.2510094101,630520.1020497886
40000,640000,641268.8200277023,640511.5349554259
40000,650000,651249.0259092498,650503.2442930059
40000,660000,661229.8394656673,660495.2170535052
40000,670000,671211.2332109216,670487.4409758351
40000,680000,681193.1810417454,680479.9042974244
40000,690000,691175.658748631,690472.5963277266
40000,700000,701158.6433069906,700465.5067976171
40000,710000,711142.1131741356,710458.6262095739
40000,720000,721126.0477870596,720451.9453844371
40000,730000,731110.4275657537,730445.4555096233
40000,740000,741095.2346923748,740439.1489581374
40000,750000,751080.4516088595,750433.0178259622
40000,760000,761066.0622408529,760427.0551902427
40000,770000,771052.0507388742,770421.2538823975
40000,780000,781038.4026201589,780415.6076599639
40000,790000,791025.1038406221,790410.110306979
40000,800000,801012.1413886788,800404.7562514564
40000,810000,810999.5023185881,810399.5396248761
40000,820000,820987.1749792101,820394.455510559
40000,830000,830975.1478662966,830389.4988179847
40000,840000,840963.4100350352,840384.6647133395
40000,850000,850951.951431863,850379.9489692583
40000,860000,860940.7618330546,860375.3469201735
40000,870000,870929.8322186149,870370.8548506617
40000,880000,880919.1538080354,880366.4690460645
40000,890000,890908.7174791982,890362.1852248324
40000,900000,900898.5154357406,900358.0002177855
40000,910000,910888.5398610831,910353.910633905
40000,920000,920878.7833814777,920349.9133343925
40000,930000,930869.2385108859,930346.004887733
40000,940000,940859.8988202387,940342.1827481337
40000,950000,950850.7575946656,950338.4439220236
40000,960000,960841.8086222194,960334.7857650933
40000,970000,970833.0458759292,970331.2056720961
40000,980000,980824.4637506291,980327.7013210919
40000,990000,990816.0563251635,990324.2699426353
40000,1000000,1000807.8188671367,1000320.9098308646
50000,10000,124050.05868805936,86108.98123463405
50000,20000,87937.1502521368,62716.501463469955
50000,30000,76922.12382716364,57954.88195492382
50000,40000,75342.79361941795,60135.96365962547
50000,50000,78149.64792795309,65457.692497291835
50000,60000,83298.3990144629,72407.40509966461
50000,70000,89827.03459981996,80289.43971756828
50000,80000,97230.31087917139,88746.97730256381
50000,90000,105219.90093458153,97580.99908270102
50000,100000,113620.26635118776,106672.93699072662
50000,110000,122318.86465590424,115948.30587229221
50000,120000,131240.43147371698,125358.23346406846
50000,130000,140332.83687341766,134869.46829283403
50000,140000,149558.89099148207,144458.68151416467
50000,150000,158891.38387328413,154109.06975683547
50000,160000,168309.96844016062,163808.25108141772
50000,170000,177799.1376114282,173546.9183736984
50000,180000,187346.87348052385,183317.95181261585
50000,190000,196943.72348624782,193115.81969259813
50000,200000,206582.15361644744,202936.16375107592
50000,210000,216256.08766560396,212775.50738360742
50000,220000,225960.57230341557,222631.0456961773
50000,230000,235691.53017243912,232500.4924028499
50000,240000,245445.57533220688,242381.96660448582
50000,250000,255219.87316430072,252273.90759412255
50000,260000,265012.03282633686,262175.010042345
50000,270000,274820.0243389559,272084.17466146126
50000,280000,284642.11262995814,282000.4689081358
50000,290000,294476.8066080556,291923.09737681533
50000,300000,304322.8174104518,301851.3772576193
50000,310000,314179.02572161297,311784.71963853674
50000,320000,324044.4544895498,321722.6136670174
50000,330000,333918.2473099412,331664.6143655494
50000,340000,343799.65039507684,341610.3324119229
50000,350000,353687.99758900644,351559.4256699738
50000,360000,363582.6981677988,361511.5924483295
50000,370000,373483.2262565965,371466.5655162866
50000,380000,383389.1124776499,381424.1076412732
50000,390000,393299.93629581656,391384.0072463057
50000,400000,403215.32011235034,401346.0753244624
50000,410000,413134.92360569123,411310.1422054785
50000,420000,423058.4395355042,421276.05544040067
50000,430000,432985.5896882737,431243.67754953925
50000,440000,442916.1216683436,441212.8843730916
50000,450000,452849.8057238401,451183.5632558383
50000,460000,462786.43260384456,461155.6120853031
50000,470000,472725.8110069291,471128.93777890963
50000,480000,482667.76571742183,481103.4553302582
50000,490000,492612.1363198677,491079.0873204202
50000,500000,502558.7752971692,501055.7627259938
50000,510000,512507.5470291737,511033.41654109
50000,520000,522458.32606058725,521011.9885998378
50000,530000,532410.9972083683,530991.4241751104
50000,540000,542365.4533031416,540971.6721616403
50000,550000,552321.5956161594,550952.6858915063
50000,560000,562279.3321703502,560934.421798886
50000,570000,572238.5776255943,570916.8396188552
50000,580000,582199.2529597809,580899.9023496461
50000,590000,592161.2841549725,590883.5751949933
50000,600000,602124.6024229766,600867.8260181304
50000,610000,612089.1434018669,610852.6247453011
50000,620000,622054.8471087618,620837.9435067966
50000,630000,632021.6572946798,630823.7561604565
50000,640000,641989.521377838,640810.0383799471
50000,650000,651958.3898735212,650796.7672248805
50000,660000,661928.2166127013,660783.9214861721
50000,670000,671898.9580664755,670771.4811281807
50000,680000,681870.5731901564,680759.4272381532
50000,690000,691843.0235478107,690747.7422479579
50000,700000,701816.2727770357,700736.4094883151
50000,710000,711790.2867657037,710725.4134467382
50000,720000,721765.0330814942,720714.739271895
50000,730000,731740.4812621564,730704.3731326481
50000,740000,741716.602572218,740694.3020381302
50000,750000,751693.3695294722,750684.5134228013
50000,760000,761670.7565398006,760674.9958340066
50000,770000,771648.7390416685,770665.738128033
50000,780000,781627.2937430313,780656.7297508989
50000,790000,791606.398707824,790647.9608678126
50000,800000,801586.0331600781,800639.4222071067
50000,810000,811566.177032307,810631.1046447527
50000,820000,821546.8116688494,820622.9999414099
50000,830000,831527.9189375077,830615.0998850289
50000,840000,841509.481918924,840607.3970102443
50000,850000,851491.4840916726,850599.8838099544
50000,860000,861473.9100716908,860592.5535005766
50000,870000,871456.7450767175,870585.3995085316
50000,880000,881439.9752720013,880578.4158397872
50000,890000,891423.5867603912,890571.5960897175
50000,900000,901407.5668754989,900564.9347548072
50000,910000,911391.9031795176,910558.4262489356
50000,920000,921376.5843334936,920552.0657902948
50000,930000,931361.5984866876,930545.8478066209
50000,940000,941346.9353569682,940539.7680297457
50000,950000,951332.584631964,950533.8219106193
50000,960000,961318.5361113197,960528.0047752523
50000,970000,971304.7806693643,970522.3127983136
50000,980000,981291.3092050418,980516.7419649819
50000,990000,991278.1127079111,990511.2881483886
50000,1000000,1001265.1830748104,1000505.9479348463
60000,10000,162743.58350606714,112858.48749927657
60000,20000,114871.35122240326,80844.89157831554
60000,30000,96836.51256361254,70859.43532116778
60000,40000,90837.21378665914,69810.34482572717
60000,50000,90698.98996982204,73034.19033081955
60000,60000,93779.6906388257,78549.30940890039
60000,70000,98791.3436043589,85405.54980171412
60000,80000,105041.62676523322,93101.90221706247
60000,90000,112129.09502298589,101353.5071572289
60000,100000,119806.54395868043,109988.29202866538
60000,110000,127914.15562661104,118897.04729542274
60000,120000,136344.37867164775,128007.56066691042
60000,130000,145022.36391784987,137270.40860568642
60000,140000,153894.51583080052,146650.75652521788
60000,150000,162921.50797152473,156123.42376392224
60000,160000,172073.86561660052,165669.80317045475
60000,170000,181329.08456008646,175275.87750773766
60000,180000,190669.69918910693,184930.90553096004
60000,190000,200081.9560094481,194626.5304821931
60000,200000,209554.88312428226,204356.16180171096
60000,210000,219079.62501978592,214114.53797570523
60000,220000,228648.95850970983,223897.4117301047
60000,230000,238256.9349352743,233701.31961970462
60000,240000,247898.61268373652,243523.41167115307
60000,250000,257569.8535214463,253361.32266043292
60000,260000,267267.1664277234,263213.0743894911
60000,270000,276987.58668061235,273077.0008049298
60000,280000,286728.58020614344,282951.68895108625
60000,290000,296487.9688340661,292835.9335582081
60000,300000,306263.870047082,302728.7005038088
60000,310000,316054.64865028684,312629.0977791915
60000,320000,325858.8775637404,322536.3521008437
60000,330000,335675.3058320872,332449.7899662295
60000,340000,345502.8324434416,342368.8222982968
60000,350000,355340.48451893457,352292.9316726711
60000,360000,365187.3993011211,362221.6618839144
60000,370000,375042.80887983,372154.6090644183
60000,380000,384906.0279006784,382091.41480516
60000,390000,394776.4424592439,392031.7596600408
60000,400000,404653.50118009635,401975.35816043
60000,410000,414536.70736419834,411921.95434318425
60000,420000,424425.61267425836,421871.31834189175
60000,430000,434319.8110456313,431823.24281762046
60000,440000,444218.9341305424,441777.5405810573
60000,450000,454122.64679799613,451734.04199369624
60000,460000,464030.6437025114,461692.5931931617
60000,470000,473942.64575436653,471653.054016105
60000,480000,483858.3976142813,481615.29676645575
60000,490000,493777.66526433703,491579.2049084043
60000,500000,503700.2336186368,501544.67167036276
60000,510000,513625.9046918735,511511.5990896196
60000,520000,523554.496023501,521479.89721510105
60000,530000,533485.8394438791,531449.4835643918
60000,540000,543419.7788825955,541420.2815537096
60000,550000,553356.1702504172,551392.2209255231
60000,560000,563294.8797884233,561365.2365962857
60000,570000,573235.7831253546,571339.2681532899
60000,580000,583178.7649591868,581314.2599349526
60000,590000,593123.7177268256,591290.1600597765
60000,600000,603070.5410354272,601266.9201805221
60000,610000,613019.1413119092,611244.4954248746
60000,620000,622969.4310744175,621222.8439320119
60000,630000,632921.328558502,631201.9267185846
60000,640000,642874.7570714359,641181.707250231
60000,650000,652829.6447890033,651162.1514367592
60000,660000,662785.9242431927,661143.2272993162
60000,670000,672743.5322623894,671124.9050756644
60000,680000,682702.4091608649,681107.1565598678
60000,690000,692662.4988177902,691089.955318633
60000,700000,702623.7485204986,701073.2766595909
60000,710000,712586.1084792804,711057.0972623408
60000,720000,722549.5317171853,721041.3951738654
60000,730000,732513.9737416074,731026.1495778044
60000,740000,742479.3928358154,741011.3411741576
60000,750000,752445.7490803035,750996.9512850009
60000,760000,762413.0051413407,760982.9627180898
60000,770000,772381.1253789222,770969.3589448729
60000,780000,782350.0760119198,780956.124331926
60000,790000,792319.8250858602,790943.2441673785
60000,800000,802290.3421971893,800930.7044413348
60000,810000,812261.5984638946,810918.4918682656
60000,820000,822233.5666066365,820906.5940161034
60000,830000,832206.2203850115,830894.9987864943
60000,840000,842179.5348701375,840883.6947297147
60000,850000,852153.4867505865,850872.6713872664
60000,860000,862128.0531445977,860861.9181421621
60000,870000,872103.2126675749,870851.4253180817
60000,880000,882078.945118187,880841.1838968649
60000,890000,892055.2305311887,890831.1846020124
60000,900000,902032.0504003168,900821.4191462384
60000,910000,912009.3869604315,910811.8795407002
60000,920000,921987.2230064122,920802.5579373941
60000,930000,931965.5422711637,930793.4470290332
60000,940000,941944.3290576723,940784.539702382
60000,950000,951923.5685488947,950775.8293669734
60000,960000,961903.2463665381,960767.3095329434
60000,970000,971883.3485947982,970758.9738520335
60000,980000,981863.8625279943,980750.8168806123
60000,990000,991844.7749394171,990742.8323650779
60000,1000000,1001826.0743637857,1000735.0155365091
70000,10000,204011.21954892416,141432.18084137831
70000,20000,144778.6034388289,101186.79394109482
70000,30000,119575.95725094777,85859.30351832238
70000,40000,108824.12789696673,81296.6351303007
70000,50000,105412.6613183063,82146.74463982128
70000,60000,106145.28643055148,85996.4411725988
70000,70000,109409.73336075545,91640.92632916181
70000,80000,114318.78236951579,98427.04159103522
70000,90000,120349.36810370568,105976.01487698495
70000,100000,127175.47441822378,114055.69962539975
70000,110000,134584.4161017351,122517.1364264103
70000,120000,142432.07153599834,131260.99460128223
70000,130000,150617.60069147023,140218.83962231243
70000,140000,159068.49098849006,149342.18433929692
70000,150000,167731.35534469064,158595.831848125
70000,160000,176566.07190633574,167953.68556830945
70000,170000,185541.9395191557,177396.0322443988
70000,180000,194635.0878947657,186907.732138394
70000,190000,203826.6923904973,196476.98516739413
70000,200000,213101.7171823392,206094.47136381743
70000,210000,222448.01452009747,215752.74131935323
70000,220000,231855.66742839693,225445.77565268017
70000,230000,241316.50336425318,235168.66227898787
70000,240000,250823.72930691444,244917.35656459047
70000,250000,260371.6539137341,254688.50021599844
70000,260000,269955.4740911877,264479.28344822006
70000,270000,279571.1095158471,274287.3391604649
70000,280000,289215.0717480062,284110.6595881124
70000,290000,298884.3616564963,293947.53187619755
70000,300000,308576.38661185856,303796.48616464116
70000,310000,318288.8944611753,313656.2547398831
70000,320000,328019.9194968238,323525.7386706552
70000,330000,337767.73830333,333403.9807259079
70000,340000,347530.8342462931,343290.14403749455
70000,350000,357307.8670055537,353183.4934881783
70000,360000,367097.6478793555,363083.38096466195
70000,370000,376899.11907460523,372989.233046674
70000,380000,386711.33628389373,382900.5407027009
70000,390000,396533.4538295252,392816.8505049648
70000,400000,406364.7121521814,402737.75730332744
70000,410000,416204.42714968167,412662.89802172326
70000,420000,426051.98108891636,422591.9464076433
70000,430000,435906.8148195582,432524.6085699786
70000,440000,445768.4209601814,442460.6190475975
70000,450000,455636.33798003785,452399.73740395275
70000,460000,465510.1454802271,462341.7457001571
70000,470000,475389.45905553264,472286.4452821437
70000,480000,485273.92721921793,482233.65539251786
70000,490000,495163.2277765007,492183.2110303182
70000,500000,505057.0645850563,502134.9610321202
70000,510000,514955.1651477775,512088.7668237243
70000,520000,524857.2783306221,522044.5011749486
70000,530000,534763.1726390786,532002.0473925107
70000,540000,544672.6333594706,541961.2972881558
70000,550000,554585.4622798782,551922.151625324
70000,560000,564501.4752112419,561884.5183026713
70000,570000,574420.501149024,571848.3121015743
70000,580000,584342.3814015678,581813.4543449725
70000,590000,594266.9680101131,591779.87179497
70000,600000,604194.1229646179,601747.4963010348
70000,610000,614123.7173811458,611716.2643639158
70000,620000,624055.6312314675,621686.1172181685
70000,630000,633989.7518742328,631656.9996844686
70000,640000,643925.974082593,641628.8604861632
70000,650000,653864.1988197186,651601.6512904847
70000,660000,663804.3335933798,661575.3273019943
70000,670000,673746.2912303912,671549.8462575171
70000,680000,683689.9898912378,681525.1686417796
70000,690000,693635.3525352288,691501.2573349618
70000,700000,703582.30675047,701478.0776116062
70000,710000,713530.7839469038,711455.5964882922
70000,720000,723480.7196170826,721433.7831243798
70000,730000,733432.0525999101,731412.6082185478
70000,740000,743384.725464119,741392.0445085326
70000,750000,753338.6838013246,751372.0661776281
70000,760000,763293.8760181664,761352.6487476141
70000,770000,773250.2530366112,771333.768873311
70000,780000,783207.768748404,781315.4048836842
70000,790000,793166.3789834505,791297.5358317075
70000,800000,803126.0422874575,801280.142344097
70000,810000,813086.7188459423,811263.2056182643
70000,820000,823048.3711603039,821246.7081590134
70000,830000,833010.9632269054,831230.6330193164
70000,840000,842974.4610031684,841214.9643214572
70000,850000,852938.8321590188,851199.6870589426
70000,860000,862904.0454611381,861184.7865312599
70000,870000,872870.0718297755,871170.2494421281
70000,880000,882836.8830515246,881156.0626565884
70000,890000,892804.4520367498,891142.2134971768
70000,900000,902772.7531433677,901128.6901034485
70000,910000,912741.762045165,911115.4813340749
70000,920000,922711.4555098619,921102.5765772696
70000,930000,932681.8106357097,931089.9650186809
70000,940000,942652.8063149918,941077.6371301473
70000,950000,952624.4221163068,951065.583579771
70000,960000,962596.6381613242,961053.7951334623
70000,970000,972569.4357887638,971042.2633419635
70000,980000,982542.7969091646,981030.9799169656
70000,990000,992516.704005897,991019.9367524476
70000,1000000,1002491.140902451,1001009.1267114868
80000,10000,247420.5092630522,171508.08991516844
80000,20000,177187.93829537393,123379.30668045004
80000,30000,144827.4254937255,102732.00548769115
80000,40000,129115.63242088092,94479.4566380408
80000,50000,122179.36296410623,92742.07827491158
80000,60000,120329.27204399725,94729.85118531165
80000,70000,121643.5156584321,98995.45836182572
80000,80000,125039.77606216892,104732.54323316504
80000,90000,129869.15625570579,111464.10985605046
80000,100000,135722.12888547842,118893.43671542578
80000,110000,142328.97934020348,126827.95138068665
80000,120000,149505.59118814688,135138.0946151505
80000,130000,157122.391254509,143733.97374813384
80000,140000,165085.772666824,152551.53563371347
80000,150000,173326.55904367828,161544.06880804332
80000,160000,181792.60329846948,170676.80800683913
80000,170000,190443.90203000593,179923.40947342286
80000,180000,199249.2873917394,189263.58865720627
80000,190000,208184.1369268165,198681.5013403786
80000,200000,217228.75523156457,208164.61079619013
80000,210000,226367.21040638274,217702.88127143847
80000,220000,235586.4828270632,227288.19333426145
80000,230000,244875.83357272754,236913.9140671234
80000,240000,254226.32981411493,246574.57707258663
80000,250000,263630.4827124872,256265.64023330444
80000,260000,273081.96887978475,265983.301048121
80000,270000,282575.41385949275,275724.354340646
80000,280000,292106.2212492732,285486.0806241143
80000,290000,301670.4377784922,295266.1588209222
80000,300000,311264.6454520512,305062.597025325
80000,310000,320885.87405255786,314873.6765513491
80000,320000,330531.5308168559,324697.90751045395
80000,330000,340199.34229255246,334533.99211479846
80000,340000,349887.30744088296,344380.7955927122
80000,350000,359593.6573970912,354237.32087700453
80000,360000,369316.8238480344,364102.6895040438
80000,370000,379055.4105176766,373976.1237072039
80000,380000,388808.17130631395,383856.9335323947
80000,390000,398573.9899091447,393744.50413368264
80000,400000,408351.8638894904,403638.286399567
80000,410000,418140.8902411082,413537.7881607791
80000,420000,427940.25366956514,423442.5673302022
80000,430000,437749.21611546335,433352.2256397533
80000,440000,447567.1079672429,443266.40351093723
80000,450000,457393.3200332024,453184.77521707333
80000,460000,467227.29748594546,463107.04560676235
80000,470000,477068.5330883302,473032.94578431814
80000,480000,486916.56290025986,482962.23095564614
80000,490000,496770.9617622877,492894.67780615465
80000,500000,506631.3388220109,502830.0817068675
80000,510000,516497.3347653813,512768.2554227627
80000,520000,526368.6178999655,522709.0265194189
80000,530000,536244.8829894539,532652.2373582181
80000,540000,546125.8468508141,542597.741760912
80000,550000,556011.2476998664,552545.4052674447
80000,560000,565900.8428027394,562495.1036442248
80000,570000,575794.4066238297,572446.7217733128
80000,580000,585691.7298338088,582400.1533406127
80000,590000,595592.6170929729,592355.2992328557
80000,600000,605496.886558114,602312.0675900192
80000,610000,615404.3681625577,612270.3725857004
80000,620000,625314.9039353784,622230.1351971029
80000,630000,635228.3448613241,632191.2804757194
80000,640000,645144.5527445527,642153.7397766922
80000,650000,655063.3965970003,652117.4474931128
80000,660000,664984.7545007901,662082.3432249326
80000,670000,674908.5120275246,672048.3704750607
80000,680000,684834.5606422788,682015.4753146252
80000,690000,694762.7992555555,691983.6081706337
80000,700000,704693.1318805547,701952.7216972815
80000,710000,714625.4690528056,711922.7723909721
80000,720000,724559.7251387519,721893.7180880758
80000,730000,734495.8194714643,731865.5192608904
80000,740000,744433.6767786223,741838.1395989287
80000,750000,754373.2249169807,751811.5438911532
80000,760000,764314.3963306737,761785.6996124317
80000,770000,774257.1261899301,771760.57517915
80000,780000,784201.3533695356,781736.1410477052
80000,790000,794147.0205681941,791712.3699284708
80000,800000,804094.0725151662,801689.2350929558
80000,810000,814042.4568560232,811666.7113503971
80000,820000,823992.1242254116,821644.7751972862
80000,830000,833943.0275633516,831623.4042164767
80000,840000,843895.1215041977,841602.5765334667
80000,850000,853848.3640652751,851582.2725702731
80000,860000,863802.7135236437,861562.4719917176
80000,870000,873758.1317511179,871543.1570875582
80000,880000,883714.5820629406,881524.3106799243
80000,890000,893672.0279077583,891505.9148696908
80000,900000,903630.4365792018,901487.9547823684
80000,910000,913589.7754724,911470.4148781714
80000,920000,923550.0140893476,921453.2809945147
80000,930000,933511.1220632258,931436.5384116287
80000,940000,943473.072045082,941420.1747707723
80000,950000,953435.8366019278,951404.1770112744
80000,960000,963399.3902714626,961388.5334513314
80000,970000,973363.7078290831,971373.2320928087
80000,980000,983328.7660487014,981358.2624002997
80000,990000,993294.5414714988,991343.6131053445
80000,1000000,1003261.0130169551,1001329.2748355456
90000,10000,292672.1163553955,202868.63778176665
90000,20000,211726.31369109545,147132.44150080156
90000,30000,172307.47139108443,121267.66842790652
90000,40000,151525.38189166668,109233.8121594946
90000,50000,140880.32779177398,104751.9056704307
90000,60000,136256.19464491398,104715.78928886098
90000,70000,135444.77034766017,107456.00859581705
90000,80000,137174.39393208493,112017.52663682077
90000,90000,140669.81879515923,117824.1601629682
90000,100000,145435.5504635691,124512.08618602401
90000,110000,151142.05719071755,131842.42919134235
90000,120000,157562.6601506205,139652.99902459918
90000,130000,164536.85599318266,147830.43214635912
90000,140000,171948.12044160906,156293.46709149735
90000,150000,179709.99343410882,164982.5509717131
90000,160000,187757.08242661695,173853.1803855048
90000,170000,196039.08429590837,182871.5172510416
90000,180000,204516.71564944505,192011.43171191058
90000,190000,213158.88207542407,201252.4641823554
90000,200000,221940.67049596584,210578.39308443686
90000,210000,230841.89960320017,219976.20980162462
90000,220000,239846.05734311338,229435.3740589116
90000,230000,248939.51028689434,238947.2645080037
90000,240000,258110.90767323392,248504.7681156349
90000,250000,267350.7262749575,258101.96901633966
90000,260000,276650.9198092291,267733.91092226584
90000,270000,286004.6452130679,277396.41292450734
90000,280000,295406.04740018264,287085.92584102455
90000,290000,304850.08847699163,296799.4190620307
90000,300000,314332.410842048,306534.290493356
90000,310000,323849.226660042,316288.29429633083
90000,320000,333397.2284263995,326059.4829541228
90000,330000,342973.5154714417,335846.15985837305
90000,340000,352575.5339474665,345646.8410100609
90000,350000,362201.0262284096,355460.2226327928
90000,360000,371847.9898685381,365285.15541414265
90000,370000,381514.6424285665,375120.62229916925
90000,380000,391199.39245531516,384965.72045761877
90000,390000,400900.8146909623,394819.6458812746
90000,400000,410617.62854189595,404681.6799045195
90000,410000,420348.68095267745,414551.1789866352
90000,420000,430092.93018934096,424427.56446901
90000,430000,439849.43409598287,434310.3159928624
90000,440000,449617.3369817061,444198.96290164214
90000,450000,459395.8607586317,454093.0792954554
90000,460000,469184.29667935707,463992.27918513893
90000,470000,478981.99672061525,473896.21090538613
90000,480000,488788.3683571945,483804.5545190408
90000,490000,498602.8684448506,493717.01803771284
90000,500000,508424.9978396246,503633.3341211469
90000,510000,518254.2974413756,513553.25792697666
90000,520000,528090.3437368951,523476.5643041703
90000,530000,537932.7467821586,533403.0472031535
90000,540000,547781.1446884323,543332.5154795473
90000,550000,557635.2034506102,553264.7938549663
90000,560000,567494.6129508325,563199.7199740941
90000,570000,577359.0851303393,573137.1435020595
90000,580000,587228.3524806873,583076.9254525375
90000,590000,597102.1656952786,593018.9365988203
90000,600000,606980.2927390196,602963.0572233198
90000,610000,616862.5164268179,612909.1753152244
90000,620000,626748.6346956529,622857.1873945803
90000,630000,636638.4577417615,632806.9961706592
90000,640000,646531.8087133936,642758.5116794672
90000,650000,656428.5208004413,652711.6488091813
90000,660000,666328.4380940202,662666.3285324546
90000,670000,676231.4145777174,672622.4772473703
90000,680000,686137.3120986909,682580.0250706453
90000,690000,696046.0007865806,692538.9065558389
90000,700000,705957.3590725544,702499.0609621726
90000,710000,715871.2716973635,712460.4305269425
90000,720000,725787.6303458707,722422.9613161662
90000,730000,735706.3319073583,732386.6016982434
90000,740000,745627.2799689011,742351.3040202925
90000,750000,755550.3826605037,752317.0226402135
90000,760000,765475.553527601,762283.7149532668
90000,770000,775402.7104341178,772251.3404513306
90000,780000,785331.7750339869,782219.8603342373
90000,790000,795262.6742787961,792189.2391377052
90000,800000,805195.3372998796,802159.4417467851
90000,810000,815129.6978853516,812130.4359742781
90000,820000,825065.6929791496,822102.19116764
90000,830000,835003.2621042237,832074.677725469
90000,840000,844942.3482504541,842047.86807637
90000,850000,854882.896777569,852021.7356611708
90000,860000,864824.8554309116,861996.2550318572
90000,870000,874768.175120581,871971.4026940924
90000,880000,884712.8086833896,881947.1559446836
90000,890000,894658.7104373846,891923.4924846066
90000,900000,904605.8382522292,901900.3925463523
90000,910000,914554.1501822217,911877.8355856327
90000,920000,924503.607746282,921855.8036083316
90000,930000,934454.1724056698,931834.2777061113
90000,940000,944405.8088735008,941813.2413942561
90000,950000,954358.4824518928,951792.6780058742
90000,960000,964312.1605172758,961772.5722114278
90000,970000,974266.8112854005,971752.9088191637
90000,980000,984222.4040893911,981733.6730921599
90000,990000,994178.9104312209,991714.8518301776
90000,1000000,1004136.3025123429,1001696.4319290748
100000,10000,339546.3725777188,235357.14261539758
100000,20000,248100.91862457898,172218.53852763513
100000,30000,201766.0801666212,141276.6135369087
100000,40000,175875.18685039473,125433.66452553436
100000,50000,161394.75233743733,118099.47799842955
100000,60000,153845.0368364224,115910.34312910192
100000,70000,150759.18932307893,116999.67587135208
100000,80000,150686.255604118,120272.40433530281
100000,90000,152727.13081807483,125054.99521349196
100000,100000,156299.8614958444,130915.77706378547
100000,110000,161013.5753791105,137567.9974512432
100000,120000,166597.2823549809,144815.13665000204
100000,130000,172857.88939309705,152518.79669112462
100000,140000,179654.48960636364,160579.15551987916
100000,150000,186882.0874564762,168922.68216706472
100000,160000,194460.99133928458,177494.1915325353
100000,170000,202329.7173190725,186251.57182829233
100000,180000,210440.13053487442,195162.20423907737
100000,190000,218754.04974865585,204200.48170263696
100000,200000,227240.8279742351,213346.05538879344
100000,210000,235875.60072603443,222582.57568218288
100000,220000,244637.99685489337,231896.7730462979
100000,230000,253511.17711010968,241277.77813115672
100000,240000,262481.10726925003,250716.61170945643
100000,250000,271536.0026158267,260205.79794574543
100000,260000,280665.8982775121,269739.067507778
100000,270000,289862.31406097306,279311.12776031054
100000,280000,299117.9894792849,288917.4821973908
100000,290000,308426.6745971658,298554.28935361997
100000,300000,317782.96051186114,308218.2486823129
100000,310000,327182.1440975548,317906.5106202831
100000,320000,336620.1169220465,327616.60286282684
100000,330000,346093.27489406307,337346.37099609995
100000,340000,355598.4439011276,347093.92993594165
100000,350000,365132.81749354454,356857.62328543945
100000,360000,374693.9056777526,366635.9903516284
100000,370000,384279.4918750054,376427.7385518313
100000,380000,393887.5966245144,386231.72024185065
100000,390000,403516.44663855364,396046.91299285303
100000,400000,413164.4489509706,405872.40334844403
100000,410000,422830.1687194447,415707.3729080926
100000,420000,432512.30979506724,425551.0860494021
100000,430000,442209.6992117379,435402.8806058348
100000,440000,451921.2724854318,445262.1585695209
100000,450000,461646.06093648967,455128.3781225864
100000,460000,471383.18235295353,465001.0484061738
100000,470000,481131.83034956636,474879.7225061483
100000,480000,490891.26721934805,484763.9934840921
100000,490000,500660.81678447255,494653.49003025016
100000,500000,510439.8577816267,504547.8723434085
100000,510000,520227.8187759429,514446.82924319
100000,520000,530024.1724828485,524350.0744623557
100000,530000,539828.4334199412,534257.3460219934
100000,540000,549640.1512479146,544168.4011653253
100000,550000,559458.9102034776,554083.0171550217
100000,560000,569284.3240357742,564000.9874797214
100000,570000,579116.0343540751,573922.1213238442
100000,580000,588953.7082842215,583846.2422266237
100000,590000,598797.035270234,593773.1858120895
100000,600000,608645.7266111755,603702.8001369983
100000,610000,618499.5120317299,613634.94301577
100000,620000,628358.1400644422,623569.4830723534
100000,630000,638221.3742496975,633506.296566236
100000,640000,648088.9946322704,643445.2694292536
100000,650000,657960.7935906743,653386.2936247173
100000,660000,667836.5773245601,663329.2690778116
100000,670000,677716.1637947533,673274.1020516302
100000,680000,687599.3810796926,683220.7038890095
100000,690000,697486.0681907288,693168.9921789147
100000,700000,707376.0728803636,703118.8888945993
100000,710000,717269.2526594123,713070.3216982055
100000,720000,727165.471837097,723023.2212703413
100000,730000,737064.603105582,732977.523137091
100000,740000,746966.5259340775,742933.1662956247
100000,750000,756871.1261863254,752890.0930529948
100000,760000,766778.2962329545,762848.2493265277
100000,770000,776687.9339879731,772807.5838738616
100000,780000,786599.9418899443,782768.0474372264
100000,790000,796514.2290092285,792729.5950028333
100000,800000,806430.7076665399,802692.1825769221
100000,810000,816349.2951388591,812655.7690135629
100000,820000,826269.9128359462,822620.3153233136
100000,830000,836192.4858839598,832585.7843720905
100000,840000,846116.9432322473,842552.1410957003
100000,850000,856043.2167691528,852519.351713929
100000,860000,865971.2419736648,862487.3844830832
100000,870000,875900.9573085349,872456.2091655268
100000,880000,885832.3045546196,882425.7974536824
100000,890000,895765.2267581683,892396.1209957376
100000,900000,905699.6712571497,902367.1544839778
100000,910000,915635.5861882684,912338.872237448
100000,920000,925572.9237596976,922311.2515305161
100000,930000,935511.6358512411,932284.2682604652
100000,940000,945451.6787372793,942257.9017117171
100000,950000,955393.0095758646,952232.1311093158
100000,960000,965335.587030696,962206.9362819785
100000,970000,975279.3720553463,972182.2984959413
100000,980000,985224.3272382969,982158.1998386134
100000,990000,995170.4159707882,992134.6224292616
100000,1000000,1005117.6037993148,1002111.5498088241
110000,10000,387873.97294643085,268854.3654742524
110000,20000,286081.9481221557,198459.90508543962
110000,30000,232986.40080188488,162591.9364724729
110000,40000,201998.76880949654,142957.29654272416
110000,50000,183603.56705607654,132704.29181324164
110000,60000,173012.22498233305,128263.02211716221
110000,70000,167528.34203867643,127596.43037827477
110000,80000,165534.50122017006,129480.81594705359
110000,90000,166012.54535216023,133149.33879158166
110000,100000,168295.21791818645,138103.2605963187
110000,110000,171929.90426022472,144007.3940226994
110000,120000,176600.31035900099,150629.86046571936
110000,130000,182079.60574260275,157806.10626031272
110000,140000,188201.3855699642,165416.6914618303
110000,150000,194841.10954992694,173373.1694732189
110000,160000,201903.90309293848,181608.86535127062
110000,170000,209316.34073957906,190072.70731954102
110000,180000,217020.78728028436,198725.0091129952
110000,190000,224971.4219817008,207534.52873345284
110000,200000,233131.39475482705,216476.3804336391
110000,210000,241470.75796775066,225530.52760746056
110000,220000,249964.94028354922,234680.67905898744
110000,230000,258593.60448305812,243913.46908984098
110000,240000,267339.7825565722,253217.84129721945
110000,250000,276189.211955751,262584.57891005307
110000,260000,285129.82257109764,272005.9446779249
110000,270000,294151.33463784936,281475.400388532
110000,280000,303244.9412237405,290987.386912619
110000,290000,312403.05655951804,300537.1513563362
110000,300000,321619.11245748017,310120.6077018513
110000,310000,330887.3946127861,319734.2257627666
110000,320000,340202.9098812569,329374.94185793767
110000,330000,349561.2757672891,339040.08440140163
110000,340000,358958.6319507427,348727.31547318905
110000,350000,368391.56388980895,358434.5797329626
110000,360000,377857.0414084135,368160.06428082526
110000,370000,387352.3664030114,377902.16441917623
110000,380000,396875.1287866251,387659.45495667006
110000,390000,406423.16948126256,397430.666340128
110000,400000,415994.54818152724,407214.6636958872
110000,410000,425587.5173179298,417010.430483531
110000,420000,435200.49755649077,426817.05241654644
110000,430000,444832.0603043002,436633.7072105943
110000,440000,454480.90796012105,446459.6512129514
110000,450000,464145.8604598207,456294.2114732572
110000,460000,473825.84237921017,466136.7776724341
110000,470000,483519.8710538171,475986.79453567375
110000,480000,493227.0475304076,485843.7565027397
110000,490000,502946.54737630347,495707.2018671583
110000,500000,512677.6135560062,505576.7085778347
110000,510000,522419.5489853257,515451.8894043379
110000,520000,532171.71150836,525332.389212187
110000,530000,541933.5088317299,535217.8819689893
110000,540000,551704.3923338874,545108.0664064183
110000,550000,561483.8546314904,555002.6652225864
110000,560000,571271.4255148392,564901.4225003892
110000,570000,581066.6677254481,574804.1008287703
110000,580000,590869.1752032016,584710.480730625
110000,590000,600678.5700435173,594620.35871139
110000,600000,610494.4996232389,604533.545360482
110000,610000,620316.6347595782,614449.8643991915
110000,620000,630144.6689107581,624369.1526671976
110000,630000,639978.3138071317,634291.2565074667
110000,640000,649817.3012205649,644216.0341680206
110000,650000,659661.3782134247,654143.3516822287
110000,660000,669510.3083319347,664073.0845966258
110000,670000,679363.8696515434,674005.1165149227
110000,680000,689221.8530818287,683939.3378814125
110000,690000,699084.0619285642,693875.6459461441
110000,700000,708950.3108021794,703813.9440698118
110000,710000,718820.4260035043,713754.142453705
110000,720000,728694.2421735945,723696.1551308723
110000,730000,738571.603913109,733639.9018721497
110000,740000,748452.3648863296,743585.3075693416
110000,750000,758336.3853654597,753532.3000417452
110000,760000,768223.534724881,763480.8127540845
110000,770000,778113.6880779066,773430.7816799346
110000,780000,788006.7271810973,783382.1464077221
110000,790000,797902.5403985943,793334.850281187
110000,800000,807801.0213832,803288.8392660519
110000,810000,817702.0694147501,813244.0624402551
110000,820000,827605.5886172005,823200.4713627984
110000,830000,837511.4874775455,833158.0197339831
110000,840000,847419.6794667261,843116.6641395019
110000,850000,857330.0825970008,853076.3637291229
110000,860000,867242.6169953714,863037.0779109295
110000,870000,877157.2083530774,872998.7698902668
110000,880000,887073.7853898031,882961.4042409023
110000,890000,896992.278969897,892924.9461149428
110000,900000,906912.6249082034,902889.3641209131
110000,910000,916834.7601922657,912854.626643346
110000,920000,926758.62619047,922820.705104588
110000,930000,936684.1648322275,932787.570240053
110000,940000,946611.3224357285,942755.1959656081
110000,950000,956540.0469517027,952723.5566999491
110000,960000,966470.2882840408,962692.6277391437
110000,970000,976401.9982397587,972662.3852579003
110000,980000,986335.1315992959,982632.8074300768
110000,990000,996269.6440227118,992603.8723904338
110000,1000000,1006205.4940305038,1002575.5602506556
120000,10000,437519.4231057904,303265.599539536
120000,20000,325487.93366418884,225717.5178097868
120000,30000,265782.33190861717,185069.27109858883
120000,40000,229743.5915388624,161690.44526286994
120000,50000,207391.96465903183,148485.40896410588
120000,60000,193673.87206639993,141719.4992226684
120000,70000,185691.46583327724,139211.23057420496
120000,80000,181675.17550037024,139621.2337497371
120000,90000,180494.25669491975,142095.02741197924
120000,100000,181398.62955672987,146068.84202886582
120000,110000,183874.49714732144,151159.3874558775
120000,120000,187559.94691368143,157099.01088567585
120000,130000,192193.7372956397,163696.30218027782
120000,140000,197583.1837186109,170811.43578074317
120000,150000,203583.42677028128,178340.3113715008
120000,160000,210083.69352409444,186204.09582252154
120000,170000,216997.9779308769,194342.16954221323
120000,180000,224258.58359006015,202707.26959646682
120000,190000,231811.5633797033,211262.08200299955
120000,200000,239613.44284748522,219976.80985826429
120000,210000,247628.8280452599,228827.41000968503
120000,220000,255828.63385317815,237794.29614590664
120000,230000,264188.75426145055,246861.3720663248
120000,240000,272689.0525707436,256015.30270225968
120000,250000,281312.58525144175,265244.9575218988
120000,260000,290044.9996236152,274540.9815597885
120000,270000,298874.06184062944,283895.4614910027
120000,280000,307789.283292466,293301.6630017518
120000,290000,316781.623332781,302753.82329484524
120000,300000,325843.249861631,312246.9849652473
120000,310000,334967.34540749877,321776.86219963274
120000,320000,344147.9497531893,331339.73308266886
120000,330000,353379.82994335965,340932.3509107601
120000,340000,362658.37404450885,350551.8724397961
120000,350000,371979.5018782059,360195.7976294064
120000,360000,381339.5912411214,369861.9203266537
120000,370000,390735.4160174626,379548.2871379561
120000,380000,400164.0939025533,389253.16283243324
120000,390000,409623.0419130498,398975.00099289016
120000,400000,419109.9385588366,408712.4191826997
120000,410000,428622.69229934725,418464.17859646626
120000,420000,438159.41354612587,428229.1657618479
120000,430000,447718.3912595668,438006.37754763686
120000,440000,457298.0724979431,447794.9080481844
120000,450000,466897.0440577062,457593.93663577264
120000,460000,476514.0182777125,467402.71935519675
120000,470000,486147.8181158854,477220.5789651724
120000,480000,495797.3669747485,487046.8990816731
120000,490000,505461.67751607543,496881.11684335815
120000,500000,515139.8426575796,506722.7173209841
120000,510000,524831.0274876499,516571.2284455325
120000,520000,534534.4627089496,526426.2171298726
120000,530000,544249.438751522,536287.2857868582
120000,540000,553975.298188893,546154.0669069923
120000,550000,563711.4333118919,556026.2225211642
120000,560000,573457.2804135768,565903.4402258855
120000,570000,583212.3158447407,575785.4307857099
120000,580000,592976.053122066,585671.9266344418
120000,590000,602748.0391083644,595562.6793183698
120000,600000,612527.8515754665,605457.4581918587
120000,610000,622315.0961158028,615356.0483696611
120000,620000,632109.4050138112,625258.2505190744
120000,630000,641910.4333140118,635163.877799851
120000,640000,651717.8592153239,645072.7569992497
120000,650000,661531.380008206,654984.7252077825
120000,660000,671350.712158269,664899.6305215333
120000,670000,681175.5899144447,674817.3312408278
120000,680000,691005.7624849444,684737.6935990807
120000,690000,700840.994265964,694660.5924651994
120000,700000,710681.0633827461,704585.9103419371
120000,710000,720525.7612285261,714513.5373202434
120000,720000,730374.8902082411,724443.3692065555
120000,730000,740228.2639897108,734375.3081240116
120000,740000,750085.7067863017,744309.2621133083
120000,750000,759947.0519821489,754245.1440598561
120000,760000,769812.1422240008,764182.8720626286
120000,770000,779680.8285956339,774122.3688597529
120000,780000,789552.9690033508,784063.5604562847
120000,790000,799428.4302566989,794006.378411454
120000,800000,809307.0842725054,803950.7562604221
120000,810000,819188.8106561911,813896.6322696585
120000,820000,829073.4945798304,823843.9474970022
120000,830000,838961.0267934973,833792.6459659743
120000,840000,848851.3030075658,843742.6741953566
120000,850000,858744.225145375,853693.9825928548
120000,860000,868639.6980735365,863646.5223232121
120000,870000,878537.6321970338,873600.2480165957
120000,880000,888437.9423589024,883555.1167838462
120000,890000,898340.5459958403,893511.0864920367
120000,900000,908245.3657506355,903468.1184529061
120000,910000,918152.3268726456,913426.17494108
120000,920000,928061.3580414352,923385.2200875552
120000,930000,937972.3910214258,933345.2196290911
120000,940000,947885.3605158235,943306.1408291513
120000,950000,957800.2043313043,953267.9527206897
120000,960000,967716.8629241798,963230.6257145315
120000,970000,977635.278234202,973194.1305079052
120000,980000,987555.3966155894,983158.4410602225
120000,990000,997477.1643004725,993123.530129259
120000,1000000,1007400.5318347254,1003089.3737411889
130000,10000,488371.21601551014,338513.22849607747
130000,20000,366174.0568499724,253881.70703688308
130000,30000,299995.1504752436,208585.09215564054
130000,40000,258971.42166626386,181527.9230202043
130000,50000,232651.00599823828,165363.7316959315
130000,60000,215747.41725935097,156223.68336886688
130000,70000,205186.86503446108,151805.71133344574
130000,80000,199062.3552624807,150668.28919536038
130000,90000,196138.09205092807,151876.04282158075
130000,100000,195584.6628806973,154803.18561616156
130000,110000,196828.4460779922,159019.4086362984
130000,120000,199462.18725008657,164221.41552510744
130000,130000,203189.98963798798,170190.62780849883
130000,140000,207792.41645938245,176766.34138007497
130000,150000,213103.73932107337,183828.25971211906
130000,160000,218996.73444511206,191284.8622329205
130000,170000,225372.2957798333,199065.493741346
130000,180000,232152.19339968057,207114.87781202915
130000,190000,239273.93299605543,215389.2442398109
130000,200000,246687.04444076074,223853.54965064902
130000,210000,254350.3617346768,232479.4531324531
130000,220000,262230.0011133487,241243.8209007393
130000,230000,270297.83920518094,250127.60798306187
130000,240000,278530.35364872584,259115.0116500467
130000,250000,286907.7294222082,268192.8229171997
130000,260000,295413.1648649202,277349.9263535194
130000,270000,304032.3260178673,286576.90915609145
130000,280000,312752.9135845052,295865.7526491457
130000,290000,321564.3190501349,305209.5892849334
130000,300000,330457.3457332074,314602.5061809929
130000,310000,339423.98404434125,324039.3881338039
130000,320000,348457.22766679793,333515.78986139514
130000,330000,357550.9223976592,343027.8314976909
130000,340000,366699.6422917441,352572.1137418434
130000,350000,375898.5848539423,362145.64590249985
130000,360000,385143.4854554294,371745.7880343791
130000,370000,394430.5443917487,381370.2015395299
130000,380000,403756.36603355926,391016.80839870934
130000,390000,413117.9064606871,400683.75600638834
130000,400000,422512.4296783403,410369.38816290494
130000,410000,431937.46979765897,420072.21999658615
130000,420000,441390.7984533076,429790.9164406134
130000,430000,450870.39811088477,439524.27509799803
130000,440000,460374.43662803003,449271.20920331153
130000,450000,469901.24706145085,459030.73471718235
130000,460000,479449.3100748971,468801.9591421636
130000,470000,489017.2368431314,478584.0700839151
130000,480000,498603.7566726336,488376.32780861104
130000,490000,508207.70446268364,498178.0571231711
130000,500000,517828.0093099317,507988.63986184675
130000,510000,527463.6859433666,517807.50979503396
130000,520000,537113.8259341397,527634.1468965837
130000,530000,546777.591499491,537468.0738985311
130000,540000,556454.2067458533,547308.8500220836
130000,550000,566142.9540643427,557156.0695326336
130000,560000,575843.167849649,567009.3574624419
130000,570000,585554.2296682257,576868.3665524921
130000,580000,595275.5649849164,586732.7755733449
130000,590000,605006.6389253165,596602.2865411193
130000,600000,614746.952599107,606476.6223559357
130000,610000,624496.0404463225,616355.5253215947
130000,620000,634253.468136903,626238.7561175724
130000,630000,644018.8282846268,636126.0905146365
130000,640000,653791.7410800467,646017.3208600042
130000,650000,663571.8486962661,655912.2513366431
130000,660000,673358.816274449,665810.6996534362
130000,670000,683152.3300754015,675712.4958806356
130000,680000,692952.0939099268,685617.4795139804
130000,690000,702757.8293802477,695525.5002738436
130000,700000,712569.2748760032,705436.417614239
130000,710000,722386.1836728604,715350.0993048043
130000,720000,732208.3224296736,725266.4203792223
130000,730000,742035.4710790011,735185.2634131105
130000,740000,751867.4221671507,745106.5182445835
130000,750000,761703.9788194448,755030.0802832538
130000,760000,771544.9552408246,764955.8513302732
130000,770000,781390.175555143,774883.7387074215
130000,780000,791239.472025497,784813.6537616074
130000,790000,801092.6868878823,794745.5139284305
130000,800000,810949.6695971144,804679.2402373509
130000,810000,820810.277839882,814614.7585219744
130000,820000,830674.375850479,824551.9979505896
130000,830000,840541.8343844328,834490.8911808551
130000,840000,850412.5310334055,844431.3748515289
130000,850000,860286.3490044236,854373.3885223825
130000,860000,870163.1764089917,864316.8741226977
130000,870000,880042.9082419389,874261.7780572603
130000,880000,889925.4427174445,884208.0476886563
130000,890000,899810.6830596597,894155.6332465014
130000,900000,909698.5375668653,904104.488003293
130000,910000,919588.9179000905,914054.5666759703
130000,920000,929481.7407802568,924005.8272212736
130000,930000,939376.9245207896,933958.2274730046
130000,940000,949274.3926478067,943911.7288337951
130000,950000,959174.0716466574,953866.2941185237
130000,960000,969075.8909333693,963821.8876010677
130000,970000,978979.7829614232,973778.4751951374
130000,980000,988885.6828597836,983736.0241583135
130000,990000,998793.5284217362,993694.5031517148
130000,1000000,1008703.2601969218,1003653.8823895672
140000,10000,540335.6546489128,374532.173826232
140000,20000,408023.18482998625,282864.88446041883
140000,30000,335489.87951498653,233034.37605096406
140000,40000,289558.07967279153,202374.23339752373
140000,50000,259278.55257674636,183263.50111765406
140000,60000,239152.79274950927,171719.26207847506
140000,70000,225952.99194620518,165339.52055573626
140000,80000,217649.06229652488,162593.8642770153
140000,90000,212908.25613315386,162473.3844726191
140000,100000,210826.0413052101,164294.00860359744
140000,110000,210770.96499224388,167580.10401239185
140000,120000,212291.20947059614,171993.3328886926
140000,130000,215056.3582244966,177287.98638394178
140000,140000,218820.0323225565,183282.24469645755
140000,150000,223395.29355737113,189839.25856603202
140000,160000,228638.0702818504,196854.4265968115
140000,170000,234435.75231636374,204246.66911881554
140000,180000,240699.19116664902,211952.33291084
140000,190000,247356.98985136597,219920.8611631844
140000,200000,254351.36115252392,228111.6690343349
140000,210000,261635.07976281157,236491.8570609685
140000,220000,269169.208293502,245034.51473829112
140000,230000,276921.38028423593,253717.44714931742
140000,240000,284864.4881715633,262522.207583884
140000,250000,292975.6700275231,271433.35481730127
140000,260000,301235.51974727586,280437.87764782074
140000,270000,309627.46581506205,289524.7450109456
140000,280000,318137.2771741824,298684.55001879414
140000,290000,326752.6693813533,307909.2282113883
140000,300000,335462.9855805273,317191.8302770478
140000,310000,344258.93879720115,326526.33984739427
140000,320000,353132.4009372681,335907.52499720483
140000,330000,362076.22838002944,345330.81598165917
140000,340000,371084.1201935047,354792.20700403524
140000,350000,380150.4972457075,364288.1721180998
140000,360000,389270.4029651745,373815.5970420899
140000,370000,398439.4199844237,383371.72218342545
140000,380000,407653.59913325397,392954.09417799
140000,390000,416909.3995882884,402560.52534683986
140000,400000,426203.6374285536,412189.05887269997
140000,410000,435533.4428650257,421837.9403516747
140000,420000,444896.2217635479,431505.59176857496
140000,430000,454289.62471089687,441190.5913409207
140000,440000,463711.51825700095,450891.65419849666
140000,450000,473159.96057937975,460607.61630885967
140000,460000,482633.18188266014,470337.4220678493
140000,470000,492129.5637776896,480080.11010400864
140000,480000,501647.6257364878,489834.80528816726
140000,490000,511186.00980922236,499600.70844268065
140000,500000,520743.46787415864,509377.0880128231
140000,510000,530318.8513253207,519163.2736388097
140000,520000,539911.1013890898,528958.649980179
140000,530000,549519.2413088676,538762.651976738
140000,540000,559142.3662478395,548574.7576080442
140000,550000,568779.6396609053,558394.4866738796
140000,560000,578430.2851463158,568221.3949603529
140000,570000,588093.5817674579,578055.0715310521
140000,580000,597768.8595372164,587895.1360570819
140000,590000,607455.4944027108,597741.2354278238
140000,600000,617152.9048406358,607593.0418548757
140000,610000,626860.5474100845,617450.2497508355
140000,620000,636577.9159334184,627312.5761318796
140000,630000,646304.5350934069,637179.7553470727
140000,640000,656039.9617608646,647051.5413856797
140000,650000,665783.7786008926,656927.702449902
140000,660000,675535.5954190523,666808.0230953443
140000,670000,685295.0454220921,676692.3012865495
140000,680000,695061.7835163862,686580.3474026853
140000,690000,704835.4853039944,696471.9838691925
140000,700000,714615.8453027266,706367.0439730764
140000,710000,724402.5755022477,716265.3709671516
140000,720000,734195.4039590991,726166.817164855
140000,730000,743994.0738563547,736071.2434605126
140000,740000,753798.3428979185,745978.5191470103
140000,750000,763607.9821827039,755888.5211814365
140000,760000,773422.7745821513,765801.1329334712
140000,770000,783242.5144260905,775716.2441981166
140000,780000,793067.0068680831,785633.7508850098
140000,790000,802896.067514832,795553.5549131073
140000,800000,812729.5208332792,805475.5629051265
140000,810000,822567.2004791888,815399.6867568463
140000,820000,832408.9483180468,825325.842887576
140000,830000,842254.6137771717,835253.9518054369
140000,840000,852104.0536918261,845183.9381651692
140000,850000,861957.1322576804,855115.7308810175
140000,860000,871813.7188561208,865049.2611585642
140000,870000,881673.6905994274,874984.4651731276
140000,880000,891536.9293119601,884921.281215339
140000,890000,901403.3218475203,894859.6501544061
140000,900000,911272.7611800116,904799.5166485887
140000,910000,921145.1445112645,914740.8273826224
140000,920000,931020.3743204434,924683.5322348013
140000,930000,940898.3555914202,934627.5816189445
140000,940000,950778.9992487938,944572.9300025231
140000,950000,960662.2194703333,954519.5333336007
140000,960000,970547.9338998857,964467.3493372648
140000,970000,980436.0635538518,974416.3375074117
140000,980000,990326.5331880538,984366.4595499408
140000,990000,1000219.2700247493,994317.6781897757
140000,1000000,1010114.2051347579,1004269.9586175487
150000,10000,593332.7413372345,411266.93180067226
150000,20000,450939.14743974974,312596.0461500219
150000,30000,372151.7784549511,258328.09574691887
150000,40000,321392.7008881622,224143.5397214073
150000,50000,287179.71172384225,202113.22212340304
150000,60000,263813.22337258054,188150.82753204132
150000,70000,247929.26846947504,179771.36705266256
150000,80000,237387.99555404298,175367.98412522845
150000,90000,230767.94978433126,173865.8042551522
150000,100000,227094.15630653175,174526.67817260724
150000,110000,225679.80856523788,176831.81913902017
150000,120000,226029.71747148765,180408.8449190214
150000,130000,227779.41021538008,184985.2614694766
150000,140000,230655.62837255033,190358.1286163251
150000,150000,234450.0750795784,196373.86164628094
150000,160000,239001.5787535513,202914.51408592495
150000,170000,244183.73177052714,209888.29001806641
150000,180000,249896.1656561179,217222.86816986607
150000,190000,256058.2893836998,224860.62903186277
150000,200000,262604.7268759267,232755.19259975565
150000,210000,269481.9444584516,240868.87118557378
150000,220000,276645.7259814489,249170.77217928256
150000,230000,284059.2594692748,257635.36779603316
150000,240000,291691.6717263079,266241.40569588
150000,250000,299516.8923500654,274971.06882608036
150000,260000,307512.76747752517,283809.32383014244
150000,270000,315660.3601407825,292743.40940448275
150000,280000,323943.39359530207,301762.4313722783
150000,290000,332347.80587798025,310857.04058276967
150000,300000,340861.3895358342,320019.1737324915
150000,310000,349473.49897415197,329241.8439579173
150000,320000,358174.811262242,338518.97070289997
150000,330000,366957.12889181456,347845.2400697046
150000,340000,375813.2171806132,357215.9904934112
150000,350000,384736.66705525527,366627.11626746366
150000,360000,393721.7830727175,376074.9899636113
150000,370000,402763.48666627915,385556.39501612156
150000,380000,411857.2367158845,395068.47128744866
150000,390000,420998.9596888279,404608.6667327132
150000,400000,430184.9917608678,414174.6979803801
150000,410000,439412.03014967946,423764.51760102814
150000,420000,448677.0879032302,433376.2828256427
150000,430000,457977.45989189,443008.3334854662
150000,440000,467310.6885299698,452659.1683404491
150000,450000,476674.53707783396,462327.427540518
150000,460000,486066.9662016469,472011.8772622354
150000,470000,495486.1111089893,481711.39399920293
150000,480000,504930.2652094827,491424.9544562532
150000,490000,514397.86327358533,501151.6242843659
150000,500000,523887.4663523998,510890.5479499863
150000,510000,533397.7501072846,520640.9414192733
150000,520000,542927.4938647567,530402.0851416936
150000,530000,552475.570843508,540173.3177359367
150000,540000,562040.9378133278,549954.028833498
150000,550000,571622.6294589196,559743.6561736246
150000,560000,581219.7507774021,569541.680556652
150000,570000,590831.4697600548,579347.6207917985
150000,580000,600457.0134303798,589161.031759941
150000,590000,610095.6619731791,598981.5004055877
150000,600000,619746.7441608795,608808.6428266286
150000,610000,629409.6334783465,618642.1019232479
150000,620000,639083.7454458142,628481.5460709182
150000,630000,648768.5317337813,638326.6645299772
150000,640000,658463.480699015,648177.169063691
150000,650000,668168.1112158016,658032.7888608471
150000,660000,677881.972627072,667893.2714050327
150000,670000,687604.6417919575,677758.3803917748
150000,680000,697335.720694062,687627.8941405842
150000,690000,707074.8342083747,697501.60409048
150000,700000,716821.6304254299,707379.3157729629
150000,710000,726575.7764103083,717260.845209773
150000,720000,736336.9590291332,727146.0202897016
150000,730000,746104.8812605191,737034.6776178741
150000,740000,755879.2639016564,746926.6646679157
150000,750000,765659.8420786439,756821.8367772034
150000,760000,775446.3657659844,766720.0580392269
150000,770000,785238.5975160705,776621.1994408293
150000,780000,795036.312323944,786525.1390689857
150000,790000,804839.2973968217,796431.7621845475
150000,800000,814647.3499771871,806340.9593880563
150000,810000,824460.2780266695,816252.6275441361
150000,820000,834277.8995076478,826166.6693474776
150000,830000,844100.0403385228,836082.9915125398
150000,840000,853926.5351016949,846001.5057172307
150000,850000,863757.2275099215,855922.1292545712
150000,860000,873591.966252366,865844.7811109162
150000,870000,883430.6099116986,875769.3870312881
150000,880000,893273.0218034089,885695.8745514343
150000,890000,903119.0714986543,895624.174679447
150000,900000,912968.635545798,905554.2227529382
150000,910000,922821.595298835,915485.9564252853
150000,920000,932677.8381414581,925419.317000742
150000,930000,942537.2542737073,935354.2463760274
150000,940000,952399.7411010875,945290.6915068848
150000,950000,962265.1995418571,955228.600847327
150000,960000,972133.5345187361,965167.9249399595
150000,970000,982004.654925633,975108.6164770626
150000,980000,991878.4738466777,985050.6306010042
150000,990000,1001754.9072444254,994993.9236991568
150000,1000000,1011633.8756351213,1004938.4551287184
160000,10000,647293.3017448548,448669.5329660361
160000,20000,494841.7530075057,343016.69181593804
160000,30000,409883.14746459975,284390.81021793315
160000,40000,354376.7257211358,246759.235655257
160000,50000,316266.93760573474,221846.17149390533
160000,60000,289655.74140267476,205464.67554712077
160000,70000,271056.69652278774,195059.8316760415
160000,80000,258232.1119523722,188959.5419790896
160000,90000,249679.87978193507,186030.4219476963
160000,100000,244359.4997599694,185484.7226681668
160000,110000,241531.63364371285,186763.01999740396
160000,120000,240659.2414904391,189460.20374888135
160000,130000,241344.53443490562,193277.60306069852
160000,140000,243287.65857961346,197991.35950128516
160000,150000,246258.98274303737,203431.12936860687
160000,160000,250080.11781771746,209465.47857608966
160000,170000,254610.66863340087,215991.69523185762
160000,180000,259738.82508218076,222928.56876886685
160000,190000,265374.5733815471,230211.19510686246
160000,200000,271444.7246733428,237787.18603615926
160000,210000,277889.2258080799,245613.8677671254
160000,220000,284658.3862472962,253656.18441877264
160000,230000,291710.7700649404,261885.11183624447
160000,240000,299011.5759564294,270276.4445358908
160000,250000,306531.3792079836,278809.8583591851
160000,260000,314245.14653300727,287468.1801977059
160000,270000,322131.45750093524,296236.81388374924
160000,280000,330171.8835520193,305103.2845010774
160000,290000,338350.49003185064,314056.87499763095
160000,300000,346653.4335335823,323088.33387716074
160000,310000,355068.6329576939,332189.6373865161
160000,320000,363585.5019837449,341353.7975230805
160000,330000,372194.7262814057,350574.702454852
160000,340000,380888.0815502292,359846.9874408795
160000,350000,389658.2783788814,369165.9245258274
160000,360000,398498.83633926156,378527.33437024994
160000,370000,407403.9741965859,387927.50882590824
160000,380000,416368.52075116104,397363.149243769
160000,390000,425387.83571564755,406831.31110212265
160000,400000,434457.74456347193,416329.3591992003
160000,410000,443574.4819884247,425854.92875377863
160000,420000,452734.64313257986,435405.89194154745
160000,430000,461935.14251099736,444980.33010794444
160000,440000,471173.17727472953,454576.50868764013
160000,450000,480446.19513627735,464192.8553475791
160000,460000,489751.8692193731,473827.9436997701
160000,470000,499088.07105047296,483480.4742919419
160000,480000,508452.852547261,493149.2634595608
160000,490000,517844.42660797987,502833.230118478
160000,500000,527261.1501428,512531.38429500733
160000,510000,536701.510984185,522242.8188541873
160000,520000,546164.1148183417,531966.700808858
160000,530000,555647.6740709883,541702.2640672189
160000,540000,565150.9977607764,551448.8027714316
160000,550000,574672.9830512756,561205.6659344812
160000,560000,584212.60615878,570972.2512034881
160000,570000,593768.9171678273,580748.0021474345
160000,580000,603341.0330266266,590532.4035368352
160000,590000,612928.1307043886,600324.9765730985
160000,600000,622529.442850103,610125.2764243714
160000,610000,632144.253663328,619932.889740539
160000,620000,641771.8945533991,629747.4318805054
160000,630000,651411.73974588,639568.5438881434
160000,640000,661063.2034049395,649395.890916026
160000,650000,670725.7357530035,659229.1594871406
160000,660000,680398.8217930874,669068.0572688933
160000,670000,690081.9774601879,678912.3102012905
160000,680000,699774.7475361209,688761.6612929723
160000,690000,709476.7040141426,698615.8698258055
160000,700000,719187.443148034,708474.7091059017
160000,710000,728906.5858593213,718337.9675860255
160000,720000,738633.772845695,728205.4446199329
160000,730000,748368.6646864879,738076.9511149433
160000,740000,758110.9422580678,747952.3105029679
160000,750000,767860.3030368836,757831.3555361244
160000,760000,777616.4604169589,767713.9280721389
160000,770000,787379.1434886364,777599.8792613079
160000,780000,797148.0945528407,787489.0674776369
160000,790000,806923.0699074321,797381.3594423282
160000,800000,816703.8391376777,807276.6298564958
160000,810000,826490.1817309567,817174.7583571036
160000,820000,836281.8890043792,827075.6317125026
160000,830000,846078.7628167492,836979.1427927734
160000,840000,855880.6130343064,846885.188341625
160000,850000,865687.2614574814,856793.6730683757
160000,860000,875498.5354881317,866704.5035957935
160000,870000,885314.2724186683,876617.5929177029
160000,880000,895134.3171309301,886532.858306105
160000,890000,904958.5191479302,896450.2185454374
160000,900000,914786.7382960282,906369.5997454857
160000,910000,924618.8389220173,916290.929722003
160000,920000,934454.6912103377,926214.1394810711
160000,930000,944294.1707421048,936139.162896559
160000,940000,954137.159684282,946065.9380276443
160000,950000,963983.5449126904,955994.4053605944
160000,960000,973833.2173307628,965924.507272765
160000,970000,983686.0732785953,975856.1895051894
160000,980000,993542.0130591639,985789.3998258498
160000,990000,1003400.940851255,995724.0880161884
160000,1000000,1013262.7655807295,1005660.2068457195
170000,10000,702156.8921837166,486698.072412782
170000,20000,539663.1177939438,374077.8291811567
170000,30000,448600.523794816,311158.4781683548
170000,40000,388422.7668540323,270153.28976338997
170000,50000,346459.89403606334,242400.60698158474
170000,60000,316611.4846528858,223609.35107962822
170000,70000,295278.2993345449,211163.98648626928
170000,80000,280135.08114846045,203336.8836292122
170000,90000,269606.67609053524,198943.23856320183
170000,100000,262592.02863013523,197150.26861983206
170000,110000,258302.3108149677,197360.65986147613
170000,120000,256160.4014461943,199138.1379655673
170000,130000,255736.16287377983,202158.68291092195
170000,140000,256703.62025816189,206177.90059618794
170000,150000,258811.9863629795,211008.80825341397
170000,160000,261865.65872798435,216506.45345510534
170000,170000,265710.1604717621,222557.0954437694
170000,180000,270222.0940786271,229070.48085336605
170000,190000,275301.8527883851,235974.25057656132
170000,200000,280868.25821334205,243209.8361061898
170000,210000,286854.56316692044,250729.41087970644
170000,220000,293205.43663348036,258493.5994568679
170000,230000,299874.6629926364,266469.7365170482
170000,240000,306823.3700846159,274630.53209751536
170000,250000,314018.6474420925,282953.0350789884
170000,260000,321432.4627062398,291417.82443443517
170000,270000,329040.8043102976,300008.3725140974
170000,280000,336822.99354095076,308710.53607287636
170000,290000,344761.13500452193,317512.15223702375
170000,300000,352839.66884147795,326402.7105539192
170000,310000,361045.00643022027,335373.0874423758
170000,320000,369365.23305022356,344415.33102467895
170000,330000,377789.8581765822,353522.4802518681
170000,340000,386309.6142047014,362688.42111132614
170000,350000,394916.28326895944,371907.7623088634
170000,360000,403602.55541976437,381175.7347156045
170000,370000,412361.9074906159,390488.10553033114
170000,380000,421188.5008825776,399841.1060730078
170000,390000,430077.09579248494,409231.3720147379
170000,400000,439022.9764424617,418655.8908467268
170000,410000,448021.88771679555,428111.957882036
170000,420000,457069.98122607276,437597.1390581789
170000,430000,466163.7680242828,447109.2382835642
170000,440000,475300.0780843746,456646.26968855935
170000,450000,484476.02480361745,466206.43329227867
170000,460000,493688.97442142916,475788.0942836792
170000,470000,502936.51958087116,485389.7652273706
170000,480000,512216.45471997163,495010.0891438737
170000,490000,521526.7565463145,504647.8267219258
170000,500000,530865.5653296008,514301.8437213433
170000,510000,540231.1678574657,523971.0992287064
170000,520000,549621.9853708346,533654.6383712436
170000,530000,559036.5596161218,543351.5826536535
170000,540000,568473.5411565795,553061.122161164
170000,550000,577931.6803500608,562782.5098855451
170000,560000,587409.8176814839,572515.0552123849
170000,570000,596906.8768703527,582258.119792846
170000,580000,606421.8563129812,592011.1114979516
170000,590000,615953.8237802591,601773.4813848786
170000,600000,625501.9098823251,611544.7192540822
170000,610000,635065.302893025,621324.3502994423
170000,620000,644643.2444466485,631111.932537074
170000,630000,654235.0258622924,640907.0546324825
170000,640000,663839.9821200217,650709.3313329906
170000,650000,673457.4904559073,660518.403308266
170000,660000,683086.9672233495,670333.9351754285
170000,670000,692727.8631756544,680155.6119419391
170000,680000,702379.6625793654,689983.1389462897
170000,690000,712041.879151429,699816.2388840267
170000,700000,721714.0559899493,709654.6523940128
170000,710000,731395.7619541154,719498.1353130582
170000,720000,741086.5906230246,729346.4583053032
170000,730000,750786.1572688728,739199.4044591469
170000,740000,760494.09953593,749056.7705936985
170000,750000,770210.0743994822,758918.3647368181
170000,760000,779933.7560640653,768784.0045707894
170000,770000,789664.8384783759,778653.520383398
170000,780000,799403.0287646375,788526.7489630445
170000,790000,809148.0505079285,798403.5372780224
170000,800000,818899.641812422,808283.7408828769
170000,810000,828657.5537951584,818167.2228209727
170000,820000,838421.5489400612,828053.8522534819
170000,830000,848191.4023485968,837943.506045153
170000,840000,857966.8989855412,847836.0662527448
170000,850000,867747.8361769146,857731.4229239164
170000,860000,877534.0186057022,867629.4693187593
170000,870000,887325.2616447993,877530.1054696051
170000,880000,897121.388256283,887433.2353152254
170000,890000,906922.2299158128,897338.7677861622
170000,900000,916727.6254595787,907246.6158748021
170000,910000,926537.4220400432,917156.697756433
170000,920000,936351.4728367524,927068.9346373932
170000,930000,946169.6360130054,936983.2499338745
170000,940000,955991.777771886,946899.5723850474
170000,950000,965817.7705688792,956817.8344540285
170000,960000,975647.4895064426,966737.9688515766
170000,970000,985480.8180517593,976659.9143571084
170000,980000,995317.6430276416,986583.610920145
170000,990000,1005157.8555073283,996509.0006701477
170000,1000000,1015001.3510680246,1006436.0282813262
180000,10000,757870.2305391843,525315.6144157752
180000,20000,585344.9609747841,405737.7817207097
180000,30000,488232.2839362653,338576.5481994581
180000,40000,423453.4513024131,294265.48094384355
180000,50000,377685.1616987752,263719.7688237943
180000,60000,344615.8318046194,242535.998910909
180000,70000,320539.42809216364,228043.8588679905
180000,80000,303051.636319112,218468.27459431314
180000,90000,290511.23165208596,212579.5631828803
180000,100000,281761.4714845285,209504.4133964684
180000,110000,275967.19210797607,208610.49798895765
180000,120000,272513.13721152686,209432.12266664562
180000,130000,270937.9672744732,211620.9225827422
180000,140000,270890.2217719013,214912.50486317952
180000,150000,272098.26922865433,219103.4937933756
180000,160000,274349.407738187,224035.48993726715
180000,170000,277475.0727122729,229583.69163139325
180000,180000,281340.20319772075,235648.71236925296
180000,190000,285835.4854699381,242150.6177815976
180000,200000,290871.6190012172,249024.5258693512
180000,210000,296375.02381729876,256217.32174530785
180000,220000,302284.5908564404,263685.17858850904
180000,230000,308549.19228701363,271391.6647853055
180000,240000,315125.760137095,279306.2892928352
180000,250000,321977.78205151914,287403.3667901394
180000,260000,329074.11989331205,295661.1306429913
180000,270000,336388.0722433016,304061.03210786707
180000,280000,343896.6207586339,312587.1789713921
180000,290000,351579.8273487317,321225.8892104003
180000,300000,359420.3417386111,329965.32769170374
180000,310000,367403.00053682236,338795.2116463824
180000,320000,375514.4976993501,347706.569978883
180000,330000,383743.11213280255,356691.5450453789
180000,340000,392078.48155976576,365743.2289027453
180000,350000,400511.41339348286,374855.5270271315
180000,360000,409033.72650974867,384023.0447693017
180000,370000,417638.1163149074,393240.9907481516
180000,380000,426318.0433551961,402505.0980615012
180000,390000,435067.6353169851,411811.55450332304
180000,400000,443881.6056522813,421156.9453820709
180000,410000,452755.183175923,430538.2041681913
180000,420000,461684.05052457005,439952.56925118185
180000,430000,470664.293713049,449397.5493327568
180000,440000,479692.3541171523,458870.88939738146
180000,450000,488764.9917812884,468370.54619843024
180000,460000,497879.2493326956,477894.6629028952
180000,470000,507032.42243965116,487441.5490663744
180000,480000,516222.03378459957,497009.6628898527
180000,490000,525445.8102932364,506597.5959517525
180000,500000,534701.661941349,516204.05854215793
180000,510000,543987.6634789625,525827.8673233644
180000,520000,553302.0400581893,535467.9361354823
180000,530000,562643.1524234948,545123.2658714361
180000,540000,572009.4829495724,554792.9347916662
180000,550000,581399.62714116,564476.0936703633
180000,560000,590812.2805580401,574171.9562489265
180000,570000,600246.2318005016,583879.795183195
180000,580000,609700.3555672468,593598.9378486464
180000,590000,619173.6022278102,603328.7584754591
180000,600000,628664.9940197926,613068.6765829882
180000,610000,638173.6173949809,622818.1513963091
180000,620000,647698.6192736075,632576.6798678997
180000,630000,657239.2020543746,642343.7935315418
180000,640000,666794.6175061541,652119.0538186606
180000,650000,676364.1648132073,661902.0516196071
180000,660000,685947.186461327,671692.4043417252
180000,670000,695543.064509695,681489.7534656364
180000,680000,705151.2187913264,691293.7637823777
180000,690000,714771.1012022694,701104.118681811
180000,700000,724402.1984354785,710920.5237796872
180000,710000,734044.0242008747,720742.7000417114
180000,720000,743696.1216010866,730570.3868254558
180000,730000,753358.0572352718,740403.3368097135
180000,740000,763029.4225223766,750241.317912611
180000,750000,772709.8316992397,760084.111893601
180000,760000,782398.9184168165,769931.5115307749
180000,770000,792096.3375997689,779783.3229791232
180000,780000,801801.7594340956,789639.3603134566
180000,790000,811514.873139062,799499.4496147578
180000,800000,821235.3831664431,809363.4257256427
180000,810000,830963.009279567,819231.1325930029
180000,820000,840697.4846300132,829102.4218034121
180000,830000,850438.5556688479,838977.1527623474
180000,840000,860185.9805789642,848855.1914539863
180000,850000,869939.5301103321,858736.4116008113
180000,860000,879698.9854633661,868620.6927491683
180000,870000,889464.1376894721,878507.9199864831
180000,880000,899234.788347352,888397.984801882
180000,890000,909010.7467385365,898290.7825662537
180000,900000,918791.8329217611,908186.2157011827
180000,910000,928577.8730139625,918084.1892328912
180000,920000,938368.7020866347,927984.613841024
180000,930000,948164.1611944153,937887.4030762762
180000,940000,957964.099307044,947792.4754272646
180000,950000,967768.372028648,957699.7531895804
180000,960000,977576.8403456215,967609.1613858255
180000,970000,987389.3721883665,977520.6294179221
180000,980000,997205.8380300255,987434.0868623275
180000,990000,1007026.1184045572,997349.4709971787
180000,1000000,1016850.0952053136,1007266.7183084489
190000,10000,814385.985267879,564489.3499195166
190000,20000,631836.6024891225,437960.58204657334
190000,30000,528716.6236952065,366598.3283489189
190000,40000,459400.29321307904,319042.59767011966
190000,50000,409875.8441719811,285751.7375085105
190000,60000,373608.4141821267,262198.56386092
190000,70000,346787.95811245387,245660.76817463088
190000,80000,326937.8368706753,234322.2679742155
190000,90000,312356.9729119071,226914.36323533952
190000,100000,301837.5826699153,222527.54040415765
190000,110000,294501.3383286442,220497.37440781883
190000,120000,289696.90743712324,220330.61569387073
190000,130000,286933.0319553606,221655.69589213448
190000,140000,285833.5306073708,224188.88698285067
190000,150000,286106.35572375223,227710.77748585743
190000,160000,287521.916153587,232049.68298133067
190000,170000,289897.63286455587,237069.7825204502
190000,180000,293086.7702611836,242662.5254654087
190000,190000,296970.2459633584,248740.3293175562
190000,200000,301450.54706519656,255231.90324875744
190000,210000,306447.1558734849,262078.73838909224
190000,220000,311893.07519493415,269232.4486110533
190000,230000,317732.15509432746,276652.7303777046
190000,240000,323917.0246832195,284305.79008829634
190000,250000,330407.46841229853,292163.1133877108
190000,260000,337169.14788558736,300200.5004519652
190000,270000,344172.582933829,308397.2997745649
190000,280000,351392.33481476584,316735.79657384264
190000,290000,358806.34747068636,325200.7216502979
190000,300000,366395.41177825886,333778.8536102955
190000,310000,374142.72612394596,342458.6939052338
190000,320000,382033.5366260069,351230.20211282495
190000,330000,390054.8384208953,360084.57705076295
190000,340000,398195.12697858544,369014.07516884815
190000,350000,406444.1910005595,378011.86026687606
190000,360000,414792.93775768694,387071.877095254
190000,370000,423233.2454885972,396188.7449591573
190000,380000,431757.8388857314,405357.6684962769
190000,390000,440360.1832931988,414574.3622197599
190000,400000,449034.3932492374,423834.9853560734
190000,410000,457775.1551696425,433136.0871746609
190000,420000,466577.65956705826,442474.55907536915
190000,430000,475437.5441807003,451847.5948732478
190000,440000,484350.8430881268,461252.6550178152
190000,450000,493313.9431304475,470687.4362853472
190000,460000,502323.546291994,480149.84576216136
190000,470000,511376.63595892437,489637.977415978
190000,480000,520470.4482131457,499150.0924692927
190000,490000,529602.4465985236,508684.6021812161
190000,500000,538770.2974128044,518240.0504140975
190000,510000,547971.8522609517,527815.1024803391
190000,520000,557205.1292065388,537408.5320058141
190000,530000,566468.2976846993,547019.2109499889
190000,540000,575759.6626477003,556646.0983647254
190000,550000,585077.6550330735,566288.2349045018
190000,560000,594420.8182766142,575944.733083261
190000,570000,603787.7986811207,585614.7709618484
190000,580000,613177.3381708385,595297.5878909769
190000,590000,622588.2644450158,604992.4774179858
190000,600000,632019.4847078117,614698.7834641013
190000,610000,641469.9778491313,624415.8947774599
190000,620000,650938.7903760289,634143.2428676519
190000,630000,660425.0302646657,643880.297712896
190000,640000,669927.8609753299,653626.563499695
190000,650000,679446.4995327413,663381.5782065401
190000,660000,688980.2103230916,673144.9088327544
190000,670000,698528.3023831419,682916.1499739724
190000,680000,708090.1270370495,692694.9226399004
190000,690000,717665.071891301,702480.8693723059
190000,700000,727252.561921063,712273.6562604624
190000,710000,736852.0541636749,722072.9686105531
190000,720000,746463.0363315862,731878.5103887042
190000,730000,756085.0247495552,741690.0029448504
190000,740000,765717.562192842,751507.1835487023
190000,750000,775360.2174215437,761329.805589942
190000,760000,785012.580324189,771157.634402454
190000,770000,794674.2643035342,780990.4501102106
190000,780000,804344.9012710328,790828.0432593282
190000,790000,814024.1428912232,800670.2164865762
190000,800000,823711.6594651031,810516.7838520206
190000,810000,833407.1366446861,820367.5680273855
190000,820000,843110.2757115212,830222.4009292459
190000,830000,852820.7937204958,840081.1242428907
190000,840000,862538.419533688,849943.5857972921
190000,850000,872262.897305983,859809.6433525267
190000,860000,881993.9813283954,869679.159773033
190000,870000,891731.4389917726,879552.0062329939
190000,880000,901475.0470428923,889428.0587605636
190000,890000,911224.5931324107,899307.2000101235
190000,900000,920979.8749515343,909189.3186428123
190000,910000,930740.6990435626,919074.3083165768
190000,920000,940506.8798075406,928962.0669447065
190000,930000,950278.240119157,938852.4974619829
190000,940000,960054.6105430701,948745.5072106451
190000,950000,969835.8299108202,958641.0087106205
190000,960000,979621.7423481651,968538.9168230148
190000,970000,989412.1996421505,978439.1512715627
190000,980000,999207.0588752726,988341.6344083452
190000,990000,1009006.1837155501,998246.2926307342
190000,1000000,1018809.4435258622,1008153.0556292229
200000,10000,871661.8275610111,604189.9383083424
200000,20000,679093.4705871852,470714.78868853726
200000,30000,569999.8804237633,395183.6202511684
200000,40000,496202.6387061666,344437.6532583199
200000,50000,442971.1195285331,308449.20020811254
200000,60000,403533.0399854889,282553.8793727824
200000,70000,373974.40135727817,263977.56265902275
200000,80000,351751.2602282615,250867.99077500656
200000,90000,335108.07495345717,241922.551882338
200000,100000,322790.3516730385,236199.5846156105
200000,110000,313879.71297521074,233005.44756819488
200000,120000,307690.8630021694,231821.26557746736
200000,130000,303704.0049984052,232253.5079268727
200000,140000,301519.1062025582,233999.8785579936
200000,150000,300824.2263487965,236825.3801346524
200000,160000,301373.17946552637,240545.2855979926
200000,170000,302969.51695285545,245012.86349498047
200000,180000,305454.8757705678,250110.42233919995
200000,190000,308700.3919575,255742.70321556035
200000,200000,312600.28878475935,261831.9463174293
200000,210000,317067.0392036636,268314.17282356747
200000,220000,322027.6732376348,275136.3519254134
200000,230000,327420.93082053436,282254.22158598533
200000,240000,333195.0489708695,289630.59968353587
200000,250000,339306.0226517707,297234.0607655811
200000,260000,345716.229119065,305037.8928761006
200000,270000,352393.3326583741,313019.27033636393
200000,280000,359309.3994918856,321158.58700225933
200000,290000,366440.18866346317,329438.9252337012
200000,300000,373764.5683559935,337845.61951022095
200000,310000,381264.041232048,346365.9035938718
200000,320000,388922.35231863835,354988.620040148
200000,330000,396725.16328360897,363703.9798266557
200000,340000,404659.78262537665,372503.3642084277
200000,350000,412714.93891472346,381379.1588574615
200000,360000,420880.58984069503,390324.6146430999
200000,370000,429147.7610840845,399333.73067775735
200000,380000,437508.41071060626,408401.1565405827
200000,390000,445955.3110476396,417522.10691003705
200000,400000,454481.9511181332,426692.29209067527
200000,410000,463082.44981907617,435907.855679898
200000,420000,471751.4821675646,445165.32215545094
200000,430000,480484.2171687228,454461.5531734391
200000,440000,489276.2613077646,463793.7074460745
200000,450000,498123.6106160325,473159.2070355793
200000,460000,507022.6096455403,482555.70890225144
200000,470000,515969.91413877835,491981.078640575
200000,480000,524962.458753094,501433.36809272686
200000,490000,533997.4298023671,510910.7967266087
200000,500000,543072.2392300311,520411.73340015474
200000,510000,552184.5028532743,529934.6815351754
200000,520000,561332.0208891875,539478.2657464248
200000,530000,570512.7615988709,549041.2210359436
200000,540000,579724.8434249634,558622.3799403325
200000,550000,588966.524695724,568220.6665582279
200000,560000,598236.1867871626,577835.0838892182
200000,570000,607532.3273109444,587464.7104736328
200000,580000,616853.5491143769,597108.69272646
200000,590000,626198.5492664643,606766.236920279
200000,600000,635566.1139419108,616436.6066840385
200000,610000,644955.1087647829,626119.1158018453
200000,620000,654364.474299894,635813.1259328019
200000,630000,663793.218923165,645518.0414552975
200000,640000,673240.4138993656,655233.306439649
200000,650000,682705.1878009341,664958.400702813
200000,660000,692186.7239393939,674692.838775311
200000,670000,701684.2541604817,684436.1651206436
200000,680000,711197.0564931985,694187.9530692982
200000,690000,720724.4513651971,703947.8022131592
200000,700000,730265.7982389868,713715.3361299788
200000,710000,739820.4944608492,723490.2022054712
200000,720000,749387.969907971,733272.0672641307
200000,730000,758967.6873561342,743060.6187418138
200000,740000,768559.137887552,752855.5608834021
200000,750000,778161.841479646,762656.616058688
200000,760000,787775.3426533736,772463.5210939125
200000,770000,797399.2118872982,782276.0292869431
200000,780000,807033.0388929141,792093.9042990345
200000,790000,816676.4370305707,801916.9250494406
200000,800000,826329.0391744944,811744.8821059408
200000,810000,835990.4958740596,821577.5763172981
200000,820000,845660.4749790424,831414.8188667636
200000,830000,855338.6613772977,841256.4313733155
200000,840000,865024.7542546534,851102.2435817542
200000,850000,874718.467588929,860952.0941542696
200000,860000,884419.5299157049,870805.8307811236
200000,870000,894127.6806101971,880663.3067814853
200000,880000,903842.6731141895,890524.3845747703
200000,890000,913564.2699984598,900388.9310635816
200000,900000,923292.2467642083,910256.8216058296
200000,910000,933026.3873103748,920127.9357969286
200000,920000,942766.4867445531,930002.1604416185
200000,930000,952512.3464539011,939879.3848749766
200000,940000,962263.7791179292,949759.5061198296
200000,950000,972020.6052959012,959642.4256644157
200000,960000,981782.6503786058,969528.0466369345
200000,970000,991549.7508964901,979416.2801937881
200000,980000,1001321.7474332782,989307.0386581684
200000,990000,1011098.4881336336,999200.2390978066
200000,1000000,1020879.8267072128,1009095.8015347098
210000,10000,929659.6763307567,644390.983580075
210000,20000,727075.978905204,503972.6078261471
210000,30000,612035.1507170863,424297.5884997057
210000,40000,533806.6984887306,370409.14401152905
210000,50000,476915.76759463776,331769.16185791383
210000,60000,434337.5560064423,303561.67292282556
210000,70000,402051.9521644579,282958.77589401323
210000,80000,377451.13519869593,268075.36242085375
210000,90000,358729.62823311845,257579.22062648227
210000,100000,344590.1766908264,250500.25710687347
210000,110000,334077.3460236863,246118.39853110805
210000,120000,326473.996721083,243891.09344206966
210000,130000,321233.23325833445,243404.15568198025
210000,140000,317932.1180082473,244337.56708239994
210000,150000,316239.42152290413,246441.27274037286
210000,160000,315892.72910878516,249517.81450558972
210000,170000,316681.9290065163,253409.71783487423
210000,180000,318437.13257804455,257990.2246544101
210000,190000,321019.7242166978,263156.4112637283
210000,200000,324315.6500816982,268824.0234919847
210000,210000,328230.3313008732,274923.56307842117
210000,220000,332684.76658937824,281397.2925270482
210000,230000,337612.51769882237,288196.92236580234
210000,240000,342957.3580523553,295281.81147717626
210000,250000,348671.4199050758,302617.552544118
210000,260000,354713.7257144288,310174.854293686
210000,270000,361049.01448647486,317928.6511730606
210000,280000,367646.79368250305,325857.3862552668
210000,290000,374480.5751511024,333942.43583453237
210000,300000,381527.24809059215,342167.63863242685
210000,310000,388766.5653703241,350518.9114496684
210000,320000,396180.7219332718,358983.9355174645
210000,330000,403754.0004150068,367551.8929791067
210000,340000,411472.48052167566,376213.2525401102
210000,350000,419323.7912236166,384959.5866448324
210000,360000,427296.9050094711,393783.4207558405
210000,370000,435381.9620064193,402678.104781577
210000,380000,443570.12265483115,411637.7060899271
210000,390000,451853.43899919745,420656.91584970115
210000,400000,460224.7476740604,429730.97205870145
210000,410000,468677.57649815595,438855.5923395163
210000,420000,477206.0632472935,448026.915591563
210000,430000,485804.88765626587,457241.45376650564
210000,440000,494469.209062644,466496.0470958521
210000,450000,503194.6159471211,475787.82883025357
210000,460000,511977.07846268633,485114.1913528271
210000,470000,520812.9097896134,494472.75938212854
210000,480000,529698.7295884347,503861.36406089016
210000,490000,538631.4345091275,513278.02274018415
210000,500000,547608.1683903929,522720.9176321985
210000,510000,556626.300826232,532188.3817219253
210000,520000,565683.4044795199,541678.8827289867
210000,530000,574777.2356970493,551191.0097175263
210000,540000,583905.7178115245,560723.4617256279
210000,550000,593066.92690118,570275.0382742588
210000,560000,602259.0760821396,579844.6280724094
210000,570000,611480.5058616506,589431.2031733965
210000,580000,620729.6726822659,599033.8110760492
210000,590000,630005.1372413139,608651.5663011691
210000,600000,639305.5580887649,618283.646783956
210000,610000,648629.6816627647,627929.2866247891
210000,620000,657976.3370591941,637587.7731731787
210000,630000,667344.4291764124,647258.4423831255
210000,640000,676732.9305924758,656940.6727238396
210000,650000,686140.8782795172,666633.883645969
210000,660000,695567.3691016451,676337.5327540798
210000,670000,705011.5540375839,686051.1115738774
210000,680000,714472.6349952193,695774.143734339
210000,690000,723949.859916882,705506.1813807815
210000,700000,733442.5213931679,715246.8049483027
210000,710000,742949.9520114466,724995.6195876958
210000,720000,752471.5223742354,734752.2542161163
210000,730000,762006.6367766851,744516.3580885712
210000,740000,771554.733424282,754287.6018719153
210000,750000,781115.2815097912,764065.6754921298
210000,760000,790687.7764991781,773850.284205258
210000,770000,800271.7438611428,783641.1529009328
210000,780000,809866.7292782809,793438.0170894075
210000,790000,819472.3051914797,803240.6298718659
210000,800000,829088.0648587152,813048.7566140298
210000,810000,838713.6228533362,822862.1759310446
210000,820000,848348.6109558535,832680.6760702826
210000,830000,857992.6806613746,842504.0578233321
210000,840000,867645.498219675,852332.1300088156
210000,850000,877306.7494414838,862164.7145600902
210000,860000,886976.1316165042,872001.6389284038
210000,870000,896653.3577720161,881842.7405789378
210000,880000,906338.15393038,891687.8645998412
210000,890000,916030.2589176224,901536.8637677593
210000,900000,925729.422771722,911389.5972505491
210000,910000,935435.4073411028,921245.9314523264
210000,920000,945147.9849521677,931105.7389039209
210000,930000,954866.9374078372,940968.8975267577
210000,940000,964592.0561225849,950835.2909175586
210000,950000,974323.1420956559,960704.8085535163
210000,960000,984060.0034326899,970577.3435143983
210000,970000,993802.4583726863,980452.7956313085
210000,980000,1003550.3305808001,990331.0669950341
210000,990000,1013303.4520125831,1000212.0649474195
210000,1000000,1023061.6618737059,1010095.7011793082
220000,10000,988345.0900497381,685068.6126079086
220000,20000,775748.6699178639,537709.2330861995
220000,30000,654781.1558427403,453909.8311931582
220000,40000,572164.6785875682,396920.3679684492
220000,50000,511659.6947499803,355672.62746100465
220000,60000,465973.6670926038,325184.5112036659
220000,70000,430976.4821511222,302570.72005807364
220000,80000,403998.4289349102,285915.25810358184
220000,90000,383187.7659807047,273859.8263788641
220000,100000,367208.00276426,265409.2306132909
220000,110000,355069.47172112967,259819.60607308417
220000,120000,346025.2720760928,256526.65155661816
220000,130000,339502.87859764823,255096.86857974055
220000,140000,335057.4509196759,255193.4209121618
220000,150000,332339.1347069318,256551.78575953285
220000,160000,331069.7135217343,258962.14478780332
220000,170000,331025.6738473211,262256.500541596
220000,180000,332025.7489214976,266299.1461041956
220000,190000,333921.64304232894,270979.5433323828
220000,200000,336591.04559708544,276206.9494737993
220000,210000,339932.31172507774,281906.3233079318
220000,220000,343860.37426329945,288015.1801901619
220000,230000,348303.5677979151,294481.15149205975
220000,240000,353201.1471361598,301260.0811411183
220000,250000,358501.3227691996,308314.52163150883
220000,260000,364159.70244359004,315612.54424003715
220000,270000,370138.0414421826,323126.7877140663
220000,280000,376403.2305921989,330833.6896269539
220000,290000,382926.48071095883,338712.8699148893
220000,300000,389682.65014680935,346746.6233323741
220000,310000,396649.6941233202,354919.5057646187
220000,320000,403808.2118352444,363217.9953443311
220000,330000,411141.0645952077,371630.20703800267
220000,340000,418633.06391833874,380145.66138318874
220000,350000,426270.70332570275,388755.085462009
220000,360000,434041.93630412634,397450.2492154791
220000,370000,441935.98622420954,406223.8256428063
220000,380000,449943.1866221376,415069.2740161235
220000,390000,458054.84296771704,423980.7388998521
220000,400000,466263.1148716918,432952.9644704929
220000,410000,474560.91629098984,441981.22254488146
220000,420000,482941.82552313426,451061.2471020613
220000,430000,491400.0139971825,460189.18400630675
220000,440000,499930.175969425,469361.5396283578
220000,450000,508527.4748023686,478575.14330878214
220000,460000,517187.4911969004,487827.11009823653
220000,470000,525906.18084852,497114.81116448884
220000,480000,534679.8349555074,506435.8455239664
220000,490000,543505.0468972723,515788.0168665641
220000,500000,552378.6828646553,525169.3130310348
220000,510000,561297.8533633205,534577.8855666369
220000,520000,570259.8933481758,544012.0368491798
220000,530000,579262.338637883,553470.202983525
220000,540000,588302.9078138785,562950.9414431084
220000,550000,597379.4867055584,572452.9206282974
220000,560000,606490.1125897211,581974.9087684016
220000,570000,615632.9606622141,591515.764591081
220000,580000,624806.334354017,601074.4313266668
220000,590000,634008.6521163346,610649.9270400396
220000,600000,643238.4384370659,620241.3387204411
220000,610000,652494.315333893,629847.8166235244
220000,620000,661774.9954339246,639468.5698359756
220000,630000,671079.2731050394,649102.8598636929
220000,640000,680406.0191882208,658749.9974356181
220000,650000,689754.174358774,668409.3378565892
220000,660000,699122.744727341,678080.2783726712
220000,670000,708510.7961156112,687762.2540857944
220000,680000,717917.4509616356,697454.7363783953
220000,690000,727341.8815137524,707157.2274897329
220000,700000,736783.3086433391,716869.2606066378
220000,710000,746240.9990793685,726590.398207805
220000,720000,755714.2585874242,736320.226417784
220000,730000,765202.432907063,746058.3568593902
220000,740000,774704.9035821727,755804.4234351679
220000,750000,784221.0848587335,765558.0800702963
220000,760000,793750.4232847604,775319.0011136685
220000,770000,803292.3946340154,785086.8789311415
220000,780000,812846.5005862984,794861.4213690048
220000,790000,822412.2689509679,804642.3525239534
220000,800000,831989.2530158759,814429.412649044
220000,810000,841577.0273681189,824222.3546012737
220000,820000,851175.1873967857,834020.9437927514
220000,830000,860783.3483252213,843824.9577202821
220000,840000,870401.1440787885,853634.1852655102
220000,850000,880028.2278803823,863448.4276363854
220000,860000,889664.2663509549,873267.4929712783
220000,870000,899308.9434174119,883091.2005083802
220000,880000,908961.9580678174,892919.3786873085
220000,890000,918623.0211557507,902751.8623198619
220000,900000,928291.8591108801,912588.4965006491
220000,910000,937968.2087681335,922429.13182277
220000,920000,947651.8198602282,932273.6270173149
220000,930000,957342.4511386316,942121.8454081005
220000,940000,967039.8736018224,951973.6583009175
220000,950000,976743.8687253795,961828.943440039
220000,960000,986454.2242259965,971687.5810194275
220000,970000,996170.7393946813,981549.4591344204
220000,980000,1005893.2208245075,991414.4697375322
220000,990000,1015621.4837070644,1001282.5100689065
220000,1000000,1025355.3507925881,1011153.4818066828
230000,10000,1047686.7636617123,726201.1263496388
230000,20000,825079.5493240525,571902.3402759271
230000,30000,698201.3165171695,483993.62221351365
230000,40000,611234.0027658179,423938.806562851
230000,50000,547157.4678910333,380124.2722109939
230000,60000,498396.72631606075,347387.7011714678
230000,70000,460706.49480792444,322781.52856474806
230000,80000,431355.89095764,304359.6229318408
230000,90000,408449.75404476223,290740.3367462332
230000,100000,390615.4322833866,280906.29350959946
230000,110000,376831.64052615856,274092.2938693401
230000,120000,366323.7316597556,269714.1601410371
230000,130000,358495.0185235417,267320.4321195321
230000,140000,352879.79539023264,266558.39853300666
230000,150000,349110.2937728285,267149.70615606394
230000,160000,346892.9711391552,268872.5958557996
230000,170000,345991.2203676726,271548.81281049707
230000,180000,346212.5857117971,275033.85888105154
230000,190000,347399.19914390123,279209.66607909184
230000,200000,349420.54371638695,283979.03707826685
230000,210000,352167.92151413264,289261.3890381195
230000,220000,355550.1863043685,294989.4694494473
230000,230000,359490.41668624076,301106.79686103744
230000,240000,363923.308224937,307565.65728696727
230000,250000,368793.1043513889,314325.5168630192
230000,260000,374051.94910932786,321351.76095634594
230000,270000,379658.5643188118,328614.6841675162
230000,280000,385577.1755091094,336088.6719908705
230000,290000,391776.6438758338,343751.54192429374
230000,300000,398229.7512483872,351584.0020040583
230000,310000,404912.6117016501,359569.2066765085
230000,320000,411804.1873344308,367692.39281158854
230000,330000,418885.87986389804,375940.5731038865
230000,340000,426141.196085234,384302.2867386692
230000,350000,433555.460177806,392767.3846763522
230000,360000,441115.5751929322,401326.85307878244
230000,370000,448809.8183906785,409972.6617560563
230000,380000,456627.66956815054,418697.63800550735
230000,390000,464559.6614304493,427495.3565338555
230000,400000,472597.25380192953,436360.04766678286
230000,410000,480732.7240143248,445286.51738160406
230000,420000,488959.0722993172,454270.07859985885
230000,430000,497269.94108297955,463306.49294528074
230000,440000,505659.54328945384,472391.91896530206
230000,450000,514122.60002942197,481522.8672264353
230000,460000,522654.2883694098,490696.1633868504
230000,470000,531250.1912550749,499908.9117923966
230000,480000,539906.2586520046,509158.4686013446
230000,490000,548618.7692289854,518442.4141473913
230000,500000,557384.298289245,527758.5305134055
230000,510000,566199.6884936817,537104.7806249092
230000,520000,575062.025981984,546479.2920735829
230000,530000,583968.6173257101,555880.3407832112
230000,540000,592916.9670144116,565306.3347951871
230000,550000,601904.7632599499,574755.8053526194
230000,560000,610929.8588787486,584227.3929644038
230000,570000,619990.2572475743,593719.8377173115
230000,580000,629084.1023137515,603231.9733118038
230000,590000,638209.6630196192,612762.7152651949
230000,600000,647365.3244175579,622311.0553383273
230000,610000,656549.5786472218,631876.0554518262
230000,620000,665761.0153487656,641456.8409910792
230000,630000,674998.3154595672,651052.5969671858
230000,640000,684260.2421882597,660662.5614386803
230000,650000,693545.6355571384,670286.0220525626
230000,660000,702853.4067517027,679922.3123486829
230000,670000,712182.5331096346,689570.8084638579
230000,680000,721532.053332316,699230.9260076878
230000,690000,730901.05982142,708902.1139333125
230000,700000,740288.7005142042,718583.8575788967
230000,710000,749694.1704625736,728275.6716445645
230000,720000,759116.7101764091,737977.0996411649
230000,730000,768555.6023082281,747687.7116484774
230000,740000,778010.1684407009,757407.1021052989
230000,750000,787479.76793647,767134.8895286431
230000,760000,796963.7931626347,776870.7126286203
230000,770000,806461.6705670359,786614.2321434523
230000,780000,815972.8532919034,796365.1242189964
230000,790000,825496.8240318208,806123.0839120706
230000,800000,835033.0928500975,815887.8235874438
230000,810000,844581.1935626706,825659.0699628929
230000,820000,854140.6823021619,835436.5632084224
230000,830000,863711.1384810494,845220.0583504984
230000,840000,873292.1596188053,855009.320651208
230000,850000,882883.3651364598,864804.1297735778
230000,860000,892484.3909099221,874604.2747893345
230000,870000,902094.8898006523,884409.5550962229
230000,880000,911714.5308011372,894219.7798865983
230000,890000,921342.9988259511,904034.7683196982
230000,900000,930979.9919148294,913854.3469916023
230000,910000,940625.2231916293,923678.3522209945
230000,920000,950278.4169250174,933506.6264020815
230000,930000,959939.3092643073,943339.0189794198
230000,940000,969607.6490690963,953175.3874899946
230000,950000,979283.195396251,963015.5953348379
230000,960000,988965.7176361786,972859.512114572
230000,970000,998654.9948793662,982707.0131752115
230000,980000,1008350.8148306418,992557.9787498214
230000,990000,1018052.9746027788,1002412.2948970156
230000,1000000,1027761.2789500726,1012269.8519476603
240000,10000,1107656.1230002278,767768.7186904602
240000,20000,875039.5690490709,606531.7002362398
240000,30000,742262.9968052555,514525.29375372926
240000,40000,650976.6343859389,451435.57871227595
240000,50000,583367.8727920131,405092.1163390041
240000,60000,531565.5127594939,370139.16436033277
240000,70000,491203.0522095163,343561.16102501453
240000,80000,459488.07229100645,323381.5527145858
240000,90000,434484.0569757548,308197.3453671502
240000,100000,414784.8113745608,296971.4760886513
240000,110000,399339.81567047245,288919.6584522721
240000,120000,387348.5913458666,283439.6272186708
240000,130000,378191.7366509171,280063.29899763013
240000,140000,371383.73097530636,278423.0490156639
240000,150000,366539.63649906707,278227.3670245865
240000,160000,363351.0989121327,279243.0115812033
240000,170000,361568.7632146708,281281.7733434872
240000,180000,360989.2108634964,284190.5562556424
240000,190000,361445.1408989025,287843.8773836231
240000,200000,362797.90885895747,292138.1455285449
240000,210000,364931.8011622522,296987.2603633931
240000,220000,367749.59991862037,302319.19979541475
240000,230000,371169.1154953029,308073.35114077496
240000,240000,375120.4593339142,314198.4137273151
240000,250000,379543.87468750554,320650.73207975127
240000,260000,384388.0038149296,327392.9668339174
240000,270000,389608.4940654378,334393.02781961975
240000,280000,395166.8641596346,341623.2079196897
240000,290000,401029.58464504045,349059.48277632776
240000,300000,407167.3203920646,356680.9352962591
240000,310000,413554.30527809553,364469.2817461488
240000,320000,420167.8269894859,372408.48297959234
240000,330000,426987.79301149515,380484.4173433849
240000,340000,433996.37150024745,388684.61143758177
240000,350000,441177.6864209076,396998.0120197225
240000,360000,448517.5608224195,405414.79455627437
240000,370000,456003.29858037917,413926.20104231115
240000,380000,463623.50005264755,422524.4037457707
240000,390000,471367.90173569653,431202.3865859758
240000,400000,479227.2406628276,439953.8455461227
240000,410000,487193.1374000387,448773.1029789189
240000,420000,495257.9942320232,457655.03318531794
240000,430000,503414.9072586955,466594.998433261
240000,440000,511657.590307079,475588.79383774387
240000,450000,519980.30784578354,484632.5987908132
240000,460000,528377.8170654298,493722.93530901644
240000,470000,536845.316097973,502856.6307338964
240000,480000,545378.4001365878,512030.7865473219
240000,490000,553973.0215007329,521242.7498681057
240000,500000,562625.4538297992,530490.0877859289
240000,510000,571332.2606638046,539770.5650292288
240000,520000,580090.2708040222,549082.127245763
240000,530000,588896.5512735724,558422.8813647826
240000,540000,597748.3849091064,567791.0797358123
240000,550000,606643.2537209626,577185.1092111702
240000,560000,615578.8183721759,586603.4760993177
240000,570000,624552.9045491214,596044.7971301638
240000,580000,633563.4890430159,605507.789953588
240000,590000,642608.6853922197,614991.2627240812
240000,600000,651686.733718191,624494.1074418396
240000,610000,660795.9898822578,634015.2923803624
240000,620000,669934.9169321794,643553.8564354512
240000,630000,679102.0758613851,653108.9026200123
240000,640000,688296.1182311893,662679.5930963177
240000,650000,697515.7792492487,672265.1445323837
240000,660000,706759.8714401199,681864.8237729723
240000,670000,716027.2792522256,691477.9443853017
240000,680000,725316.9532311482,701103.86250435
240000,690000,734627.9044854185,710741.972972526
240000,700000,743959.2020767881,720391.7080827339
240000,710000,753309.9686476756,730052.5345898174
240000,720000,762679.3751483186,739723.9497216574
240000,730000,772066.6387302249,749405.4801812824
240000,740000,781471.0192492744,759096.6797211766
240000,750000,790891.8172907069,768797.128077303
240000,760000,800328.3693718541,778506.4272237604
240000,770000,809780.0495509945,788224.2036254271
240000,780000,819246.2608627314,797950.1006789717
240000,790000,828726.4394078698,807683.7833381764
240000,800000,838220.0491614934,817424.9336824876
240000,810000,847726.5815430947,827173.2510907574
240000,820000,857245.5524032699,836928.4498129564
240000,830000,866776.5018232486,846690.2593235841
240000,840000,876318.9905429486,856458.4212749706
240000,850000,885872.6035042588,866232.693411175
240000,860000,895436.9425456201,876012.8428394811
240000,870000,905011.6283163362,885798.6482902858
240000,880000,914596.3007008685,895589.9009023759
240000,890000,924190.6138362444,905386.3996690646
240000,900000,933794.2394879084,915187.9550851848
240000,910000,943406.8635938484,924994.386038721
240000,920000,953028.1844295827,934805.518299654
240000,930000,962657.9155708184,944621.1877193743
240000,940000,972295.7808442026,954441.2354856572
240000,950000,981941.5185088996,964265.5124819211
240000,960000,991594.875720422,974093.874062309
240000,970000,1001255.6107971085,983926.1824929038
240000,980000,1010923.49345019,993762.3073845459
240000,990000,1020598.3006985042,1003602.12184393
240000,1000000,1030279.8207353743,1013445.5064518279
250000,10000,1168226.9800359218,809753.2374670649
250000,20000,925602.2113189725,641578.8717678017
250000,30000,786936.8899710679,545483.7365628498
250000,40000,691358.4790337307,479384.95671545755
250000,50000,620253.49841124,430547.21039091004
250000,60000,565442.0017434728,393409.2922620981
250000,70000,522429.6817392029,364881.3795511862
250000,80000,488361.3150441263,342955.3405983256
250000,90000,461260.37838310434,326208.15784832404
250000,100000,439689.29646241426,313585.1535779941
250000,110000,422570.4479542097,304284.9741763042
250000,120000,409079.3191501621,297688.95173063606
250000,130000,398575.1970775747,293313.6838923629
250000,140000,390553.7971971166,290777.5995353967
250000,150000,384613.7759415023,289776.7267048057
250000,160000,380432.5104529132,290066.83025086106
250000,170000,377748.27595316607,291450.0813784865
250000,180000,376346.9469587809,293765.00868577586
250000,190000,376051.95799842407,296878.85701816913
250000,200000,376716.6414426162,300681.7262697286
250000,210000,378218.3260720153,305082.0424769855
250000,220000,380453.7492436925,310003.0302025534
250000,230000,383335.45804274327,315379.9429837614
250000,240000,386788.9684463602,321157.87704425165
250000,250000,390750.50227598695,327290.0308322491
250000,260000,395165.17175899906,333736.31026583596
250000,270000,399985.5180730264,340462.2079528537
250000,280000,405170.31905343675,347437.8902320813
250000,290000,410683.61945119424,354637.45663242426
250000,300000,416493.93229685683,362038.33123631624
250000,310000,422573.5769719936,369620.7595337052
250000,320000,428898.1335111124,377367.39501228434
250000,330000,435445.9827751142,385262.9513932518
250000,340000,442197.92482291296,393293.9153850368
250000,350000,449136.85438220995,401448.3027181072
250000,360000,456247.4873979827,409715.4533789413
250000,370000,463516.12896027963,418085.85846110235
250000,380000,470930.4759202709,426551.013380707
250000,390000,478479.44588310324,435103.29083038156
250000,400000,486153.03243518755,443735.8339661903
250000,410000,493942.1801031381,452442.4643220001
250000,420000,501838.6735226087,461217.600058308
250000,430000,509835.04689302156,470056.1903776503
250000,440000,517924.4979793949,478953.65199686453
250000,450000,526100.8193903167,487905.819770644
250000,460000,534358.3350301456,496908.90043287096
250000,470000,542691.8449125561,505959.4326950099
250000,480000,551096.5772847364,515054.2529077686
250000,490000,559568.1462012148,524190.46458297776
250000,500000,568102.5129354361,533365.4106731126
250000,510000,576695.9526429357,542576.6497977547
250000,520000,585345.0264706013,551821.9368085971
250000,530000,594046.5534401559,561099.2024737394
250000,540000,602797.586249471,570406.5362739055
250000,550000,611595.3935861693,579742.174698553
250000,560000,620437.4362972993,589104.4833682651
250000,570000,629321.3549993361,598491.9494184593
250000,580000,638244.9534321936,607903.1695788532
250000,590000,647206.183638676,617336.8395564837
250000,600000,656203.1345627311,626791.7463531097
250000,610000,665234.0209800119,636266.7606771055
250000,620000,674297.1735405355,645760.8300674997
250000,630000,683391.029588389,655272.9726031689
250000,640000,692514.1239587255,664802.2703311426
250000,650000,701665.0826276334,674347.8652882061
250000,660000,710842.6153497475,683908.9542974236
250000,670000,720045.5097357652,693484.7850680869
250000,680000,729272.6254028904,703074.652191466
250000,690000,738522.8878181166,712677.8927097577
250000,700000,747795.2847124551,722293.8840345499
250000,710000,757088.8628523415,731922.0421196282
250000,720000,766402.7205333075,741561.8154202845
250000,730000,775736.0068577842,751212.6852297387
250000,740000,785087.9169155462,760874.1621042996
250000,750000,794457.6905366278,770545.7855736801
250000,760000,803844.6061440855,780227.1190608178
250000,770000,813247.9826971098,789917.7525813673
250000,780000,822667.1714669307,799617.2955377992
250000,790000,832101.5583224018,809325.379628282
250000,800000,841550.5619703359,819041.6578316024
250000,810000,851013.6274132526,828765.7985731101
250000,820000,860490.2289147803,838497.4893154153
250000,830000,869979.8662472975,848236.4333399036
250000,840000,879482.0614092804,857982.3470737267
250000,850000,888996.3625327946,867734.9643891165
250000,860000,898522.3366141041,877494.0299601215
250000,870000,908059.5719920652,887259.3020225114
250000,880000,917607.6751046701,897030.5496986038
250000,890000,927166.2708930263,906807.5536441626
250000,900000,936735.0013419878,916590.1050604826
250000,910000,946313.5252440611,926378.005721895
250000,920000,955901.5147616526,936171.0649205067
250000,930000,965498.6573436245,945969.1016422673
250000,940000,975104.6525666472,955771.9417113248
250000,950000,984719.2160923661,965579.4219475309
250000,960000,994342.0721348067,975391.3830162399
250000,970000,1003972.9593486111,985207.6753823415
250000,980000,1013611.6241991104,995028.1530762517
250000,990000,1023257.8265665561,1004852.6793366991
250000,1000000,1032911.3348706897,1014681.1220647948
260000,10000,1229375.2448976578,852137.9848514267
260000,20000,976743.1542235778,677026.9576319725
260000,30000,832196.5147026599,576849.992568691
260000,40000,732348.8682148323,507763.94530962425
260000,50000,657780.3521254208,456463.33775551635
260000,60000,599991.133098417,417170.7901963501
260000,70000,554352.2664358758,386715.70187069755
260000,80000,517943.7258647513,363056.501267081
260000,90000,488749.6809012596,344750.8535554322
260000,100000,465302.90107755334,330728.127059122
260000,110000,446500.53665362723,320171.681689302
260000,120000,431495.6999483318,312448.0110292877
260000,130000,419627.7108933584,307059.6483101623
260000,140000,410374.55575435894,303612.03310515307
260000,150000,403319.2582099801,301789.4396597531
260000,160000,398125.49002968235,301337.14936334064
260000,170000,394519.5595581222,302048.07438484073
260000,180000,392276.9160852316,303752.6162335743
260000,190000,391211.9214687217,306310.91324665747
260000,200000,391170.01176973723,309606.86303785513
260000,210000,392021.6373112696,313543.48161649605
260000,220000,393657.534673171,318039.27271993627
260000,230000,395985.0064881039,323025.36647385114
260000,240000,398924.9768391701,328443.25322867965
260000,250000,402409.6345724792,334242.9698724796
260000,260000,406380.54459059786,340381.6474107056
260000,270000,410787.1184128459,346822.3361937597
260000,280000,415585.3648876956,353533.0474574632
260000,290000,420736.87514425267,360485.97665486624
260000,300000,426207.97980222024,367656.85931112315
260000,310000,431969.05448334554,375024.44177351607
260000,320000,437993.94236139377,382570.04228135484
260000,330000,444259.4691611388,390277.1830030464
260000,340000,450745.03939515736,398131.2850200962
260000,350000,457432.29210623173,406119.4084416548
260000,360000,464304.81163642835,414230.0351596456
260000,370000,471347.8803256546,422452.883344656
260000,380000,478548.2694413729,430778.75139414176
260000,390000,485894.0566136276,439199.381671496
260000,400000,493374.4726868706,447707.34706633945
260000,410000,500979.7665198847,456295.9506270962
260000,420000,508701.08922726894,464959.14022996975
260000,430000,516530.3951738528,473691.4359572452
260000,440000,524460.3516924542,482487.8634582563
260000,450000,532484.2653075699,491343.90048715996
260000,460000,540596.012939427,500255.426440371
260000,470000,548789.9837159297,509218.6802316862
260000,480000,557061.0272036805,518230.22277121514
260000,490000,565404.4085728975,527286.9048419922
260000,500000,573815.7662151945,536385.8361230252
260000,510000,582291.0768280562,545524.3604077374
260000,520000,590826.6247587437,554700.0338893556
260000,530000,599418.9727794363,563910.6041477236
260000,540000,608064.9355977806,573153.9910885761
260000,550000,616761.5598047697,582428.2732722618
260000,560000,625506.1010019117,591731.6712017104
260000,570000,634296.0066275079,601062.5354196483
260000,580000,643128.9016121079,610419.3369400682
260000,590000,652002.5706623611,619800.6541299499
260000,600000,660914.9459175684,629205.1642837387
260000,610000,669864.0958684932,638631.6362170858
260000,620000,678848.2137572027,648078.9219315022
260000,630000,687865.6079269132,657545.9500456053
260000,640000,696914.6932624982,667031.7200077007
260000,650000,705993.981302421,676535.294787564
260000,660000,715102.075083462,686055.7979335595
260000,670000,724237.662356363,695592.4089519988
260000,680000,733399.5078047022,705144.3575293814
260000,690000,742586.4472864446,714710.9195944725
260000,700000,751797.3855205926,724291.4165490794
260000,710000,761031.2887456826,733885.2095120165
260000,720000,770287.1806033491,743491.6966696344
260000,730000,779564.1390523436,753110.3113960831
260000,740000,788861.2924901032,762740.5196090933
260000,750000,798177.8165589601,772381.8176832483
260000,760000,807512.9296700646,782033.7290605928
260000,770000,816865.8939945576,791695.8060617219
260000,780000,826236.0059716103,801367.6214638492
260000,790000,835622.6003805014,811048.7732610676
260000,800000,845025.0462752674,820738.8813612795
260000,810000,854442.7439130946,830437.5852990787
260000,820000,863875.1221189969,840144.5422452039
260000,830000,873321.6379952846,849859.4273225975
260000,840000,882781.77507523,859581.9323272217
260000,850000,892255.0419976615,869311.7649451968
260000,860000,901740.9696902198,879048.6464470947
260000,870000,911239.1123359802,888792.313133112
260000,880000,920749.0429126696,898542.5122884706
260000,890000,930270.3544815121,908299.0039301977
260000,900000,939802.6591055687,918061.5600574696
260000,910000,949345.5861384345,927829.9633074596
260000,920000,958898.7814791118,937604.0065941726
260000,930000,968461.9045966638,947383.4904508217
260000,940000,978034.6311431184,957168.2259032661
260000,950000,987616.6516690595,966958.0334534029
260000,960000,997207.6674461829,976752.739247828
260000,970000,1006807.3950331041,986552.179804606
260000,980000,1016415.5597426997,996356.1958014205
260000,990000,1026031.9007006726,1006164.6372664627
260000,1000000,1035656.1659593141,1015977.3589806856
270000,10000,1291078.6861029207,894907.5511534399
270000,20000,1028439.9969296837,712860.4062093692
270000,30000,878017.8062999096,608606.9261488949
270000,40000,773920.113352156,536551.916767371
270000,50000,695917.5082207609,482816.73845171
270000,60000,635180.5893304147,441398.52067684743
270000,70000,586938.9289036525,409039.3405731165
270000,80000,548205.1329466193,383661.77431723045
270000,90000,516924.1921877882,363804.32937400934
270000,100000,491600.52944980323,348381.6880172236
270000,110000,471107.6784136676,336563.4620927677
270000,120000,454577.8908634711,327702.7371151198
270000,130000,441331.7915831972,321289.173589211
270000,140000,430830.6461216633,316916.15848692844
270000,150000,422642.61556415586,314256.9214093164
270000,160000,416418.24201432534,313046.7850256554
270000,170000,411872.28775275836,313069.7819140706
270000,180000,408770.07984222873,314148.4560964831
270000,190000,406917.120551156,316136.02606182726
270000,200000,406151.09554028907,318910.31228401436
270000,210000,406335.673094781,322369.00104162056
270000,220000,407355.64982643246,326425.92351166246
270000,230000,409113.11752717564,331008.11060700694
270000,240000,411524.4215313486,336053.4532170842
270000,250000,414517.7197152087,341508.82334761455
270000,260000,418031.02002646495,347328.564061245
270000,270000,422010.58794824453,353473.2648621945
270000,280000,426409.64442493865,359908.76145858807
270000,290000,431187.30277311575,366605.3206242503
270000,300000,436307.6876572485,373536.96562827873
270000,310000,441739.2045477765,380680.91794813675
270000,320000,447453.9350317131,388017.1365474154
270000,330000,453427.1244833498,395527.92794508056
270000,340000,459636.756859861,403197.6238894634
270000,350000,466063.1923664568,411012.30717431277
270000,360000,472688.8607138797,418959.5800866298
270000,370000,479497.99986650364,427028.36781874753
270000,380000,486476.4346553979,435208.7526092599
270000,390000,493611.384176334,443491.82948678196
270000,400000,500891.2962818385,451869.58261412446
270000,410000,508305.7085813806,460334.7824959168
270000,420000,515845.1210209019,468880.8907800843
270000,430000,523500.89293374115,477501.98483976535
270000,440000,531265.14750421,486192.6869896079
270000,450000,539130.6901619519,494948.1045090879
270000,460000,547090.9391334446,503763.77911315893
270000,470000,555139.8602026547,512635.6389402378
270000,480000,563271.9129135845,521559.95950856234
270000,490000,571482.0025613568,530533.3291919347
270000,500000,579765.4348844012,539552.6159123488
270000,510000,588117.8788977052,548614.9406373369
270000,520000,596535.333700364,557717.6535929445
270000,530000,605014.0969444279,566858.3115054469
270000,540000,613550.7373821789,576034.6578332691
270000,550000,622142.0726677632,585244.6074058163
270000,560000,630785.145681774,594486.2291707405
270000,570000,639477.2047273599,603757.7320320954
270000,580000,648215.6898564581,613057.4561940315
270000,590000,656998.2115730526,622383.856726026
270000,600000,665822.5409994527,631735.4978500042
270000,610000,674686.5946143533,641111.0415488099
270000,620000,683588.4231510363,650509.240019672
270000,630000,692526.2021280099,659928.9293528227
270000,640000,701498.220405634,669369.0210921823
270000,650000,710502.8725035888,678828.4971784062
270000,660000,719538.6511238447,688306.4049441413
270000,670000,728604.139296592,697801.8515475128
270000,680000,737698.0037628498,707313.9993240061
270000,690000,746818.9883663849,716842.061280176
270000,700000,755965.90928439,726385.297902201
270000,710000,765137.6514218291,735943.0151670679
270000,720000,774333.1604296174,745514.5581728128
270000,730000,783551.4399999727,755099.3097963103
270000,740000,792791.5490423751,764696.6889990218
270000,750000,802052.5974845497,774306.1479370228
270000,760000,811333.7409481126,783927.1677409771
270000,770000,820634.1821036403,793559.2607500799
270000,780000,829953.1609461246,803201.9619520295
270000,790000,839289.9598492444,812854.8346744886
270000,800000,848643.895730003,822517.4637081738
270000,810000,858014.3211676471,832189.457109474
270000,820000,867400.6184162707,841870.4410197159
270000,830000,876802.2024902704,851560.063265323
270000,840000,886218.5132063983,861257.986166433
270000,850000,895649.0209697009,870963.8927312241
270000,860000,905093.2182815428,880677.4788526653
270000,870000,914550.6228012197,890398.4567694144
270000,880000,924020.7741843527,900126.5524005143
270000,890000,933503.2316168254,909861.5033624723
270000,900000,942997.5766077988,919603.062108111
270000,910000,952503.4079546059,929350.9912850433
270000,920000,962020.3426260058,939105.0650290139
270000,930000,971548.0129611198,948865.066498965
270000,940000,981086.0678261359,958630.7892908285
270000,950000,990634.1734664518,968402.0385992731
270000,960000,1000192.0063933898,978178.6245063043
270000,970000,1009759.2601440805,987960.3688201698
270000,980000,1019335.6378715298,997747.0980846903
270000,990000,1028920.8572376264,1007538.6486129956
270000,1000000,1038514.6470462044,1017334.8633433962
280000,10000,1353316.718084375,938047.6675448838
280000,20000,1080672.031506451,749064.8482725479
280000,30000,924378.7755310148,640738.9525355503
280000,40000,816047.1158091757,565730.2919878701
280000,50000,734636.7843762984,509585.8521805802
280000,60000,670980.5752928193,466069.34257947427
280000,70000,620159.906361037,431829.128769817
280000,80000,579117.0324153176,404749.11250118935
280000,90000,545757.3972620353,383348.3266637674
280000,100000,518557.99612114445,366527.66682546464
280000,110000,496370.1014807608,353444.2954403502
280000,120000,478306.46383831877,343439.17926165834
280000,130000,463670.2021301595,335990.22439627873
280000,140000,451906.8309347126,330679.6697615929
280000,150000,442570.4098386308,327170.40400673146
280000,160000,435298.93122110504,325188.32265767804
280000,170000,429796.0449726606,324508.9722618132
280000,180000,425817.2750257133,324947.3256330833
280000,190000,423159.49433624384,326349.88527033175
280000,200000,421652.80153990077,328588.5367190829
280000,210000,421154.1953986096,331555.7323899056
280000,220000,421542.6064003202,335160.6917845041
280000,230000,422714.9623823914,339326.38331109204
280000,240000,424583.0555303783,343987.11629237584
280000,250000,427071.0234340842,349086.6027569531
280000,260000,430113.3159468807,354576.3926018132
280000,270000,433653.04539083055,360414.6042159968
280000,280000,437640.63039918273,366564.8815461069
280000,290000,442032.68973690306,372995.5447506825
280000,300000,446791.12153937994,379678.8838189635
280000,310000,451882.341166077,386590.5752075612
280000,320000,457276.64636480244,393709.19682085473
280000,330000,462947.67966843455,401015.81775256933
280000,340000,468871.98377122066,408493.6605412963
280000,350000,475028.61827025854,416127.80994627235
280000,360000,481398.83761172486,423904.9692502004
280000,370000,487965.815846306,431813.2524466759
280000,380000,494714.4124538025,439842.00802555087
280000,390000,501630.96891143394,447981.66606092075
280000,400000,508703.1345275208,456223.6077617117
280000,410000,515919.7177420894,464560.05471088673
280000,420000,523270.55296218954,472983.9692883533
280000,430000,530746.3898893629,481488.9729776801
280000,440000,538338.7928375871,490069.2714960534
280000,450000,546040.054371661,498719.59112974093
280000,460000,553843.1210657796,507435.12438314426
280000,470000,561741.5235609952,516211.4780323202
280000,480000,569729.3213692829,525044.6334692437
280000,490000,577801.0497128274,533930.9076485508
280000,500000,585951.6717339368,542866.918025837
280000,510000,594176.5392042215,551849.5542626658
280000,520000,602471.3576705857,560875.9535056293
280000,530000,610832.1524011045,569943.4752999222
280000,540000,619255.2378145275,579049.6793647283
280000,550000,627737.1963794441,588192.3114717801
280000,560000,636274.8499545683,597369.2817557419
280000,570000,644865.2430401247,606578.6536437665
280000,580000,653505.6233109339,615818.6299444317
280000,590000,662193.4233769357,625087.5395354335
280000,600000,670926.2463447051,634383.8274045285
280000,610000,679701.8512308516,643706.0440789434
280000,620000,688518.1432898431,653052.8396481206
280000,630000,697373.1591650484,662422.9523797479
280000,640000,706265.0591648846,671815.2040047668
280000,650000,715192.1152415707,681228.4906444317
280000,660000,724152.7062651162,690661.7805351306
280000,670000,733145.3065064192,700114.1050074447
280000,680000,742168.4817339655,709584.5566893339
280000,690000,751220.8801585623,719072.2825605697
280000,700000,760301.2282328258,728576.4814878053
280000,710000,769408.3241668191,738096.3995832114
280000,720000,778541.0332688122,747631.3269997644
280000,730000,787698.2832519419,757180.5947912504
280000,740000,796879.0601877403,766743.5721624787
280000,750000,806082.4065141118,776319.6656993118
280000,760000,815307.4125738249,785908.3121505424
280000,770000,824553.2186443853,795508.9814405423
280000,780000,833819.0080455138,805121.1708641084
280000,790000,843104.0057789639,814744.40459432
280000,800000,852407.4777162588,824378.2336825874
280000,810000,861728.7250628113,834022.2314382609
280000,820000,871067.0834582654,843675.993201737
280000,830000,880421.9212710937,853339.1353593293
280000,840000,889792.6362405386,863011.2926582565
280000,850000,899178.6572097443,872692.1204309462
280000,860000,908579.4375567584,882381.2887725241
280000,870000,917994.4574571006,892078.4852144287
280000,880000,927423.2203261849,901783.4116758162
280000,890000,936865.2519280536,911495.784096547
280000,900000,946320.1001614116,921215.3325655789
280000,910000,955787.3334463852,930941.8001801139
280000,920000,965266.5386626867,940674.9413822071
280000,930000,974757.3193729946,950414.5205289294
280000,940000,984259.2980237295,960160.3143965622
280000,950000,993772.1135891903,969912.1101478996
280000,960000,1003295.4183606692,979669.7024904484
280000,970000,1012828.8810219843,989432.8969588337
280000,980000,1022372.182604502,999201.5061788859
280000,990000,1031925.0183076303,1008975.3519036442
280000,1000000,1041487.0955400558,1018754.2633453526
290000,10000,1416070.2322960168,981545.0889908737
290000,20000,1133420.0551770339,785626.9635966696
290000,30000,971259.235901144,673231.8217149185
290000,40000,858707.0421704102,595282.2735447318
290000,50000,773912.4541139908,536751.0872989336
290000,60000,707363.6159669278,491161.9593358388
290000,70000,653987.4300899289,455063.4430486949
290000,80000,610652.5280518931,426297.65895679273
290000,90000,575224.0205733834,403363.44505299005
290000,100000,546152.0381605743,385148.47067585686
290000,110000,522266.69490624615,370798.5111313067
290000,120000,502662.4437698754,359643.55979636346
290000,130000,486625.9954920143,351150.80436380004
290000,140000,473588.03946668643,344892.2019959064
290000,150000,463089.2752396443,340520.98906145024
290000,160000,454755.7237885003,337754.16649562836
290000,170000,448280.3647581167,336359.1981550895
290000,180000,443409.2492432159,336143.78414882533
290000,190000,439930.8657450857,336947.9295857189
290000,200000,437667.9031551524,338637.7412172737
290000,210000,436470.8166222181,341100.54653409106
290000,220000,436212.75880073855,344241.0279884648
290000,230000,436785.55098221614,347978.138369525
290000,240000,438096.46864612156,352242.63352491136
290000,250000,440065.6480835329,356975.0782770159
290000,260000,442623.99006817455,362124.2333210807
290000,270000,445711.45160951425,367645.74049724964
290000,280000,449275.6418026174,373501.0422036748
290000,290000,453270.6730432496,379656.49841194786
290000,300000,457656.2027223998,386082.65060302377
290000,310000,462396.63846042927,392753.6121491371
290000,320000,467460.4752875916,399646.5610785413
290000,330000,472819.73612102884,406741.31230351084
290000,340000,478449.50195763086,414019.95939451247
290000,350000,484327.5129394453,421466.5710340339
290000,360000,490433.83033537725,429066.9344081333
290000,370000,496750.54604791605,436808.33511592145
290000,380000,503261.53694604465,444679.37172197946
290000,390000,509952.25016874884,452669.793802214
290000,400000,516809.5207374749,460770.3650477075
290000,410000,523821.41262384376,468972.7440569681
290000,420000,530977.0797336604,477269.3802841503
290000,430000,538266.6494031191,485653.4276747348
290000,440000,545681.1133235889,494118.6629450426
290000,450000,553212.2394177102,502659.42077029514
290000,460000,560852.4903646128,511270.5333953203
290000,470000,568594.951544779,519947.27729412506
290000,480000,576433.2717041324,528685.3300912253
290000,490000,584361.6053061736,537480.7278299598
290000,500000,592374.5648242526,546329.8303896121
290000,510000,600467.1765611022,555229.2890238343
290000,520000,608634.8429801989,564176.0192171489
290000,530000,616873.3094323379,573167.1768515345
290000,540000,625178.6293836269,582200.1321601301
290000,550000,633547.1420069211,591272.454741871
290000,560000,641975.4433002884,600381.8918449192
290000,570000,650460.3664860075,609526.3548857083
290000,580000,658998.961933869,618703.9051121116
290000,590000,667588.477586025,627912.7392881678
290000,600000,676226.3442381248,637151.1795442419
290000,610000,684910.1596456518,646417.6619211332
290000,620000,693637.6765024291,655710.7280351031
290000,630000,702406.7900664799,665029.0164679738
290000,640000,711215.5256597842,674371.2534519768
290000,650000,720062.0317277504,683736.248830803
290000,660000,728944.5670178002,693122.8861599886
290000,670000,737861.4954127766,702530.119850452
290000,680000,746811.2775872683,711956.9692531618
290000,690000,755792.4628082046,721402.5125407703
290000,700000,764803.6833651908,730865.8831449297
290000,710000,773843.6500459793,740346.2669457493
290000,720000,782911.1444741164,749842.896328503
290000,730000,792005.015390476,759355.048052182
290000,740000,801124.174330186,768882.040256604
290000,750000,810267.5919888415,778423.230134809
290000,760000,819434.2926240737,787978.0096962854
290000,770000,828623.3527114679,797545.8053995654
290000,780000,837833.8943057159,807126.0726905868
290000,790000,847065.0863398726,816718.2981826133
290000,800000,856316.1388095571,826321.9947975221
290000,810000,865586.3015148328,835936.7013554858
290000,820000,874874.8608679681,845561.9801482251
290000,830000,884181.1378531117,855197.415679579
290000,840000,893504.486065116,864842.6133572124
290000,850000,902844.291432511,874497.1998298877
290000,860000,912199.9662615723,884160.8177192177
290000,870000,921570.9517427534,893833.1286068673
290000,880000,930956.7150947421,903513.8107249646
290000,890000,940356.7461681793,913202.5560971876
290000,900000,949770.5593909286,922899.0728590244
290000,910000,959197.690354086,932603.0823563207
290000,920000,968637.6952261855,942314.3189150619
290000,930000,978090.1479176225,952032.5274889646
290000,940000,987554.642193501,961757.465962537
290000,950000,997030.7907856405,971488.9046850337
290000,960000,1006518.2197046708,981226.6211885472
290000,970000,1016016.571848242,990970.4039585501
290000,980000,1025525.5055391864,1000720.0513201415
290000,990000,1035044.6924093139,1010475.369576716
290000,1000000,1044573.8170174957,1020236.1728957663
300000,10000,1479321.4358039931,1025387.4823694368
300000,20000,1186666.204794788,822534.3641468593
300000,30000,1018640.568320835,706072.4345705246
300000,40000,901879.034179478,625192.6088803426
300000,50000,813720.9844066496,564294.6089277238
300000,60000,744304.3583474921,516656.7676839667
300000,70000,688395.5964880396,478722.11608209094
300000,80000,642786.2632611336,448287.7137892441
300000,90000,605299.999276249,423831.1448401928
300000,100000,574360.3124764708,404227.1063074951
300000,110000,548777.0243920229,388610.8247514776
300000,120000,527627.3331950626,376302.31673607865
300000,130000,510182.5468884463,366759.00288288546
300000,140000,495859.40013675333,359543.3765072407
300000,150000,484185.9509599584,354299.69120136986
300000,160000,474776.8198821434,350736.5813127935
300000,170000,467314.7595826784,348613.8346278714
300000,180000,461536.68892550253,347732.18785784475
300000,190000,457222.9663042235,347925.37762035977
300000,200000,454189.0607027536,349053.900562699
300000,210000,452279.02263244544,351000.0809040482
300000,220000,451360.32441709464,353664.147979916
300000,230000,451319.74955309305,356961.09665707225
300000,240000,452060.1032064547,360818.1667656273
300000,250000,453497.5486318264,365172.79736401857
300000,260000,455559.4519566384,369970.96925685223
300000,270000,458182.6209667178,375165.8496524611
300000,280000,461311.85427494894,380716.6754424299
300000,290000,464898.7504825881,386587.8370015246
300000,300000,468900.7158491337,392748.11539365264
300000,310000,473280.1375571743,399170.04735434434
300000,320000,478003.69387774274,405829.39642821933
300000,330000,483041.77092598757,412704.70627182035
300000,340000,488367.9731139369,419776.9266879473
300000,350000,493958.7042507536,427029.09386953514
300000,360000,499792.8159095721,434446.0630149496
300000,370000,505851.3014438398,442014.2756603312
300000,380000,512117.0401071275,449721.56625814387
300000,390000,518574.5691419329,457556.98933954805
300000,400000,525209.8935695894,465510.6764176028
300000,410000,532010.3203879071,473573.71147941845
300000,420000,538964.3091963578,481738.01833408297
300000,430000,546061.35105801,489996.27069470385
300000,440000,553291.8542341891,498341.8063752703
300000,450000,560647.0492711873,506768.5568683363
300000,460000,568118.9047036964,515270.98495315685
300000,470000,575700.0501984698,523844.02733909705
300000,480000,583383.7128896589,532483.0481675836
300000,490000,591163.6590304599,541183.7960076154
300000,500000,599034.1400413522,549942.3638154462
300000,510000,606989.8478365898,558755.1564940067
300000,520000,615025.8761262203,567618.8630501102
300000,530000,623137.6811455826,576530.4274480047
300000,540000,631321.0490389548,585487.0249625753
300000,550000,639572.0687852704,594486.0429026623
300000,560000,647887.1045215494,603525.0604641824
300000,570000,656262.7714892976,612601.8311955573
300000,580000,664695.9174618301,621714.2702160546
300000,590000,673183.6009088241,630860.4380638475
300000,600000,681723.0743721734,640038.5288755229
300000,610000,690311.7695142057,649246.8599790784
300000,620000,698947.2833083112,658483.8620534441
300000,630000,707627.3636115178,667748.068622903
300000,640000,716349.898970957,677038.1091549462
300000,650000,725112.9071054525,686352.7007509979
300000,660000,733914.5258893174,695690.6419635883
300000,670000,742753.0038455462,705050.8059481041
300000,680000,751626.6940268327,714432.1367149878
300000,690000,760534.041940867,723833.639437432
300000,700000,769473.5855629274,733254.3823044935
300000,710000,778443.9427602943,742693.4860400885
300000,720000,787443.8104965199,752150.1247240322
300000,730000,796471.9548902339,761623.5175945938
300000,740000,805527.2107939015,771112.9299839529
300000,750000,814608.4754728598,780617.6685058826
300000,760000,823714.7039549251,790137.0775880808
300000,770000,832844.9068457008,799670.5385581658
300000,780000,841998.1441503931,809217.4646036933
300000,790000,851173.5245462894,818777.3009897796
300000,800000,860370.2022797562,828349.5229177186
300000,810000,869587.372976444,837933.6322972272
300000,820000,878824.2729883912,847529.1578665138
300000,830000,888080.1742833096,857135.6508882112
300000,840000,897354.3832757925,866752.6847782106
300000,850000,906646.2428192147,876379.8575314679
300000,860000,915955.1223124337,886016.7827891734
300000,870000,925280.42384555,895663.0963082201
300000,880000,934621.575061547,905318.4495398301
300000,890000,943978.0296115914,914982.5105532134
300000,900000,953349.2667871843,924654.9641030997
300000,910000,962734.7892154953,934335.5098753524
300000,920000,972134.1210159668,944023.8609974742
300000,930000,981546.8046759996,953719.7413996292
300000,940000,990972.4057242741,963422.8907943578
300000,950000,1000410.5079235889,973133.0602027904
300000,960000,1009860.7102289689,982850.0093726849
300000,970000,1019322.6309575087,992573.5111367867
300000,980000,1028795.9022727956,1002303.3462769239
300000,990000,1038280.1725442793,1012039.3061215897
300000,1000000,1047775.104580048,1021781.191039206
310000,10000,1543053.72756304,1069563.3407128383
310000,20000,1240393.8202020542,859775.4980385945
310000,30000,1066505.5353181392,739248.6982787196
310000,40000,945543.967237023,655447.3926257407
310000,50000,854040.8035616877,592200.1501780236
310000,60000,781779.3930862397,542535.7188329702
310000,70000,723360.2497088863,502786.3539250727
310000,80000,675494.3509489684,470700.6949364445
310000,90000,635962.4524697132,444733.7422801065
310000,100000,603161.3938487828,423747.1992297755
310000,110000,575881.3437821699,406866.3683056868
310000,120000,553183.1364124721,393402.14303775394
310000,130000,534323.5806467119,382803.03548863693
310000,140000,518706.27183674683,374622.84321179235
310000,150000,505847.31322993437,368497.4795084783
310000,160000,495350.48387933674,364127.73093186464
310000,170000,486888.7520175193,361266.11680446926
310000,180000,480190.2476211882,359706.7241185739
310000,190000,475027.46379065857,359277.2604741606
310000,200000,471208.8483613019,359832.7904245978
310000,210000,468572.1946420588,361250.7654585675
310000,220000,466979.40413594694,363427.05710146733
310000,230000,466312.3011352752,366272.76942816644
310000,240000,466469.27334136644,369711.67030962213
310000,250000,467362.5480180873,373678.1026237839
310000,260000,468915.9788903041,378115.28385207773
310000,270000,471063.2368445991,382973.9144469819
310000,280000,473746.3131764051,388211.02560656844
310000,290000,476914.2914729981,393789.03435150784
310000,300000,480522.3205535194,399674.95318822324
310000,310000,484530.75834649504,405839.73213024635
310000,320000,488904.4552091586,412257.7082712113
310000,330000,493612.14721130463,418906.1404784125
310000,340000,498625.9486284833,425764.82106720924
310000,350000,503920.9132053279,432815.7401140231
310000,360000,509474.6680945647,440042.8065351437
310000,370000,515267.09434728266,447431.604522776
310000,380000,521280.05774119374,454969.18934613373
310000,390000,527497.173599742,462643.9089776347
310000,400000,533903.6036654603,470445.25027132145
310000,410000,540485.8833463185,478363.7090522804
310000,420000,547231.7663343373,486390.672635392
310000,430000,554130.0957843025,494518.32378132927
310000,440000,561170.684291665,502739.55015455314
310000,450000,568344.2151493845,511047.8710558151
310000,460000,575642.1514432622,519437.3694658368
310000,470000,583056.6574382464,527902.6336100533
310000,480000,590580.5300181735,536438.7063419863
310000,490000,598207.1371456868,545041.0396367445
310000,500000,605930.3614498483,553705.4526762019
310000,510000,613744.5534435041,562428.0978028267
310000,520000,621644.4883383713,571205.428755044
310000,530000,629625.3275463955,580034.1726401368
310000,540000,637682.5823758115,588911.3030570929
310000,550000,645812.086224512,597834.020420858
310000,560000,654009.9639190804,606799.7292287945
310000,570000,662272.6077451688,615806.0208286922
310000,580000,670596.6575447972,624850.6596424459
310000,590000,678978.9765545197,633931.5649126266
310000,600000,687416.6348689067,643046.7992569311
310000,610000,695906.8927659212,652194.5566075173
310000,620000,704447.1864673753,661373.1523641062
310000,630000,713035.1137988647,670581.0128601181
310000,640000,721668.4209402897,679816.6658912062
310000,650000,730344.9929639689,689078.7343609878
310000,660000,739062.8414551489,698365.92701976
310000,670000,747820.0970213996,707677.0336982502
310000,680000,756615.0013294443,717010.9198085807
310000,690000,765445.895027004,726366.5168558978
310000,700000,774311.2155264108,735742.8221162598
310000,710000,783209.4882191904,745138.891953908
310000,720000,792139.3197607282,754553.8369971192
310000,730000,801099.3932077289,763986.8189014125
310000,740000,810088.463673973,773437.0476090544
310000,750000,819105.3532212236,782903.7776121938
310000,760000,828148.9448893528,792386.303550011
310000,770000,837218.180253933,801883.9587997866
310000,780000,846312.0571320546,811396.114396005
310000,790000,855429.6218273216,820922.1725566126
310000,800000,864569.9698183695,830461.5680697375
310000,810000,873732.2421511981,840013.7658221863
310000,820000,882915.6228826703,849578.259089722
310000,830000,892119.3322593124,859154.5635167928
310000,840000,901342.6297183344,868742.2209085645
310000,850000,910584.8127513201,878340.7987050693
310000,860000,919845.2061892537,887949.8801461216
310000,870000,929123.172632779,897569.0749962766
310000,880000,938418.0986860906,907198.0067522286
310000,890000,947729.3998892073,916836.3178267721
310000,900000,957056.5194890894,926483.6689886415
310000,910000,966398.9258014761,936139.7370544655
310000,920000,975756.1100143325,945804.2133170934
310000,930000,985127.5824729862,955476.8002395184
310000,940000,994512.878880704,965157.2179068548
310000,950000,1003911.553976469,974845.1981317688
310000,960000,1013323.1780338541,984540.4815358124
310000,970000,1022747.3435921213,994242.8242158078
310000,980000,1032183.6577472547,1003951.9906893184
310000,990000,1041631.742772264,1013667.7546729952
310000,1000000,1051091.2379436688,1023389.9011496232
320000,10000,1607251.5746075786,1114061.8973897768
320000,20000,1294587.3250150082,897339.566059442
320000,30000,1114838.1143739973,772749.3987525649
320000,40000,989684.2405493206,686033.8956543495
320000,50000,894852.0913023223,620452.8411018986
320000,60000,819767.0829951407,568782.1838009617
320000,70000,758858.8603711425,527238.6480254227
320000,80000,708754.3002565,493519.0933861193
320000,90000,667189.6420789267,466054.3953100518
320000,100000,632534.7590882311,443692.99967436964
320000,110000,603560.600129335,425550.71270139224
320000,120000,579312.3729394424,410930.01547256
320000,130000,559033.1927344798,399271.2787562939
320000,140000,542114.267931985,390120.31563392037
320000,150000,528060.4008612022,383105.31240593584
320000,160000,516465.0705657253,377919.7123495627
320000,170000,506991.8986414366,374309.1710053445
320000,180000,499360.5712024645,372061.44233190105
320000,190000,493335.98505848896,370998.4496327825
320000,200000,488719.7732414375,370970.01138978556
320000,210000,485343.6296512905,371848.8468885037
320000,220000,483064.0020591846,373526.5729706653
320000,230000,481757.841269599,375910.4772203446
320000,240000,481319.17997264076,378920.908576036
320000,250000,481656.3526192707,382489.149386956
320000,260000,482689.72977141547,386555.676934035
320000,270000,484349.8623092197,391068.7371057799
320000,280000,486575.94447203836,395983.16185310134
320000,290000,489314.5472434738,401259.3943340157
320000,300000,492518.56089938054,406862.67523135996
320000,310000,496146.3072300064,412762.35950035846
320000,320000,500160.8014136203,418931.349356146
320000,330000,504529.120124339,425345.60873300553
320000,340000,509221.875473933,431983.76024649135
320000,350000,514212.7594296437,438826.7359840727
320000,360000,519478.16298228264,445857.4868254309
320000,370000,524996.8410545071,453060.7263028893
320000,380000,530749.6353761959,460422.72008441214
320000,390000,536719.2246617015,467931.09568154067
320000,400000,542889.9161185458,475574.6845695658
320000,410000,549247.4617825483,483343.38327444205
320000,420000,555778.8980194676,491228.03196901106
320000,430000,562472.4082983338,499220.3114687877
320000,440000,569317.2001941174,507312.65063227306
320000,450000,576303.3975967764,515498.14544773655
320000,460000,583421.9504522317,523770.4919664325
320000,470000,590664.5471210765,532123.9204211383
320000,480000,598023.5453950616,540553.1443167389
320000,490000,605491.9067044017,549053.3115988903
320000,500000,613063.1368234283,557619.9604320845
320000,510000,620731.2369616508,566248.983422345
320000,520000,628490.6569746239,574936.5930041567
320000,530000,636336.2567499558,583679.2934619307
320000,540000,644263.2658876686,592473.8505723471
320000,550000,652267.2552150305,601317.2716764294
320000,560000,660344.105180628,610206.7821360636
320000,570000,668489.9806625046,619139.8072359702
320000,580000,676701.3063577499,628113.9543255618
320000,590000,684974.7463641039,637126.9979343789
320000,600000,693307.1825795998,646176.8640762444
320000,610000,701695.7000171763,655261.6201409438
320000,620000,710137.5705991249,664379.4630261416
320000,630000,718630.2366815757,673528.7072294138
320000,640000,727171.2990469445,682707.7762909596
320000,650000,735758.5054587546,691915.1947955285
320000,660000,744389.7384016982,701149.5794019686
320000,670000,753063.0089332657,710409.6353222347
320000,680000,761776.4397793289,719694.1426524564
320000,690000,770528.2676643289,729001.9602162704
320000,700000,779316.8250288332,738332.0106941205
320000,710000,788140.5427984998,747683.2843520719
320000,720000,796997.9345010841,757054.8260434009
320000,730000,805887.5962438517,766445.7364392298
320000,740000,814808.2017048096,775855.1686484037
320000,750000,823758.4964847778,785282.324205222
320000,760000,832737.2889746743,794726.4456168665
320000,770000,841743.4502514701,804186.8172180548
320000,780000,850775.911759609,813662.764176693
320000,790000,859833.6575346377,823153.645862522
320000,800000,868915.7229871196,832658.8557958119
320000,810000,878021.1911062025,842177.818657363
320000,820000,887149.1916252603,851709.9905401068
320000,830000,896298.894760246,861254.8533280498
320000,840000,905469.5084049194,870811.9131133645
320000,850000,914660.2842011922,880380.7064240377
320000,860000,923870.5014473855,889960.7854681344
320000,870000,933099.4798919183,899551.7308527229
320000,880000,942346.5674063647,909153.1406034714
320000,890000,951611.1370053127,918764.627473033
320000,900000,960892.597168627,928385.8295805159
320000,910000,970190.3793299402,938016.3986207895
320000,920000,979503.9407380862,947656.00319315
320000,930000,988832.7589940848,957304.3239560288
320000,940000,998176.3389308222,966961.0604091402
320000,950000,1007534.2045445192,976625.9238056213
320000,960000,1016905.8975137407,986298.6357661089
320000,970000,1026290.9830088671,995978.93432497
320000,980000,1035689.0415143991,1005666.56631811
320000,990000,1045099.6703635689,1015361.2891988816
320000,1000000,1054522.485224595,1025062.8726537225
330000,10000,1671900.4182619487,1158873.0610952645
330000,20000,1349232.1229608725,935216.4492791549
330000,30000,1163623.3667439185,806564.1005973928
330000,40000,1034283.5961577346,716940.4183108903
330000,50000,936136.5927147418,649039.0565969629
330000,60000,858247.4087534181,595380.830643828
330000,70000,794870.4138724452,552062.6920764552
330000,80000,742544.9454955058,516726.4271367309
330000,90000,698960.9331474493,487777.0857698997
330000,100000,662460.7727418962,464049.3865873429
330000,110000,631796.4329006366,444649.8833352176
330000,120000,605998.0884481028,428873.21923467465
330000,130000,584295.8661816621,416152.2980062932
330000,140000,566069.277506066,406025.6021144144
330000,150000,550812.4382430637,398114.16925206524
330000,160000,538109.0495146692,392104.58722847
330000,170000,527613.8139789384,387736.0448802273
330000,180000,519038.3187416657,384790.2806966814
330000,190000,512140.1358420605,383083.68196026166
330000,200000,506714.2971656057,382461.0144824594
330000,210000,502586.5594370057,382790.41119631747
330000,220000,499608.0413890869,383959.34490576206
330000,230000,497650.91442163545,385871.3690694389
330000,240000,496604.92529837135,388443.473232814
330000,250000,496374.56496373843,391603.9208494418
330000,260000,496876.7558828319,395290.47765859304
330000,270000,498038.9525455126,399448.95349221607
330000,280000,499797.56560396485,404031.9905371721
330000,290000,502096.66144363396,408998.06288958807
330000,300000,504886.8730234349,414310.6381871623
330000,310000,508124.4853181865,419937.473636296
330000,320000,511770.671915454,425850.0290299435
330000,330000,515790.8438103347,432022.9660059803
330000,340000,520154.1018685814,438433.72782177693
330000,350000,524832.7680482854,445062.17978879245
330000,360000,529801.983750944,451890.3017115588
330000,370000,535039.370139888,458901.9283846212
330000,380000,540524.7312054983,466082.5227709697
330000,390000,546239.7989302647,473418.98207378
330000,400000,552168.0151354665,480899.4719626917
330000,410000,558294.337663186,488513.2793715651
330000,420000,564605.0751757729,496250.68743174727
330000,430000,571087.7410680521,504102.86548484134
330000,440000,577730.9276027272,512061.7738361758
330000,450000,584524.1905250894,520120.07701186975
330000,460000,591457.9559231439,528271.0744880253
330000,470000,598523.4292348283,536508.6317660528
330000,480000,605712.5198343635,544827.1246921435
330000,490000,613017.7747804379,553221.3899893195
330000,500000,620432.316091152,561686.6785417413
330000,510000,627949.7869932692,570218.6153934397
330000,520000,635564.3063074667,578813.1666072906
330000,530000,643270.4249912172,587466.6068851218
330000,540000,651063.0850343129,596175.4891014161
330000,550000,658937.5890131114,604936.6223304138
330000,560000,666889.5678128036,613747.0482405173
330000,570000,674914.9512300271,622604.0193043845
330000,580000,683009.9456494733,631504.982950049
330000,590000,691171.0101345595,640447.5638265121
330000,600000,699394.8350038894,649429.5485629564
330000,610000,707678.3255838085,658448.873860483
330000,620000,716018.5840120214,667503.613595892
330000,630000,724412.8930908871,676591.9666411836
330000,640000,732858.7054511056,685712.250090927
330000,650000,741353.6280067931,694862.8871275648
330000,660000,749895.4115048391,704042.4001197754
330000,670000,758481.9394609554,713249.4024389596
330000,680000,767111.2209677044,722482.5939569109
330000,690000,775781.3779164146,731740.7511701786
330000,700000,784490.6394783088,741022.723640148
330000,710000,793237.3357307145,750327.4300149697
330000,720000,802019.8873032654,759653.8497181523
330000,730000,810836.8027731042,769001.0221886588
330000,740000,819686.6687664458,778368.0385720513
330000,750000,828568.1527493835,787754.0462232186
330000,760000,837479.9860359186,797158.2332983867
330000,770000,846420.9689949455,806579.8352875285
330000,780000,855389.9642847392,816018.1292325859
330000,790000,864385.8905820892,825472.4290727315
330000,800000,873407.7206538098,834942.0847558569
330000,810000,882454.4802209731,844426.4818329947
330000,820000,891525.242306627,853925.0369192148
330000,830000,900619.1236039314,863437.1952880893
330000,840000,909735.2831085883,872962.4298840006
330000,850000,918872.9204998101,882500.2406334468
330000,860000,928031.2724451831,892050.1517064398
330000,870000,937209.6121781181,901611.7113495952
330000,880000,946407.2446549444,911184.4881647755
330000,890000,955623.5062653486,920768.0711434343
330000,900000,964857.7645535104,930362.0699267066
330000,910000,974109.4124829093,939966.1097743581
330000,920000,983377.8752836736,949579.8386758103
330000,930000,992662.5960574466,959202.9137703443
330000,940000,1001963.0467564452,968835.0124304646
330000,950000,1011278.7194035153,978475.8241136601
330000,960000,1020609.1279937878,988125.0525700653
330000,970000,1029953.807388233,997782.4150493958
330000,980000,1039312.3117310926,1007447.6411285318
330000,990000,1048684.2132512524,1017120.4719479248
330000,1000000,1058069.0992538084,1026800.6573584325
340000,10000,1736986.5825104534,1203987.3523375771
340000,20000,1404314.505908051,973396.6449611369
340000,30000,1212847.3206868202,840683.0592816848
340000,40000,1079326.9661377422,748156.1667308517
340000,50000,977877.4547882178,677946.2823473117
340000,60000,897201.8241921026,622317.5086720856
340000,70000,831375.3009655479,577243.2991640647
340000,80000,776846.3701917061,540307.1895622227
340000,90000,731256.749888295,509886.5961170007
340000,100000,692920.6650537489,484801.8636235856
340000,110000,660571.1686074085,464150.3700554533
340000,120000,633223.8601591387,447219.3665258534
340000,130000,610096.4854166857,433434.872376517
340000,140000,590557.4819396306,422328.63213638566
340000,150000,574090.8543043465,413515.0776445046
340000,160000,560271.0236367763,406674.4080963242
340000,170000,548744.1904142854,401539.7336491344
340000,180000,539214.1832168679,397887.09211521375
340000,190000,531431.522339996,395527.5853610322
340000,200000,525184.8536053295,394301.1225738042
340000,210000,520294.1664830315,394071.4035381754
340000,220000,516605.3815820802,394721.8740547605
340000,230000,513985.98912833387,396152.44042839704
340000,240000,512321.52650880994,398276.7994560402
340000,250000,511512.6969167615,401020.2434044521
340000,260000,511473.01397560176,404317.8595122933
340000,270000,512126.86502020684,408113.045165349
340000,280000,513407.8955382243,412356.2670632946
340000,290000,515257.6790544633,417004.0383671494
340000,300000,517624.59614788945,422018.05611913773
340000,310000,520462.8961184828,427364.4787928008
340000,320000,523731.9109579106,433013.32181106426
340000,330000,527395.3792844464,438937.9370095851
340000,340000,531420.8862670863,445114.5826803938
340000,350000,535779.3736492463,451522.0470811164
340000,360000,540444.7278005774,458141.33263926493
340000,370000,545393.4246432483,464955.3841058607
340000,380000,550604.2207768797,471948.8523051853
340000,390000,556057.8941107964,479107.8965592046
340000,400000,561737.0092523942,486420.00545302074
340000,410000,567625.7202959708,493873.84711197054
340000,420000,573709.5983265506,501459.1384192127
340000,430000,579975.4774715971,509166.52819643804
340000,440000,586411.3259427696,516987.50029157737
340000,450000,593006.122312977,524914.2793033656
340000,460000,599749.7602861736,532939.7599720497
340000,470000,606632.9539952311,541057.4356670019
340000,480000,613647.1570153594,549261.337494364
340000,490000,620784.4941378846,557545.9838059339
340000,500000,628037.6961873912,565906.3314541874
340000,510000,635400.041802936,574337.7319548322
340000,520000,642865.3117775376,582835.8986491142
340000,530000,650427.7420661639,591396.8712690383
340000,540000,658081.9813197101,600016.9844130412
340000,550000,665823.0575243719,608692.8434249359
340000,560000,673646.3458767252,617421.3008236039
340000,570000,681547.5388086044,626199.4341353263
340000,580000,689522.6165650438,635024.5239303407
340000,590000,697567.8298189522,643894.0422070596
340000,600000,705679.6728195145,652805.6319782583
340000,610000,713854.865747586,661757.0947028269
340000,620000,722090.3377838284,670746.3782741862
340000,630000,730383.2097620538,679771.5640859524
340000,640000,738730.7800318388,688830.8571569475
340000,650000,747130.5117913117,697922.5769300375
340000,660000,755580.0203402269,707045.1482255238
340000,670000,764077.0622874895,716197.0933953646
340000,680000,772619.5236691498,725377.0236102316
340000,690000,781205.4135981506,734583.6349133814
340000,700000,789832.8532353925,743815.6997919932
340000,710000,798500.0700180666,753072.0636638551
340000,720000,807205.3896496205,762351.6389719105
340000,730000,815947.226573428,771653.3977323922
340000,740000,824724.0846832034,780976.373714694
340000,750000,833534.5460295981,790319.6531199577
340000,760000,842377.2648490462,799682.3702444851
340000,770000,851250.9684928223,809063.709461315
340000,780000,860154.4481726548,818462.89759862
340000,790000,869086.5559321519,827879.2022033546
340000,800000,878046.2018022698,837311.9295866017
340000,810000,887032.3511432008,846760.4234328573
340000,820000,896044.018681366,856224.0598162392
340000,830000,905080.2657297879,865702.2454911896
340000,840000,914140.1992325957,875194.4175147349
340000,850000,923222.9705898071,884700.043122063
340000,860000,932327.7663430606,894218.6112572926
340000,870000,941453.8169375669,903749.641642452
340000,880000,950600.3823822839,913292.6716331523
340000,890000,959766.7575046618,922847.2618034902
340000,900000,968952.2697527503,932412.9944211508
340000,910000,978156.2766187061,941989.4713448482
340000,920000,987378.1653304159,951576.3142747008
340000,930000,996617.3430394201,961173.1557183001
340000,940000,1005873.2495000775,970779.6515544638
340000,950000,1015145.3470715779,980395.4719951372
340000,960000,1024433.11531442,990020.2963895191
340000,970000,1033736.0627906992,999653.8253156333
340000,980000,1043053.7149580509,1009295.7689985617
340000,990000,1052385.6152845512,1018945.8486991548
340000,1000000,1061731.3269811992,1028603.7988654927
350000,10000,1802497.1989410175,1249395.8514131655
350000,20000,1459821.5789358562,1011871.2144097206
350000,30000,1262496.8764427013,875097.1500810961
350000,40000,1124800.3415503625,779671.1472685892
350000,50000,1020059.0814158341,707162.9958328111
350000,60000,936613.1271203564,649579.1440492226
350000,70000,868355.21834365,602766.3250183235
350000,80000,811639.8399763876,564246.8021768775
350000,90000,764058.5340462411,532368.4855424822
350000,100000,723896.508781935,505936.55205081834
350000,110000,689867.813934032,484039.13384928915
350000,120000,660973.8007263495,465956.412004251
350000,130000,636420.344681689,451108.0138564487
350000,140000,615565.3697112699,439019.47973859496
350000,150000,597883.2996263836,429299.1380329203
350000,160000,582939.7485445763,421621.24384596205
350000,170000,570372.816845161,415713.20434999344
350000,180000,559878.9096393152,411345.6672970202
350000,190000,551201.7669286652,408324.6993360629
350000,200000,544123.8657004426,406485.551852613
350000,210000,538459.6019069555,405687.6490105606
350000,220000,534049.8324843197,405810.5306347381
350000,230000,530757.4727574829,406750.55039755034
350000,240000,528463.9303266073,408418.18239839014
350000,250000,527066.1818909977,410735.8009725997
350000,260000,526474.3784700215,413635.85405185685
350000,270000,526609.8714077788,417059.35271407873
350000,280000,527403.5651022868,420954.60737184744
350000,290000,528794.5549789397,425276.18158876547
350000,300000,530728.9790242497,429984.00838708295
350000,310000,533159.0561683426,435042.6504942838
350000,320000,536042.2739560499,440420.67486071296
350000,330000,539340.7012714219,446090.1239764148
350000,340000,543020.4006710775,452026.063667056
350000,350000,547050.9297383924,458206.2002118361
350000,360000,551404.9114279319,464610.5500496842
350000,370000,556057.6685204905,471221.15981948597
350000,380000,560986.9057718066,478021.86293760856
350000,390000,566172.4342115085,484998.0688290981
350000,400000,571595.9337045251,492136.5813594333
350000,410000,577240.7480308132,499425.44334326556
350000,420000,583091.6985861378,506853.79398032854
350000,430000,589134.9354258112,514411.7569286023
350000,440000,595357.7911222694,522090.32848064986
350000,450000,601748.6604067131,529881.2870626595
350000,460000,608296.8980530166,537777.1166095053
350000,470000,614992.715747732,545770.9279512522
350000,480000,621827.1058941345,553856.4025572145
350000,490000,628791.7644931409,562027.7344069974
350000,500000,635879.0219181726,570279.5777612074
350000,510000,643081.7879717404,578607.006792599
350000,520000,650393.4986291131,587005.4757831416
350000,530000,657808.0695630686,595470.7848413584
350000,540000,665319.8483818505,603999.043364278
350000,550000,672923.5847899807,612586.6495728764
350000,560000,680614.3935511821,621230.2626238896
350000,570000,688387.7209126586,629926.7771194985
350000,580000,696239.3210480592,638673.3070866544
350000,590000,704165.2286325516,647467.1647860949
350000,600000,712161.7380506815,656305.8464854334
350000,610000,720225.3813335329,665187.0157176347
350000,620000,728352.9101558516,674108.4903421741
350000,630000,736541.2780409978,683068.2295754029
350000,640000,744787.6287958199,692064.3262727832
350000,650000,753089.2775763825,701094.9923344214
350000,660000,761443.6987566829,710158.5500451665
350000,670000,769848.519227325,719253.4284720048
350000,680000,778301.500729938,728378.1489360086
350000,690000,786800.5359371632,737531.3239627508
350000,700000,795343.635502005,746711.646834847
350000,710000,803928.9227865704,755917.8885266318
350000,720000,812554.6234300436,765148.8899167802
350000,730000,821219.0595637427,774403.5575421607
350000,740000,829920.6444513442,783680.8604658511
350000,750000,838657.8761758106,792979.8254739942
350000,760000,847429.3307757669,802299.5319080258
350000,770000,856233.6576371421,811639.1087372601
350000,780000,865069.5775794978,820997.733732187
350000,790000,873935.8717315121,830374.6240085544
350000,800000,882831.3872948538,839769.0425622792
350000,810000,891755.0257513302,849180.2879921244
350000,820000,900705.74370502,858607.696088818
350000,830000,909682.5465448505,868050.6348744504
350000,840000,918684.4858825197,877508.5025714188
350000,850000,927710.6626142599,886980.7316663767
350000,860000,936760.2157675003,896466.7785515526
350000,870000,945832.3262639503,905966.1281344515
350000,880000,954926.2118239129,915478.2893670475
350000,890000,964041.1230876187,925002.7919651336
350000,900000,973176.3481606762,934539.1916974644
350000,910000,982331.2046822188,944087.0630007919
350000,920000,991505.0418737249,953646.0013565525
350000,930000,1000697.2332738967,963215.6170757681
350000,940000,1009907.1825472931,972795.5410499389
350000,950000,1019134.3207911812,982385.4225908422
350000,960000,1028378.0943495115,991984.918199342
350000,970000,1037637.983141838,1001593.7095597702
350000,980000,1046913.4814674956,1011211.4851949234
350000,990000,1056204.1082908367,1020837.9509453907
350000,1000000,1065509.3984882655,1030472.8216986897
360000,10000,1868420.130001083,1295090.1452116983
360000,20000,1515741.1824101345,1050631.7288213447
360000,30000,1312559.7154241179,909797.8012322296
360000,40000,1170690.6502945651,811476.0696548531
360000,50000,1062666.9984022335,736678.5564069466
360000,60000,976465.3345948346,677153.6392591969
360000,70000,905793.0659348909,628618.588486879
360000,80000,846907.7267366919,588531.5599767494
360000,90000,797348.6935944136,555209.0576099388
360000,100000,755371.191764477,527440.1787903362
360000,110000,719670.0412542805,504303.6063610692
360000,120000,689232.5525541629,485072.6598192087
360000,130000,663253.1532217321,469160.9825547671
360000,140000,641079.7445046332,456088.3808485244
360000,150000,622177.6582549245,445457.54332339746
360000,160000,606104.1447181766,436937.1991367705
360000,170000,592489.5940560985,430249.4168577406
360000,180000,581023.310220287,425159.7549233082
360000,190000,571442.5225479942,421469.4938981505
360000,200000,563523.7587976782,419009.4287832386
360000,210000,557075.9958128799,417634.86722495285
360000,220000,551935.1668646605,417221.5695891903
360000,230000,547959.7207902344,417662.434214338
360000,240000,545027.0217572091,418864.7889850185
360000,250000,543030.3849442479,420748.1471839751
360000,260000,541876.648403347,423242.36043804896
360000,270000,541484.1650833874,426286.085146754
360000,280000,541781.124202511,429825.49706048
360000,290000,542704.162816176,433813.2256543959
360000,300000,544197.1879034312,438207.44881574454
360000,310000,546210.3956057595,442971.13830040995
360000,320000,548699.4352386681,448071.4164368764
360000,330000,551624.7022130778,453479.0117304243
360000,340000,554950.7368595402,459167.7964704999
360000,350000,558645.7080475781,465114.3893744695
360000,360000,562680.9719033013,471297.8166840162
360000,370000,567030.6920475393,477699.22048970376
360000,380000,571671.5114386632,484301.6071323638
360000,390000,576582.2703523424,491089.63149081665
360000,400000,581743.7558328611,498049.4050167563
360000,410000,587138.4906495592,505168.3348358401
360000,420000,592750.5436639296,512434.9792389633
360000,430000,598565.3690055661,519838.9255276858
360000,440000,604569.6580154055,527370.6772465431
360000,450000,610751.2135992034,535021.5588764192
360000,460000,617098.8427096911,542783.6353019003
360000,470000,623602.2509829473,550649.6312871057
360000,480000,630251.9602483514,558612.8699583019
360000,490000,637039.2302090112,566667.2139906898
360000,500000,643955.987493319,574807.0119742656
360000,510000,650994.7648637181,583027.0531854683
360000,520000,658148.6473538026,591322.5273379842
360000,530000,665411.2239447923,599688.988932873
360000,540000,672776.5375703609,608122.31907075
360000,550000,680239.0542242425,616618.7038323629
360000,560000,687793.621339386,625174.6026254045
360000,570000,695435.4367276845,633786.7255124623
360000,580000,703160.0214534934,642452.0131800238
360000,590000,710963.1925787836,651167.6171201384
360000,600000,718841.0386035081,659930.8813596653
360000,610000,726789.8985863106,668739.3270828449
360000,620000,734806.3441113783,677590.640009565
360000,630000,742887.1601444591,686482.6561142363
360000,640000,751029.3277176833,695413.3486705608
360000,650000,759230.012072532,704380.8204363881
360000,660000,767486.5460479129,713383.2908550429
360000,670000,775796.4221540072,722419.0913547773
360000,680000,784157.276079995,731486.6522311419
360000,690000,792566.8789991356,740584.497746844
360000,700000,801023.130856394,749711.2419777435
360000,710000,809524.0450018626,758865.576184393
360000,720000,818067.7485504216,768046.2712116922
360000,730000,826652.4660711504,777252.1634724207
360000,740000,835276.5194386232,786482.1566890973
360000,750000,843938.3219354346,795735.2176445393
360000,760000,852636.3659084521,805010.3658396296
360000,770000,861369.2243130016,814306.6764226103
360000,780000,870135.5423801915,823623.2733177189
360000,790000,878934.0340144702,832959.3269840598
360000,800000,887763.4756447304,842314.0496628028
360000,810000,896622.7066810748,851686.6967190461
360000,820000,905510.6238403457,861076.5623317388
360000,830000,914426.1730112171,870482.9722897537
360000,840000,923368.3529066009,879905.2886912196
360000,850000,932336.2096253121,889342.9051637708
360000,860000,941328.8322286087,898795.2436186277
360000,870000,950345.3548692024,908261.7567481826
360000,880000,959384.9487852191,917741.9211341523
360000,890000,968446.8204992093,927235.2361639747
360000,900000,977530.217680965,936741.2300319421
360000,910000,986634.4157883024,946259.4475649984
360000,920000,995758.7272358517,955789.4595155602
360000,930000,1004902.4881848457,965330.8504269937
360000,940000,1014065.0675275846,974883.2275154737
360000,950000,1023245.8608692535,984446.215483378
360000,960000,1032444.2857028659,994019.4521477502
360000,970000,1041659.7891431729,1003602.5964134458
360000,980000,1050891.8337856769,1013195.3148130629
360000,990000,1060139.9124609728,1022797.2962004177
360000,1000000,1069403.5327943033,1032408.2371118888
370000,10000,1934743.9188126237,1341062.2924304707
370000,20000,1572061.840160734,1089670.2332783036
370000,30000,1363024.236401802,944776.9467727075
370000,40000,1216985.6704023464,843562.2768698514
370000,50000,1105687.7475344918,766483.1174876961
370000,60000,1016743.5795612927,705029.7882908834
370000,70000,943672.8634875442,654787.8051818303
370000,80000,882633.4486721071,613148.5868334176
370000,90000,831110.5633813776,578395.3347444858
370000,100000,787328.3921661862,549300.0646984244
370000,110000,749962.1793494782,524931.691422234
370000,120000,717985.2909407376,504556.77531013964
370000,130000,690581.0417403167,487583.30144274357
370000,140000,667087.7369958726,473525.75202614116
370000,150000,646962.0607720608,461981.5984543819
370000,160000,629753.3161733722,452614.43751171895
370000,170000,615084.5488935017,445141.3433501754
370000,180000,602638.2794256088,439323.08119383245
370000,190000,592145.491083505,434956.3909223356
370000,200000,583376.9782053386,431867.81035610655
370000,210000,576136.4767757677,429908.6934489486
370000,220000,570255.1360762015,428951.1484147234
370000,230000,565587.0544792092,428884.72230116266
370000,240000,562005.6403395726,429613.67518781073
370000,250000,559400.6164563424,431054.72055716405
370000,260000,557675.5619116126,433135.16058064735
370000,270000,556745.8725841008,435791.33264992846
370000,280000,556537.0528173522,438967.30323797197
370000,290000,556983.3025106135,442613.7852838351
370000,300000,558026.3155938718,446687.21555231785
370000,310000,559614.2734744058,451148.9807570535
370000,320000,561700.9930527277,455964.7622051267
370000,330000,564245.2008572157,461103.9769879148
370000,340000,567209.9144428034,466539.30188709684
370000,350000,570561.9122894834,472246.2655622131
370000,360000,574271.2789819572,478202.89863270195
370000,370000,578311.0150466393,484389.4339707884
370000,380000,582656.6976865845,490788.04632946063
370000,390000,587286.1886050823,497382.62835115916
370000,400000,592179.3764599403,504158.59300326515
370000,410000,597317.9576484035,511102.70643959043
370000,420000,602685.2395831733,518202.93746775074
370000,430000,608265.973669117,525448.3304035029
370000,440000,614046.204430123,532828.8902922099
370000,450000,620013.1345983464,540335.4801598984
370000,460000,626155.0177473479,547959.740255329
370000,470000,632461.045360935,555694.0017379567
370000,480000,638921.264586836,563531.2255291305
370000,490000,645526.4907836661,571464.9354062021
370000,500000,652268.2411499211,579489.1690919675
370000,510000,659138.6654653267,587598.4254266123
370000,520000,666130.4926531281,595787.6248633999
370000,530000,673236.9792164742,604052.0710110349
370000,540000,680451.8590017215,612387.4124184988
370000,550000,687769.3074671573,620789.6170012103
370000,560000,695183.9023482485,629254.9424026037
370000,570000,702690.5872361911,637779.9085312578
370000,580000,710284.645351166,646361.278895878
370000,590000,717961.6717316271,654996.0400317139
370000,600000,725717.5459937359,663681.3810248739
370000,610000,733548.4108183478,672414.677874138
370000,620000,741450.6528285717,681193.479658502
370000,630000,749420.8841097794,690015.4952306171
370000,640000,757455.9216832586,698878.5773779901
370000,650000,765552.7767450544,707780.7159766639
370000,660000,773708.6381256536,716720.0255087073
370000,670000,781920.8593169198,725694.7355847519
370000,680000,790186.947417642,734703.1832410906
370000,690000,798504.5524362033,743743.8050480699
370000,700000,806871.4553723795,752815.1282477212
370000,710000,815285.5642227634,761915.7690439492
370000,720000,823744.8993422453,771044.4205627625
370000,730000,832247.5883468735,780199.8499354305
370000,740000,840791.8594973624,789380.8935860891
370000,750000,849376.0386210452,798586.455929942
370000,760000,857998.5335173567,807815.4960945197
370000,770000,866657.8364829187,817067.0314692478
370000,780000,875352.5177666176,826340.1329078941
370000,790000,884081.218749694,835633.9194015934
370000,800000,892842.6485247125,844947.5558125918
370000,810000,901635.5804003784,854280.2507196246
370000,820000,910458.8478729598,863631.2534062846
370000,830000,919311.3384427242,872999.8490392006
370000,840000,928191.9945821272,882385.3602577237
370000,850000,937099.8070080567,891787.141604018
370000,860000,946033.816380695,901204.5819963102
370000,870000,954993.1045637971,910637.0969021238
370000,880000,963976.796263482,920084.1307568904
370000,890000,972984.0545300788,929545.1530430459
370000,900000,982014.0830764477,939019.6613504702
370000,910000,991066.116213833,948507.1720828707
370000,920000,1000139.4278000568,958007.2296507858
370000,930000,1009233.3149839655,967519.3913530876
370000,940000,1018347.1118075596,977043.2408733597
370000,950000,1027480.1783527451,986578.3782811859
370000,960000,1036631.8989618145,996124.4188509434
370000,970000,1045801.6888864746,1005680.9996258889
370000,980000,1054988.9817738947,1015247.7678932536
370000,990000,1064193.2386859846,1024824.3902759224
370000,1000000,1073413.9403061387,1034410.5453944906
380000,10000,2001457.72290675,1387304.7776427434
380000,20000,1628772.691241374,1128979.199394392
380000,30000,1413879.4818698002,980026.9733101611
380000,40000,1263673.9307941562,875921.668117668
380000,50000,1149108.774155043,796567.5360322804
380000,60000,1057434.0050098018,733197.1910439325
380000,70000,981979.6591533654,681262.515544705
380000,80000,918801.3986103403,638085.7819487484
380000,90000,865328.3547551461,601915.0238332788
380000,100000,819752.5462305304,571504.1061772482
380000,110000,780729.190959809,545911.7558605656
380000,120000,747217.7127948148,524397.7851233392
380000,130000,718390.5584415175,506364.7624020253
380000,140000,693576.8065775498,491322.2007920543
380000,150000,672224.8912053995,478862.73427765607
380000,160000,653876.5538027823,468645.19255537103
380000,170000,638147.8447688974,460381.9841685558
380000,180000,624714.8055922197,453829.3660080543
380000,190000,613302.4299736399,448779.77617991756
380000,200000,603675.9977117156,445055.697002656
380000,210000,595634.1756261246,442504.6874467801
380000,220000,589003.4788260373,440995.339124349
380000,230000,583633.766405231,440413.94925562426
380000,240000,579394.5840864966,440661.7936537397
380000,250000,576172.136173461,441652.85144290904
380000,260000,573866.8008523465,443311.92659986473
380000,270000,572391.0588381066,445573.0739341328
380000,280000,571667.7657329045,448378.2814047224
380000,290000,571628.7085401162,451676.3657800228
380000,300000,572213.3851875,455422.0365505169
380000,310000,573367.9769373528,459575.1068387907
380000,320000,575044.4764000834,464099.82275412686
380000,330000,577199.9460869926,468964.2929965275
380000,340000,579795.8819004658,474139.9986714367
380000,350000,582797.6727963261,479601.3777741797
380000,360000,586174.1308371512,485325.4632326862
380000,370000,589897.0903729011,491291.5750708493
380000,380000,593941.0571802267,497481.05042239494
380000,390000,598282.9108124085,503877.0154889261
380000,400000,602901.6357930115,510464.1790795194
380000,410000,607778.0960962905,517228.66006636486
380000,420000,612894.8320895019,524157.8321275481
380000,430000,618235.8864294362,531240.1907073238
380000,440000,623786.6501353775,538465.2360229217
380000,450000,629533.7210211249,545823.3645508119
380000,460000,635464.7911348877,553305.784578669
380000,470000,641568.5333678381,560904.4292168227
380000,480000,647834.5112868544,568611.8888103447
380000,490000,654253.0952553651,576421.3476155116
380000,500000,660815.3825412022,584326.5227183315
380000,510000,667513.1365366564,592321.6192795234
380000,520000,674338.7246956314,600401.2835805351
380000,530000,681285.0666147349,608560.5641756421
380000,540000,688345.5803236719,616794.8710124092
380000,550000,695514.1472098602,625099.9505392613
380000,560000,702785.0700592314,633471.8537888929
380000,570000,710153.0345866748,641906.9073409886
380000,580000,717613.081905145,650401.693550103
380000,590000,725160.5806948352,658953.0301163222
380000,600000,732791.1982027903,667557.9480774396
380000,610000,740500.8764991259,676213.6743697497
380000,620000,748285.814916274,684917.619541339
380000,630000,756142.4473081826,693667.3603739876
380000,640000,764067.424542572,702460.6273224184
380000,650000,772057.601568904,711295.2954805408
380000,660000,780110.0170492517,720169.3687554041
380000,670000,788221.8864268466,729080.9760931322
380000,680000,796390.5844429862,738028.3577561743
380000,690000,804613.6352344609,747009.8584906468
380000,700000,812888.7032472685,756023.9211412598
380000,710000,821213.5824163551,765069.0786803579
380000,720000,829586.1877079338,774143.9480779008
380000,730000,838004.5470208931,783247.2247052384
380000,740000,846466.793253926,792377.6762485537
380000,750000,854971.1611848453,801534.141536462
380000,760000,863515.9732838722,810715.518649819
380000,770000,872099.6400236802,819920.766374098
380000,780000,880720.6546421594,829148.9007417131
380000,790000,889377.5834391768,838398.9868877452
380000,800000,898069.0667888591,847670.1412710261
380000,810000,906793.8101681262,856961.524113909
380000,820000,915550.5834797367,866272.339733501
380000,830000,924338.214438169,875601.8312870633
380000,840000,933155.5856406613,884949.2787766135
380000,850000,942001.6358107534,894314.0010751936
380000,860000,950875.3477429784,903695.3451128474
380000,870000,959775.7580562441,913092.6960969588
380000,880000,968701.9406076913,922505.4621846763
380000,890000,977653.0130367865,931933.0814227816
380000,900000,986628.1340035939,941375.019765893
380000,910000,995626.4980342024,950830.7666575724
380000,920000,1004647.3350911777,960299.8351406129
380000,930000,1013689.9066901531,969781.7587037351
380000,940000,1022753.5084120533,979276.0940644833
380000,950000,1031837.4652277208,988782.4173208885
380000,960000,1040941.1281180694,998300.3209183586
380000,970000,1050063.8779804094,1007829.4179140422
380000,980000,1059205.119147003,1017369.3361375809
380000,990000,1068364.281079554,1026919.7201527279
380000,1000000,1077540.816542856,1036480.2298182442
390000,10000,2068551.2769359397,1433810.485451822
390000,20000,1685863.4555247715,1168551.5014333893
390000,30000,1465115.0931773,1015540.687284721
390000,40000,1310744.6517300797,908546.6508069552
390000,50000,1192918.3507162202,826923.3085696653
390000,60000,1098523.680235564,761646.184037144
390000,70000,1020699.4585185201,708032.027247927
390000,80000,955396.8872366636,663331.7761642959
390000,90000,899987.1152456843,625756.4879065749
390000,100000,852628.8224166695,594040.7601184942
390000,110000,811956.6644836155,567232.6290607571
390000,120000,776916.030017378,544585.0794859714
390000,130000,746668.6726509728,525495.4366243243
390000,140000,720534.7483817365,509468.5388715368
390000,150000,697954.7964808795,496092.5226630765
390000,160000,678463.350790671,485021.7870435758
390000,170000,661669.7947684309,475964.3849511807
390000,180000,647243.9824739412,468672.338589592
390000,190000,634905.1703763778,462934.0194404988
390000,200000,624413.3323501035,458568.04837956367
390000,210000,615562.2463607633,455418.35480875097
390000,220000,608173.9325692565,453350.14215949003
390000,230000,602094.1331998025,452246.5683830693
390000,240000,597188.6246100853,452006.009406379
390000,250000,593340.1693709292,452539.77875334467
390000,260000,590446.0024909469,453770.2333596433
390000,270000,588415.740681949,455629.19008763717
390000,280000,587169.6239004089,458056.5872980955
390000,290000,586637.056412837,460999.3709290946
390000,300000,586755.3604851189,464410.5403344474
390000,310000,587468.7323813889,468248.34718924033
390000,320000,588727.3516533454,472475.6111065795
390000,330000,590486.6227275516,477059.13641633646
390000,340000,592706.5259684594,481969.21269478236
390000,350000,595351.0611362268,487179.1864914223
390000,360000,598387.7670135532,492665.0914286978
390000,370000,601787.3093368997,498405.3313947574
390000,380000,605523.1234399854,504380.4056955831
390000,390000,609571.1000633652,510572.6674817646
390000,400000,613909.3157900394,516966.1171080828
390000,410000,618517.7977557707,523546.2216471625
390000,420000,623378.3130923697,530299.7533761353
390000,430000,628474.1924872899,537214.6554347639
390000,440000,633790.165625786,544279.9155892325
390000,450000,639312.2203269202,551485.4589612486
390000,460000,645027.482914297,558822.0575135411
390000,470000,650924.1009238531,566281.2400559965
390000,480000,656991.1500091725,573855.2221213329
390000,490000,663218.5469669318,581536.8403824037
390000,500000,669596.968327999,589319.490443318
390000,510000,676117.7835663551,597197.0768242677
390000,520000,682772.9934440096,605163.9666277029
390000,530000,689555.1758001266,613214.9490064053
390000,540000,696457.4298598089,621345.1925341402
390000,550000,703473.3377696115,629550.217312895
390000,560000,710596.9213403733,637825.862364502
390000,570000,717822.6058543337,646168.2585440623
390000,580000,725145.1873114492,654573.8043584011
390000,590000,732559.8024363106,663039.1435326667
390000,600000,740061.9015435424,671561.1450692795
390000,610000,747647.224018365,680136.884880127
390000,620000,755311.7784162915,688763.6317373761
390000,630000,763051.8169009541,697438.8275105784
390000,640000,770863.8224522012,706160.0786182451
390000,650000,778744.4879850401,714925.1402376181
390000,660000,786690.7023185113,723731.9060572097
390000,670000,794699.5372957484,732578.3993545211
390000,680000,802768.2330553104,741462.761693765
390000,690000,810894.1863129413,750383.2445612903
390000,700000,819074.9411103468,759338.2030497637
390000,710000,827308.1776592109,768326.087306308
390000,720000,835591.7014528553,777345.4345598471
390000,730000,843923.4385938302,786394.8664690664
390000,740000,852301.4254785827,795473.0811534624
390000,750000,860723.8020739814,804578.848470621
390000,760000,869188.8057587825,813711.005737992
390000,770000,877694.7624270092,822868.4507985646
390000,780000,886240.0847295325,832050.1414927528
390000,790000,894823.267108955,841255.0924767631
390000,800000,903442.8737284852,850482.364726779
390000,810000,912097.5455210693,859731.0733732393
390000,820000,920785.9842948508,869000.3736542074
390000,830000,929506.9579755511,878289.4669019912
390000,840000,938259.2880335087,887597.589427781
390000,850000,947041.8564943369,896924.019924428
390000,860000,955853.5941924503,906268.0693260164
390000,870000,964693.4842031879,915629.0846301175
390000,880000,973560.5528595451,925006.4411129919
390000,890000,982453.8685492848,934399.5418404014
390000,900000,991372.5465889537,943807.8228945865
390000,910000,1000315.7365893968,953230.7419130985
390000,920000,1009282.627905275,962667.7838603344
390000,930000,1018272.4437109054,972118.4559468536
390000,940000,1027284.4405663082,981582.2876230483
390000,950000,1036317.9070023611,991058.8296284939
390000,960000,1045372.1585069031,1000547.6498309332
390000,970000,1054446.5432050445,1010048.3388737058
390000,980000,1063540.4341780946,1019560.5033149394
390000,990000,1072653.2277280146,1029083.7643368064
390000,1000000,1081784.3482358793,1038617.7627187845
400000,10000,2136014.837284632,1480572.6620980524
400000,20000,1743324.3766710523,1208380.376756482
400000,30000,1516721.2522257783,1051311.2733352608
400000,40000,1358187.6673029265,941430.0813178819
400000,50000,1237105.4839150573,857542.497292707
400000,60000,1140000.5114687367,790367.7681694848
400000,70000,1059819.1414502217,735086.3493887581
400000,80000,992406.0793994784,688875.8830884484
400000,90000,935072.6816576632,649908.7124242785
400000,100000,885943.0868101937,616899.0217540635
400000,110000,843630.7853604628,588883.5871771759
400000,120000,807066.9590236747,565108.4106288657
400000,130000,775402.7676490817,544965.676270052
400000,140000,747949.6933892663,527955.789442599
400000,150000,724140.689520657,513662.6860062711
400000,160000,703503.4058892875,501736.6424973275
400000,170000,685640.8688939798,491881.64896131004
400000,180000,670217.0199101077,483845.7519570891
400000,190000,656945.6220929043,477413.4842550222
400000,200000,645581.55012901,472399.79771129
400000,210000,635913.8676461974,468645.15336827544
400000,220000,627760.2454866027,466011.5002576756
400000,230000,620962.426411565,464378.9643817972
400000,240000,615382.5149938583,463643.1102510458
400000,250000,610899.9105516579,463712.65615519526
400000,260000,607408.7682589364,464507.5687409922
400000,270000,604815.8896881534,465957.4699213049
400000,280000,603038.9395337554,468000.2836189508
400000,290000,602004.9694239382,470581.11104803206
400000,300000,601649.1498833381,473651.2614599732
400000,310000,601913.7093371246,477167.43934510706
400000,320000,602747.0273141114,481091.04822848586
400000,330000,604102.8590421844,485387.59487902786
400000,340000,605939.6741060351,490026.1805257568
400000,350000,608220.0874352301,494979.0630083863
400000,360000,610910.3661768797,500221.27700814867
400000,370000,613980.0082532986,505730.30995312677
400000,380000,617401.3731233915,511485.8178208449
400000,390000,621149.3627900931,517469.3798665998
400000,400000,625201.1431195735,523664.2846478669
400000,410000,629535.8993051094,530055.3421239979
400000,420000,634134.6220965665,536628.7198790808
400000,430000,638979.9233624229,543371.8018959495
400000,440000,644055.8696210589,550273.0614750468
400000,450000,649347.8317186236,557321.9456466472
400000,460000,654842.3650575128,564508.7849229495
400000,470000,660527.0878733795,571824.6998132941
400000,480000,666390.5825242675,579261.5260432571
400000,490000,672422.3073585875,586811.7479958959
400000,500000,678612.5122629998,594468.4341775093
400000,510000,684952.1699089538,602225.1857548202
400000,520000,691432.9088115512,610076.0854753072
400000,530000,698046.960632662,618015.6589059567
400000,540000,704787.0999155351,626038.8277998574
400000,550000,711646.6074376322,634140.8839483028
400000,560000,718619.2195796784,642317.450268117
400000,570000,725699.0964806181,650564.4575671048
400000,580000,732880.784092654,658878.1159796396
400000,590000,740159.1851067157,667254.893400073
400000,600000,747529.5305614729,675691.4945624269
400000,610000,754987.3524091393,684184.8401763524
400000,620000,762528.463989036,692732.053265049
400000,630000,770148.934934001,701330.4398626976
400000,640000,777845.0742040955,709977.4769716271
400000,650000,785613.4123931613,718670.7995658426
400000,660000,793450.6847079081,727408.1878135756
400000,670000,801353.8179046744,736187.5578953788
400000,680000,809319.9133514655,745006.949066441
400000,690000,817346.239806828,753864.5191502557
400000,700000,825430.2160655695,762758.5309642759
400000,710000,833569.4071415244,771687.3507627535
400000,720000,841761.5086095191,780649.4355938863
400000,730000,850004.3416449369,789643.330740942
400000,740000,858295.8418093916,798667.6606983264
400000,750000,866634.0567961981,807721.1289034587
400000,760000,875017.1325733532,816802.5061305128
400000,770000,883443.3118634087,825910.6306546299
400000,780000,891910.9255683293,835044.4013078925
400000,790000,900418.3895469791,844202.7759116006
400000,800000,908964.1973436831,853384.7654127707
400000,810000,917546.9174670374,862589.4325553094
400000,820000,926165.1871630709,871815.8870459336
400000,830000,934817.7088256518,881063.2829030463
400000,840000,943503.2459438952,890330.8159436828
400000,850000,952220.620018562,899617.7212558364
400000,860000,960968.7084994847,908923.2724534421
400000,870000,969746.4398540698,918246.7774463904
400000,880000,978552.7914809185,927587.5774451004
400000,890000,987386.7827626198,936945.0408134363
400000,900000,996247.4833743575,946318.5717077975
400000,910000,1005133.9977468516,955707.5958591668
400000,920000,1014045.4757285111,965111.5713902605
400000,930000,1022981.0954539753,974529.9728745705
400000,940000,1031940.0772948556,983962.3051892947
400000,950000,1040921.6735944847,993408.0942672227
400000,960000,1049925.1614488012,1002866.8806050291
400000,970000,1058949.857324878,1012338.2335967035
400000,980000,1067995.0991963572,1021821.7350112412
400000,990000,1077060.253547975,1031316.985913035
400000,1000000,1086144.7120588582,1040823.6039040503
410000,10000,2203839.14914706,1527584.892638913
410000,20000,1801146.1880893647,1248459.4022153132
410000,30000,1568688.641970526,1087332.266011541
410000,40000,1405993.3746990315,974565.2253412519
410000,50000,1281659.8550809198,888417.6804806102
410000,60000,1181853.1759025496,819353.5536315496
410000,70000,1099326.4027827743,762416.1435566471
410000,80000,1029815.941315431,714708.0575770121
410000,90000,970571.6361111901,674361.2730326863
410000,100000,919681.8786395363,640068.4086808714
410000,110000,875738.325763309,610854.3492271628
410000,120000,837657.7127077819,585957.8920059917
410000,130000,804580.6400840099,564766.1198991002
410000,140000,775810.1073200476,546775.1927929283
410000,150000,750771.7521249446,531565.1059288277
410000,160000,728986.6321539916,518782.2921131
410000,170000,710051.6995934886,508126.94740224426
410000,180000,693625.2497165479,499343.39333488885
410000,190000,679415.782613251,492212.54048138665
410000,200000,667173.277402925,486545.8611999389
410000,210000,656682.254502064,482180.50706041063
410000,220000,647756.1798445891,478975.30559318926
410000,230000,640232.9153577881,476807.4598058001
410000,240000,633970.9940206846,475569.81362137146
410000,250000,628846.5296789326,475168.5609053211
410000,260000,624750.665995007,475521.33857901354
410000,270000,621587.4386613122,476555.6179564213
410000,280000,619271.9808967852,478207.34678062296
410000,290000,617729.0236340262,480419.80933961016
410000,300000,616891.6117407195,483142.6471120229
410000,310000,616700.0239987079,486331.03276400187
410000,320000,617100.8567643625,489944.9674909147
410000,330000,618046.2252593085,493948.6678872031
410000,340000,619493.0975859861,498310.0538337376
410000,350000,621402.7074853155,503000.29678715847
410000,360000,623740.0529979451,507993.43382163974
410000,370000,626473.4645602456,513266.03535052674
410000,380000,629574.2273792729,518796.9143915198
410000,390000,633016.2524033067,524566.8734791337
410000,400000,636775.7911386193,530558.485462475
410000,410000,640831.1857275494,536755.9014990686
410000,420000,645162.6462838559,543144.6798531157
410000,430000,649752.0625402123,549711.6421036295
410000,440000,654582.8316568763,556444.7407272788
410000,450000,659639.705092893,563332.9421978177
410000,460000,664908.6634813343,570366.1316339353
410000,470000,670376.7879169016,577535.0139570202
410000,480000,676032.166254742,584831.0435337259
410000,490000,681863.7933046247,592246.3476426303
410000,500000,687861.4873714284,599773.6630053776
410000,510000,694015.8177427497,607406.2812346304
410000,520000,700318.0401359971,615138.0001078855
410000,530000,706760.0330100256,622963.0751006069
410000,540000,713334.2449040371,630876.1797114315
410000,550000,720033.6467257951,638872.3698642747
410000,560000,726851.6899896729,646947.0525348958
410000,570000,733782.2634919817,655095.9529507182
410000,580000,740819.6605624969,663315.0904951813
410000,590000,747958.5462027811,671600.7538871354
410000,600000,755193.9277643728,679949.4794762504
410000,610000,762521.1276548771,688358.0309156494
410000,620000,769935.7600726866,696823.3819131895
410000,630000,777433.7097283353,705342.7005267758
410000,640000,785011.108785825,713913.3318443784
410000,650000,792664.3228248137,722532.7882065594
410000,660000,800389.9294247155,731198.7326132021
410000,670000,808184.7075108534,739908.971806986
410000,680000,816045.6198195305,748661.4427362963
410000,690000,823969.8021112564,757454.2051999859
410000,700000,831954.547376122,766285.4292298699
410000,710000,839997.3028164771,775153.3947674616
410000,720000,848095.6513582629,784056.4764555047
410000,730000,856247.3074154533,792993.1413551202
410000,740000,864450.1044847887,801961.9394819161
410000,750000,872701.9957251935,810961.5057581117
410000,760000,881001.0329061402,819990.5420337599
410000,770000,889345.3757300819,829047.8271447275
410000,780000,897733.2698479766,838132.1978024011
410000,790000,906163.0527121389,847242.5552485068
410000,800000,914633.1438265422,856377.8573543407
410000,810000,923142.0392286158,865537.1145435493
410000,820000,931688.3100058984,874719.3894328277
410000,830000,940270.591386998,883923.7875998658
410000,840000,948887.5847493832,893149.4603335947
410000,850000,957538.0567115376,902395.604727182
410000,860000,966220.8231147033,911661.4492657579
410000,870000,974934.7621331484,920946.2670921882
410000,880000,983678.7966402192,930249.360064631
410000,890000,992451.9001667554,939570.0650213739
410000,900000,1001253.0911211573,948907.7489138397
410000,910000,1010081.4320282257,958261.8088644145
410000,920000,1018936.0268336632,967631.6700198514
410000,930000,1027816.0153841877,977016.7809216547
410000,940000,1036720.576204497,986416.6166646193
410000,950000,1045648.9224518087,995830.6755039938
410000,960000,1054600.297977193,1005258.475636013
410000,970000,1063573.9808151529,1014699.5588406031
410000,980000,1072569.2761702929,1024153.4843758442
410000,990000,1081585.5200329784,1033619.8326474329
410000,1000000,1090622.0722114253,1043098.1990701071
420000,10000,2272015.411143791,1574841.0764230648
420000,20000,1859320.0759812407,1288782.4685272267
420000,30000,1621008.4105191086,1123597.5242126808
420000,40000,1454152.6838269504,1007945.7193099966
420000,50000,1326571.7527525087,919541.8986374156
420000,60000,1224071.0467158689,848595.6994652255
420000,70000,1139209.6857479326,790012.6702599393
420000,80000,1067614.189578554,740818.855377204
420000,90000,1006471.2709959805,699104.3090558632
420000,100000,953832.3743465522,663538.9362990094
420000,110000,908266.6177831949,633135.0608699992
420000,120000,868675.9850814521,607123.991549879
420000,130000,834190.4916445854,584887.691672278
420000,140000,804104.7931284081,565918.2136841753
420000,150000,777837.4410953635,549791.8335440053
420000,160000,754903.1602774067,536151.3890697919
420000,170000,734893.0926677771,524693.5332270983
420000,180000,717460.135297382,515159.09670955106
420000,190000,702307.7491959732,507325.5783369515
420000,200000,689181.2126393587,501001.1532141511
420000,210000,677860.6706496034,496019.81949439965
420000,220000,668155.5268089937,492237.41516797966
420000,230000,659899.883795922,489528.331522688
420000,240000,652948.8001612328,487782.7810609317
420000,250000,647175.1887028881,486904.5093460031
420000,260000,642467.2443627845,486808.8808726389
420000,270000,638726.2949495424,487421.26758314023
420000,280000,635864.9843183947,488675.67854248296
420000,290000,633805.7581468971,490513.61211412353
420000,300000,632479.562592107,492883.0654858933
420000,310000,631824.7510392931,495737.6998593301
420000,320000,631786.1488154127,499036.124637989
420000,330000,632314.2477421332,502741.27948714263
420000,340000,633364.5212025974,506819.9083448291
420000,350000,634896.8282303932,511242.1010796079
420000,360000,636874.9026799048,515980.90056713077
420000,370000,639265.9096128398,521011.9611891882
420000,380000,642040.0605364036,526313.2527233427
420000,390000,645170.2747968731,531864.7997433938
420000,400000,648631.8885667331,537648.4576687132
420000,410000,652402.3970798249,543647.714813234
420000,420000,656461.228267388,549847.518206013
420000,430000,660789.547535571,556234.1242050278
420000,440000,665370.0786270323,562794.9607081347
420000,450000,670186.9500022685,569518.5094764499
420000,460000,675225.5609512802,576394.2042809743
420000,470000,680472.4570251873,583412.3352725742
420000,480000,685915.2220723581,590563.9667285135
420000,490000,691542.385283086,597840.8665065359
420000,500000,697343.3282899457,605235.4348628077
420000,510000,703308.215617962,612740.6522592995
420000,520000,709427.9227890323,620350.0247153792
420000,530000,715693.9738909703,628057.5362705006
420000,540000,722098.4844099375,635857.6058970329
420000,550000,728634.1161344899,643745.0538360494
420000,560000,735294.027564196,651715.0640319235
420000,570000,742071.8355672266,659763.1552974466
420000,580000,748961.5766850977,667885.1524388047
420000,590000,755957.6744314566,676077.1615001034
420000,600000,763054.9094332246,684335.5478440896
420000,610000,770248.3900800232,692656.9138404917
420000,620000,777533.5306322426,701038.0830529287
420000,630000,784906.0266544708,709476.0819478072
420000,640000,792361.8319666868,717968.1221410757
420000,650000,799897.1424047205,726511.5891134416
420000,660000,807508.3771943295,735104.028034849
420000,670000,815192.1656951014,743743.134727419
420000,680000,822945.3265686241,752426.7389235729
420000,690000,830764.8616044177,761152.8013577024
420000,700000,838647.9376382721,769919.3992633411
420000,710000,846591.8789161518,778724.7215861792
420000,720000,854594.1557358156,787567.0604031695
420000,730000,862652.3716087337,796444.8011457879
420000,740000,870764.2594449046,805356.420591295
420000,750000,878927.6729261891,814300.4807020155
420000,760000,887140.5719124841,823275.6166301697
420000,770000,895401.0258682703,832280.5411693674
420000,780000,903707.1971339949,841314.0307493787
420000,790000,912057.3431813073,850374.9287984308
420000,800000,920449.8051825761,859462.1360651642
420000,810000,928883.0098770421,868574.6137734753
420000,820000,937355.4561134671,877711.371890919
420000,830000,945865.7145245541,886871.4699498011
420000,840000,954412.4221097719,896054.0128744463
420000,850000,962994.2856495883,905258.1549457603
420000,860000,971610.063615745,914483.0838110698
420000,870000,980258.5783939087,923728.0327353595
420000,880000,988938.7006303576,932992.2664681819
420000,890000,997649.3536065331,942275.0862778295
420000,900000,1006389.5075638917,951575.8249123491
420000,910000,1015158.1784306163,960893.8465883946
420000,920000,1023954.4263225131,970228.5454411544
420000,930000,1032777.3484723985,979579.340096164
420000,940000,1041626.0830541997,988945.6772814246
420000,950000,1050499.8040847078,998327.0277911571
420000,960000,1059397.7168905952,1007722.8824995921
420000,970000,1068319.0657721092,1017132.7602388114
420000,980000,1077263.1210637868,1026556.1957752164
420000,990000,1086229.183231712,1035992.7441815307
420000,1000000,1095216.5832391197,1045441.9815197292
430000,10000,2340535.2375280415,1622335.4008937622
430000,20000,1917837.6469838615,1329343.7578420579
430000,30000,1673672.1268521461,1160101.199992711
430000,40000,1502656.976059318,1041565.5388338823
430000,50000,1371832.0165231081,950908.6094319609
430000,60000,1266644.138650559,878086.8682030721
430000,70000,1179458.1222677869,817867.7405307262
430000,80000,1105789.2335541777,767199.3881641126
430000,90000,1042759.5424418921,724128.4886493805
430000,100000,988382.3624675815,687301.1001292989
430000,110000,941203.5365293758,655716.2843896803
430000,120000,900109.9396110752,628597.5267641869
430000,130000,864220.920562246,605321.5996333847
430000,140000,832822.8848985266,585376.5420190253
430000,150000,805327.4830391343,568335.091063813
430000,160000,781243.339788861,553836.7128388011
430000,170000,760156.0276294736,541574.7466822481
430000,180000,741713.2762599164,531286.7514466417
430000,190000,725613.7194896947,522747.01392987615
430000,200000,711598.1253432643,515760.59017491934
430000,210000,699442.4270401464,510158.4776222135
430000,220000,688952.1087844677,505793.6567396166
430000,230000,679957.62887381,502537.8138445645
430000,240000,672310.6731494897,500278.6228116952
430000,250000,665881.0354130707,498917.4558526628
430000,260000,660554.0322539161,498367.46832398063
430000,270000,656228.3372167172,498551.9813110269
430000,280000,652814.152458048,499403.10740217293
430000,290000,650231.6738713735,500860.5905165518
430000,300000,648409.7790037994,502870.8096838804
430000,310000,647284.9184897367,505385.93433165055
430000,320000,646800.1668530051,508363.19899025495
430000,330000,646904.4040031559,511764.2761654671
430000,340000,647551.6200273454,515554.74301253416
430000,350000,648700.3074561368,519703.6142832395
430000,360000,650312.9420492005,524182.94310970214
430000,370000,652355.524867522,528967.4684090645
430000,380000,654797.19595355,534034.317896916
430000,390000,657609.8850022431,539362.7390054427
430000,400000,660768.0117716963,544933.8682157
430000,410000,664248.2238028375,550730.5295825653
430000,420000,668029.1644070947,556737.0561287716
430000,430000,672091.270512963,562939.1347751459
430000,440000,676416.5920001736,569323.6675978623
430000,450000,680988.6291404339,575878.6470205949
430000,460000,685792.1997606715,582593.0545253162
430000,470000,690813.3053874233,589456.7577426136
430000,480000,696039.0260378119,596460.4304741088
430000,490000,701457.4197268668,603595.476084071
430000,500000,707057.4300720219,610853.9566163544
430000,510000,712828.8102379919,618228.5354420457
430000,520000,718762.0528731522,625712.4239246063
430000,530000,724848.3237640227,633299.3311708318
430000,540000,731079.403259741,640983.419421718
430000,550000,737447.6386740827,648759.2684968099
430000,560000,743945.8937217036,656621.8372672407
430000,570000,750567.5079887696,664566.433456526
430000,580000,757306.2579618458,672588.6840937752
430000,590000,764156.3244236835,680684.5114951769
430000,600000,771112.2571898204,688850.1061468993
430000,610000,778168.9480719676,697081.9068579089
430000,620000,785321.6098907811,705376.5857615577
430000,630000,792565.7420613933,713731.0211418002
430000,640000,799897.1202844016,722142.2914817997
430000,650000,807311.7686888798,730607.6536000225
430000,660000,814805.9440614346,739124.5312004389
430000,670000,822376.1233072872,747690.5063700646
430000,680000,830018.9803527441,756303.3012864381
430000,690000,837731.3814065312,764960.7761210265
430000,700000,845510.3614253276,773660.9100827362
430000,710000,853353.1240206022,782401.8032013554
430000,720000,861257.0222500742,791181.6610601794
430000,730000,869219.5480276396,799998.7866591071
430000,740000,877238.3302603149,808851.5805821789
430000,750000,885311.1228368257,817738.5316015361
430000,760000,893435.7904968265,826658.205225821
430000,770000,901610.3117427999,835609.2476623271
430000,780000,909832.7652290465,844590.3748391073
430000,790000,918101.3255828648,853600.369588184
430000,800000,926414.2566834872,862638.0768221812
430000,810000,934769.9083664955,871702.4014533048
430000,820000,943166.7111898114,880792.3046089357
430000,830000,951603.1681969875,889906.7970597087
430000,840000,960077.852668652,899044.9380424916
430000,850000,968589.4068657446,908205.8347836424
430000,860000,977136.5337105235,917388.6358865366
430000,870000,985717.9977868109,926592.5328696013
430000,880000,994332.6168426011,935816.7528872164
430000,890000,1002979.2606911156,945060.558618883
430000,900000,1011656.8530517609,954323.2504290991
430000,910000,1020364.3601174471,963604.1564636822
430000,920000,1029100.8006896401,972902.6426978029
430000,930000,1037865.2231222073,982218.091676567
430000,940000,1046656.7285858965,991549.9251676722
430000,950000,1055474.4498324634,1000897.5845785845
430000,960000,1064317.5549930607,1010260.5347671258
430000,970000,1073185.249904608,1019638.2671910737
430000,980000,1082076.7705867563,1029030.2927659735
430000,990000,1090991.3846635956,1038436.1438557686
430000,1000000,1099928.389006708,1047855.37235736
440000,10000,2409390.638642782,1670062.3280427712
440000,20000,1976690.9023189738,1370137.7258202448
440000,30000,1726671.7664999205,1196837.7282596629
440000,40000,1551498.064319963,1075418.9686284438
440000,50000,1417431.9948998243,982511.6532187369
440000,60000,1309563.051418219,907820.1797856669
440000,70000,1220061.4863054792,845973.6770328307
440000,80000,1144330.1399136041,793841.2940086861
440000,90000,1079425.0384251724,749424.9838753579
440000,100000,1023320.2172651644,711345.8568629274
440000,110000,974537.482237027,678588.9874318627
440000,120000,931948.1983492676,650369.6597407163
440000,130000,894660.9208507615,626059.3388554291
440000,140000,861953.8489365663,605142.0978806878
440000,150000,833231.8826798237,587187.2823822895
440000,160000,807997.7479002371,571831.180317292
440000,170000,785831.6663317855,558764.0264463426
440000,180000,766376.4155140949,547720.3121900434
440000,190000,749326.004831575,538471.3034571063
440000,200000,734416.8732147434,530819.1075158461
440000,210000,721420.9013161957,524591.869917764
440000,220000,710139.7902001356,519639.8406016533
440000,230000,700400.473776355,515832.11146569694
440000,240000,692051.3655656681,513053.9099316967
440000,250000,684959.2221931915,511204.30992807576
440000,260000,679006.5513468693,510194.32069562195
440000,270000,674089.4321176764,509945.2661614132
440000,280000,670115.6676599651,510387.40121891344
440000,290000,667003.2461665559,511458.7522370414
440000,300000,664679.0075031427,513104.1073261193
440000,310000,663077.5233281344,515274.16494340677
440000,320000,662140.1376248242,517924.80209128535
440000,330000,661814.1334683201,521016.43688403413
440000,340000,662052.0308033384,524513.490516419
440000,350000,662810.9644467188,528383.909681629
440000,360000,664052.1556916648,532598.7604593069
440000,370000,665740.4508976446,537131.8734974597
440000,380000,667843.9183727598,541959.533648513
440000,390000,670333.5003249748,547060.2123802657
440000,400000,673182.6997686925,552414.3263210417
440000,410000,676367.3179759939,558004.0356755648
440000,420000,679865.2098615775,563813.0556983107
440000,430000,683656.084827872,569826.5040415503
440000,440000,687721.3141373211,576030.7524357814
440000,450000,692043.7691337821,582413.3024963534
440000,460000,696607.6809799834,588962.6785932083
440000,470000,701398.5074768983,595668.3254643714
440000,480000,706402.8200522333,602520.5219875125
440000,490000,711608.2008664814,609510.3024264462
440000,500000,717003.1536715443,616629.388799405
440000,510000,722577.0161065449,623870.1231337996
440000,520000,728319.8952934088,631225.4197938413
440000,530000,734222.595134085,638688.7094022236
440000,540000,740276.556878614,646253.8936319603
440000,550000,746473.8094741448,653915.3082720028
440000,560000,752806.9202985236,661667.685686844
440000,570000,759268.9475369209,669506.1186394293
440000,580000,765853.4053099348,677426.0341896805
440000,590000,772554.2274831948,685423.1670346392
440000,600000,779365.7307576927,693493.5305841541
440000,610000,786282.5886326481,701633.3984954008
440000,620000,793299.8059086428,709839.2855206658
440000,630000,800412.6891515184,718107.9246991287
440000,640000,807616.8282261471,726436.2544229612
440000,650000,814908.0749936659,734821.4022123646
440000,660000,822282.5218880994,743260.6686236887
440000,670000,829736.4907712999,751751.5197627405
440000,680000,837266.5094213509,760291.56881587
440000,690000,844869.3034812845,768878.5710027211
440000,700000,852541.7774230604,777510.4086512974
440000,710000,860281.0098240972,786185.0891715543
440000,720000,868084.2335365505,794900.7287463171
440000,730000,875948.8308608588,803655.5498401097
440000,740000,883872.3233024806,812447.8739058239
440000,750000,891852.360787602,821276.1126102482
440000,760000,899886.7152528889,830138.7640624171
440000,770000,907973.2706603714,839034.4046648045
440000,780000,916110.019577266,847961.6876185255
440000,790000,924295.0521606718,856919.3339097609
440000,800000,932526.5542211732,865906.1317703141
440000,810000,940802.8008624241,874920.9319866227
440000,820000,949122.1495118568,883962.6424309972
440000,830000,957483.0328295453,893030.2225312095
440000,840000,965883.9602245366,902122.6857752773
440000,850000,974323.5125544873,911239.0954566943
440000,860000,982800.3296944167,920378.5540755221
440000,870000,991313.1200952391,929540.2130215389
440000,880000,999860.6478326883,938723.2612941907
440000,890000,1008441.7288509586,947926.9226942578
440000,900000,1017055.2377373937,957150.4627672676
440000,910000,1025700.0926118911,966393.1753803734
440000,920000,1034375.2643341045,975654.3919316187
440000,930000,1043079.7604670023,984933.4668484472
440000,940000,1051812.6361748148,994229.7883683942
440000,950000,1060572.9874244193,1003542.7727285984
440000,960000,1069359.9397795608,1012871.8540836355
440000,970000,1078172.6630504606,1022216.4986113043
440000,980000,1087010.3572306759,1031576.1919788345
440000,990000,1095872.2561505963,1040950.4429759632
440000,1000000,1104757.6238989483,1050338.7806071413
450000,10000,2478573.9861873444,1718016.570334982
450000,20000,2035872.203375793,1411159.077774683
450000,30000,1779999.670439808,1233801.7980092843
450000,40000,1600668.1555982034,1109500.5745845896
450000,50000,1463363.4957592883,1014345.2141798238
450000,60000,1352818.921945098,937789.1723218554
450000,70000,1261010.140065834,874323.2706597637
450000,80000,1183226.5782251137,820736.6948214729
450000,90000,1116456.9384488792,774985.4397651256
450000,100000,1058634.8646830765,735664.5996527482
450000,110000,1008257.3526756209,701744.5244660911
450000,120000,964179.8260439395,672431.8881412128
450000,130000,925499.8654604723,647092.6826839236
450000,140000,891487.4750850413,625207.0292504677
450000,150000,861540.9147732161,606340.991569928
450000,160000,835157.1847645241,590127.8469254114
450000,170000,811911.3527490209,576254.9138995049
450000,180000,791441.4431566724,564453.8060331311
450000,190000,773437.0320697286,554492.9488721056
450000,200000,757630.3999728657,546171.6621632995
450000,210000,743789.5324602026,539315.3864247414
450000,220000,731712.4804938646,533771.7654946569
450000,230000,721222.7726647464,529407.406625485
450000,240000,712165.6446214593,526105.1787878105
450000,250000,704404.9037141072,523761.9374073059
450000,260000,697820.317908134,522286.60897444247
450000,270000,692305.4291958682,521598.5723018966
450000,280000,687765.6938568782,521626.2709876625
450000,290000,684116.9270518037,522306.0454525229
450000,300000,681283.9658441389,523581.12351496046
450000,310000,679199.5299205364,525400.7562356003
450000,320000,677803.2529726062,527719.4807218012
450000,330000,677040.8404013962,530496.4769011403
450000,340000,676863.3521016903,533695.0187156668
450000,350000,677226.5764662505,537281.9939483854
450000,360000,678090.4904016545,541227.489754365
450000,370000,679418.7868695819,545504.4292543547
450000,380000,681178.4697528706,550088.2600387728
450000,390000,683339.4947240445,554956.67784897
450000,400000,685874.4500757171,560089.3805115259
450000,410000,688758.2885676007,565467.8621220822
450000,420000,691968.0802635895,571075.2223120597
450000,430000,695482.8024604672,576896.0050999972
450000,440000,699283.1482412165,582916.0515459798
450000,450000,703351.3567394578,589122.3692038124
450000,460000,707671.0727609387,595503.0250183729
450000,470000,712227.2028728876,602047.0339749642
450000,480000,717005.8091367006,608744.2788860889
450000,490000,721993.9976549778,615585.4242157456
450000,500000,727179.8253207162,622561.8454502786
450000,510000,732552.2147146979,629665.5635634195
450000,520000,738100.8810662854,636889.1899142731
450000,530000,743816.2657704351,644225.8757465164
450000,540000,749689.4665238246,651669.258124357
450000,550000,755712.1921204978,659213.4270003082
450000,560000,761876.7085761216,666852.883470225
450000,570000,768175.7918138223,674582.5043452734
450000,580000,774602.6893549091,682397.5129942994
450000,590000,781151.0852735115,690293.4536733904
450000,600000,787815.0615616395,698266.1613698055
450000,610000,794589.06933499,706311.7407158895
450000,620000,801467.9035688784,714426.5473083542
450000,630000,808446.6743002094,722607.1657762339
450000,640000,815520.7861970515,730850.3947758172
450000,650000,822685.9130145519,739153.2273708389
450000,660000,829937.9827353262,747512.8407398793
450000,670000,837273.158366756,755926.581663709
450000,680000,844687.8190971649,764391.9520438212
450000,690000,852178.549781538,772906.6019269393
450000,700000,859742.1224260059,781468.3151782488
450000,710000,867375.4858885739,790075.0020409366
450000,720000,875075.7557384669,798724.6921883747
450000,730000,882840.1980820941,807415.5216165218
450000,740000,890666.2254677017,816145.7309938447
450000,750000,898551.3875570196,824913.6586492255
450000,760000,906493.3543962707,833717.7267127286
450000,770000,914489.9198655322,842556.4461854206
450000,780000,922538.9860934538,851428.4034466316
450000,790000,930638.5590338074,860332.2579681885
450000,800000,938786.743416523,869266.738602137
450000,810000,946981.7370034592,878230.639579309
450000,820000,955221.825574572,887222.8170657872
450000,830000,963505.3710405466,896242.1788909569
450000,840000,971830.814745465,905287.6889024958
450000,850000,980196.6741392929,914358.3645722955
450000,860000,988601.5293047595,923453.2655110282
450000,870000,997044.0301564236,932571.5008556301
450000,880000,1005522.8821885466,941712.2168927096
450000,890000,1014036.8527016265,950874.6035127711
450000,900000,1022584.7602397343,960057.8849642308
450000,910000,1031165.476632325,969261.3226733151
450000,920000,1039777.9251269595,978484.2137962161
450000,930000,1048421.0681192676,987725.8805827973
450000,940000,1057093.9184404174,996985.6813635835
450000,950000,1065795.5285790234,1006263.0009662312
450000,960000,1074524.9861023286,1015557.2470340017
450000,970000,1083281.4240080994,1024867.8600801416
450000,980000,1092064.0036588656,1034194.2979201219
450000,990000,1100871.922466953,1043536.043435077
450000,1000000,1109704.4115588283,1052892.6026150777
460000,10000,2548077.981996722,1766193.0690679024
460000,20000,2095374.2495349036,1452402.7532981369
460000,30000,1833648.5119092837,1270988.3291172008
460000,40000,1650159.821645561,1143805.1818831502
460000,50000,1509618.7425650572,1046403.7861148713
460000,60000,1396403.3684509485,967987.7578501184
460000,70000,1302294.9823277185,902909.7390544458
460000,80000,1222468.779625756,847878.1630242659
460000,90000,1153844.976895317,800801.9458203783
460000,100000,1094315.75440497,760249.1373868072
460000,110000,1042352.5263260254,725174.6253276804
460000,120000,996794.3094074785,694776.0322684213
460000,130000,956727.4999029452,668413.6808308878
460000,140000,921413.8695939891,645563.7101856126
460000,150000,890245.1206840203,625788.9841640547
460000,160000,862712.6712548072,608719.9089544155
460000,170000,838386.6116175269,594041.056291436
460000,180000,816900.3955798892,581481.3360024451
460000,190000,797939.3414337456,570806.5003105967
460000,200000,781231.7398771944,561813.239711754
460000,210000,766541.8269174289,554324.4270414843
460000,220000,753664.1387216259,548185.2254837243
460000,230000,742418.9086256124,543259.860881804
460000,240000,732648.2977601916,539428.938289086
460000,250000,724213.2434752695,536587.1684246798
460000,260000,716990.8465295424,534641.4608879971
460000,270000,710872.1708443591,533509.3031396598
460000,280000,705760.3743502675,533117.3715335014
460000,290000,701569.1435047241,533400.3597975402
460000,300000,698221.3438529813,534299.9635996111
460000,310000,695647.8711568733,535764.0113518236
460000,320000,693786.6722514757,537745.7206239908
460000,330000,692581.8904589126,540203.0468631384
460000,340000,691983.1437151099,543098.1317769425
460000,350000,691944.8835230342,546396.8125078804
460000,360000,692425.8495548251,550068.2029989796
460000,370000,693388.591017801,554084.3265446922
460000,380000,694799.0509409307,558419.7961278015
460000,390000,696626.2001206522,563051.5326824497
460000,400000,698841.7165145513,567958.518520157
460000,410000,701419.7053211562,573121.581572453
460000,420000,704336.4500033248,578523.2041344348
460000,430000,707570.1963123488,584147.3563475505
460000,440000,711100.9586266824,589979.3476883372
460000,450000,714910.3411942987,596005.6888575245
460000,460000,718981.3995276369,602213.9862760053
460000,470000,723298.4904873259,608592.8260820461
460000,480000,727847.1621475611,615131.6904378204
460000,490000,732614.0414071963,621820.8711680725
460000,500000,737586.7365122852,628651.3950989591
460000,510000,742753.7511496433,635614.958467789
460000,520000,748104.4078183968,642703.8685791936
460000,530000,753628.7806669865,649910.9928462878
460000,540000,759317.6217229458,657229.7017817226
460000,550000,765162.3171363455,664653.8367347361
460000,560000,771154.8289606164,672177.6654028873
460000,570000,777287.6462843714,679795.8442424973
460000,580000,783553.7501549601,687503.3928502183
460000,590000,789946.5707218186,695295.6612566775
460000,600000,796459.951198605,703168.3022843145
460000,610000,803088.1196961541,711117.2508521851
460000,620000,809825.658801415,719138.7011730488
460000,630000,816667.4796553078,727229.0870324197
460000,640000,823608.7970034142,735385.0632151542
460000,650000,830645.1078973002,743603.4894987405
460000,660000,837772.1696970541,751881.4141651419
460000,670000,844985.9878136662,760216.0655723112
460000,680000,852282.7911467982,768604.8329505101
460000,690000,859659.0181742923,777045.2561797047
460000,700000,867111.3078145249,785535.0199347612
460000,710000,874636.4803198539,794071.9384075913
460000,720000,882231.5276555646,802653.9489551272
460000,730000,889893.6018262262,811279.1031278925
460000,740000,897620.0037432424,819945.5584078921
460000,750000,905408.1775776683,828651.5748550477
460000,760000,913255.6960896237,837395.5032132498
460000,770000,921160.2570169414,846175.7831911446
460000,780000,929119.6723268208,854990.9349081818
460000,790000,937131.8609586786,863839.5536038872
460000,800000,945194.8472587996,872720.3095755785
460000,810000,953306.7503489968,881631.9394205312
460000,820000,961465.779223307,890573.2426380466
460000,830000,969670.2278304099,899543.0783288344
460000,840000,977918.468227433,908540.3595321735
460000,850000,986208.9520435295,917564.0557914164
460000,860000,994540.1981528886,926613.1825138273
460000,870000,1002910.7961637891,935686.8050889145
460000,880000,1011319.3957888782,944784.0296825727
460000,890000,1019764.7083956932,953904.0054584321
460000,900000,1028245.5015496499,963045.9203952882
460000,910000,1036760.5984633887,972209.0011071449
460000,920000,1045308.871928124,981392.5081517046
460000,930000,1053889.2397327395,990595.7320833002
460000,940000,1062500.67079905,999817.9998631757
460000,950000,1071142.173990587,1009058.66491633
460000,960000,1079812.7991404699,1018317.1086948774
460000,970000,1088511.6374663776,1027592.7413753492
460000,980000,1097237.8149422836,1036884.9960751595
460000,990000,1105990.4929004565,1046193.3301594543
460000,1000000,1114768.8664413977,1055517.223808646
470000,10000,2617895.6595585197,1814586.9954231065
470000,20000,2155190.066321001,1493863.9180505571
470000,30000,1887611.3051574552,1308392.4782538917
470000,40000,1699965.9819153857,1178327.8618989824
470000,50000,1556190.3589488836,1078682.1584564717
470000,60000,1440308.4744446848,998410.2063715716
470000,70000,1343907.4238580712,931726.7043433862
470000,80000,1262047.514366989,875258.7015038913
470000,90000,1191579.41753758,826867.0152150795
470000,100000,1130352.8414557455,785091.6803356407
470000,110000,1076812.8469498453,748871.3843901132
470000,120000,1029781.5566324963,717394.2358655231
470000,130000,988333.9382006064,690014.6586349842
470000,140000,951723.4601402654,666204.7471783308
470000,150000,919335.3171158625,645524.2165292884
470000,160000,890655.4628379025,627600.7169294908
470000,170000,865249.1624359667,612116.2202567182
470000,180000,842745.4666821253,598797.0927204641
470000,190000,822825.6039492893,587406.5722045682
470000,200000,805214.0294317057,577738.8663504943
470000,210000,789671.3747037307,569614.4162897404
470000,220000,775988.7855551869,562876.0218166717
470000,230000,763983.3142115399,557385.6331074622
470000,240000,753494.1430432773,553021.6803481933
470000,250000,744379.4253112719,549676.80820009
470000,260000,736513.6622499821,547255.9722207246
470000,270000,729785.5010759209,545674.8241129371
470000,280000,724095.852437922,544858.3190996125
470000,290000,719356.3151670184,544739.5415135598
470000,300000,715487.8184894092,545258.686234615
470000,310000,712419.4631900529,546362.1847607623
470000,320000,710087.5330813446,548001.9560282936
470000,330000,708434.6292721194,550134.7482152715
470000,340000,707408.9412003243,552721.5826527706
470000,350000,706963.5976938476,555727.2575872295
470000,360000,707056.1120576327,559119.922853803
470000,370000,707647.8945072454,562870.7058691831
470000,380000,708703.8339686617,566953.3902463865
470000,390000,710191.9217611536,571344.1262568096
470000,400000,712082.9259339112,576021.1805190234
470000,410000,714350.107411525,580964.7174313518
470000,420000,716968.9640299855,586156.601863473
470000,430000,719917.0100930921,591580.2299368953
470000,440000,723173.5788006793,597220.3768202298
470000,450000,726719.640778769,603063.0569647747
470000,460000,730537.6602660514,609095.4141060617
470000,470000,734611.442360221,615305.6032718231
470000,480000,738926.0188317329,621682.7036486662
470000,490000,743467.5354109894,628216.6321839214
470000,500000,748223.1503252835,634898.0655673266
470000,510000,753180.944288554,641718.3714445118
470000,520000,758329.8467611006,648669.552334596
470000,530000,763659.5594196813,655744.1871811274
470000,540000,769160.488855196,662935.3795816674
470000,550000,774823.6928560168,670236.7173879925
470000,560000,780640.8282254668,677642.233134584
470000,570000,786604.096812053,685146.3626680147
470000,580000,792706.2071620753,692743.9162868715
470000,590000,798940.334430684,700430.0486654874
470000,600000,805300.081743049,708200.2290024001
470000,610000,811779.4500141906,716050.2189259324
470000,620000,818372.8086924091,723976.0502794986
470000,630000,825074.8661510731,731974.0025703368
470000,640000,831880.6465093652,740040.5859774242
470000,650000,838785.4659418659,748172.5232045439
470000,660000,845784.9124996141,756366.7347163988
470000,670000,852874.8284615349,764620.3255661177
470000,680000,860051.2902866788,772930.570259851
470000,690000,867310.5923762481,781294.9005205875
470000,700000,874649.2344444472,789710.8962554876
470000,710000,882063.9070759523,798176.274848071
470000,720000,889551.4791358468,806688.8816736542
470000,730000,897108.9831671555,815246.6789192952
470000,740000,904733.61019891,823847.7425830414
470000,750000,912422.6983860022,832490.2540050813
470000,760000,920173.717009794,841172.4868668853
470000,770000,927984.2688218997,849892.8107001563
470000,780000,935852.0733343697,858649.6772502486
470000,790000,943774.9635050483,867441.6186612884
470000,800000,951750.8788902417,876267.2425111185
470000,810000,959777.8608828908,885125.2286648947
470000,820000,967854.040398009,894014.3189697375
470000,830000,975977.6407740063,902933.3211662824
470000,840000,984146.9632645674,911881.0962984995
470000,850000,992360.3949118744,920856.5671934317
470000,860000,1000616.389840917,929858.7017776428
470000,870000,1008913.4782173475,938886.5224490205
470000,880000,1017250.253206218,947939.0947072998
470000,890000,1025625.367654653,957015.5247395646
470000,900000,1034037.5384419396,966114.9643594503
470000,910000,1042485.5375832595,975236.6032643518
470000,920000,1050968.1883756863,984379.666175529
470000,930000,1059484.3619788203,993543.4101668939
470000,940000,1068032.9835510054,1002727.1311145712
470000,950000,1076613.0186620997,1011930.1513989846
470000,960000,1085223.4749727657,1021151.8220853871
470000,970000,1093863.403571941,1030391.524619748
470000,980000,1102531.894040178,1039648.666699107
470000,990000,1111228.071245309,1048922.6797071537
470000,1000000,1119951.0944045202,1058213.0182639894
480000,10000,2688020.344675113,1863193.7231993272
480000,20000,2215312.968486443,1535537.938170051
480000,30000,1941881.3474210757,1346009.5985539076
480000,40000,1750079.8623364046,1213063.9026006074
480000,50000,1603071.3143418012,1111175.3757741384
480000,60000,1484526.7260345393,1029051.0980672111
480000,70000,1385839.3336048895,960768.1510305895
480000,80000,1301954.0360023386,902871.700637502
480000,90000,1229651.016949235,853173.5562899644
480000,100000,1166736.55435491,810184.8163052922
480000,110000,1111628.5988122402,772827.2429205047
480000,120000,1063131.8739410837,740278.9505231174
480000,130000,1020309.6449786556,711888.2062198176
480000,140000,982406.979097772,687122.9697578849
480000,150000,948802.5806688005,665539.8279224322
480000,160000,918977.0325581391,646763.7667520167
480000,170000,892490.9070470245,630474.2864614767
480000,180000,868969.0042414856,616395.3552256167
480000,190000,848088.6136152255,604287.8410884914
480000,200000,829570.5039094262,593943.6097062485
480000,210000,813171.8384250628,585180.7989195681
480000,220000,798680.4982152184,577839.9624332193
480000,230000,785910.462708148,571780.8761352445
480000,240000,774698.0286958447,566879.8823492135
480000,250000,764898.6478232503,563027.6359899307
480000,260000,756384.2968541905,560127.206656006
480000,270000,749041.2633121633,558092.4632281687
480000,280000,742768.2612634563,556846.6859115346
480000,290000,737474.8462101324,556321.3894495158
480000,300000,733080.0464265591,556455.2998552633
480000,310000,729511.1980205401,557193.4785871708
480000,320000,726702.9449253172,558486.566649379
480000,330000,724596.3697058774,560290.1253595087
480000,340000,723138.2481187506,562564.0686404807
480000,350000,722280.3990828145,565272.166834032
480000,360000,721979.1190998356,568381.613893926
480000,370000,722194.6912494615,571862.6508980049
480000,380000,722890.9539173061,575688.2350315277
480000,390000,724034.9253370792,579833.7509830334
480000,400000,725596.4670352988,584276.7522089562
480000,410000,727547.9968834493,588996.7399206368
480000,420000,729864.229549655,593974.9635087687
480000,430000,732521.9480426144,599194.2445859066
480000,440000,735499.8054075312,604638.8244605714
480000,450000,738778.1383155611,610294.220493598
480000,460000,742338.8167656815,616147.1108848152
480000,470000,746165.0934408276,622185.2184796698
480000,480000,750241.4838089604,628397.2191597569
480000,490000,754553.6497826356,634772.6521613544
480000,500000,759088.2969903992,641301.8415876958
480000,510000,763833.0814187068,647975.8245069536
480000,520000,768776.5363759748,654786.2957777273
480000,530000,773907.990813242,661725.5452168896
480000,540000,779217.5004241641,668786.4045076048
480000,550000,784695.796357773,675962.2092057165
480000,560000,790334.2244393992,683246.7517200545
480000,570000,796124.6976579204,690634.245316202
480000,580000,802059.650292659,698119.2893693398
480000,590000,808131.9998721218,705696.8406563872
480000,600000,814335.1072568952,713362.1828692027
480000,610000,820662.7443106935,721110.9023448025
480000,620000,827109.0641467224,728938.8656468408
480000,630000,833668.5703482939,736842.1962787029
480000,640000,840336.0939685645,744817.2573793642
480000,650000,847106.7700686192,752860.634362282
480000,660000,853976.0128481551,760969.1157273522
480000,670000,860939.5027032199,769139.6842829335
480000,680000,867993.1587337053,777369.4953895055
480000,690000,875133.1301344722,785655.8715234068
480000,700000,882355.7764328923,793996.2870284882
480000,710000,889657.6573321472,802388.3611968263
480000,720000,897035.5148213427,810829.8440955057
480000,730000,904486.263385815,819318.6098126813
480000,740000,912006.979582735,827852.6487444752
480000,750000,919594.8936864216,836430.0617895983
480000,760000,927247.3728728577,845049.0467991356
480000,770000,934961.9219649413,853707.9005455937
480000,780000,942736.1675238372,862405.0059281719
480000,790000,950567.8543040454,871138.8299972955
480000,800000,958454.8361358873,879907.9168109576
480000,810000,966395.0728787512,888710.8860127622
480000,820000,974386.6214698259,897546.4256342545
480000,830000,982427.6282975636,906413.2862473383
480000,840000,990516.3263365201,915310.2792920871
480000,850000,998651.0351666084,924236.278237638
480000,860000,1006830.1449178361,933190.2043275835
480000,870000,1015052.122822573,942171.0337534188
480000,880000,1023315.5041654549,951177.7901240052
480000,890000,1031618.885524717,960209.5388733516
480000,900000,1039960.9304667732,969265.3932300991
480000,910000,1048340.358299521,978344.5046249947
480000,920000,1056755.942050319,987446.0612399278
480000,930000,1065206.509261483,996569.2896559073
480000,940000,1073690.933644524,1005713.4473653694
480000,950000,1082208.1409745445,1014877.829115872
480000,960000,1090757.0962635104,1024061.7552242199
480000,970000,1099336.8092047656,1033264.5772516753
480000,980000,1107946.3323915575,1042485.6769444313
480000,990000,1116584.7504200872,1051724.4562670847
480000,1000000,1125251.1904380154,1060980.3478628728
490000,10000,2758445.6347962986,1912008.8144869441
490000,20000,2275736.555417369,1577420.377088332
490000,30000,1996452.225961808,1383835.2444113528
490000,40000,1800494.984365802,1248008.8001374917
490000,50000,1650254.9129864157,1143878.7277670417
490000,60000,1529050.9974014866,1059905.3093945473
490000,70000,1428083.010963864,990028.4023682034
490000,80000,1342180.0575808503,930710.9177369579
490000,90000,1268050.9960496281,879714.8497232813
490000,100000,1203457.7710438808,835521.4920435168
490000,110000,1146790.4841180441,797034.9727540127
490000,120000,1096835.9487632448,763422.9244246411
490000,130000,1052645.4277037852,734027.1744286779
490000,140000,1013455.4600068304,708311.4300953485
490000,150000,978638.2497820646,685829.1443173345
490000,160000,947669.0776525427,666202.7072198087
490000,170000,920103.9368732905,649109.2576603782
490000,180000,895563.5104168032,634270.4944659893
490000,190000,873721.2925907598,621445.0524775416
490000,200000,854294.5042053254,610422.5868205442
490000,210000,837036.9696350822,601019.0544485274
490000,220000,821733.4225635831,593072.8735116994
490000,230000,808194.8759962617,586441.7451390555
490000,240000,796254.8382506478,581000.0134727891
490000,250000,785766.1384224928,576636.4174264226
490000,260000,776598.2975684011,573252.2045064181
490000,270000,768635.3068205247,570759.5181609438
490000,280000,761773.7341192206,569080.0098825777
490000,290000,755921.135246045,568143.6643791534
490000,300000,750994.6744691953,567887.7721184585
490000,310000,746919.9535451772,568256.0516461172
490000,320000,743630.0037721241,569197.8901864758
490000,330000,741064.4071384339,570667.6783430346
490000,340000,739168.5450637017,572624.2393785416
490000,350000,737892.9411735059,575030.3283727588
490000,360000,737192.6877495407,577852.1939208469
490000,370000,737026.9483741401,581059.1973371493
490000,380000,737358.518482267,584623.4756411274
490000,390000,738153.4481329925,588519.6518708651
490000,400000,739380.6982726917,592724.570813881
490000,410000,741011.846791377,597217.0730662742
490000,420000,743020.824871103,601977.7916598554
490000,430000,745383.6879570514,606988.9763943156
490000,440000,748078.4077746506,612234.3334725668
490000,450000,751084.6867763196,617698.8824231174
490000,460000,754383.8016827819,623368.8363090209
490000,470000,757958.4529590082,629231.4855713281
490000,480000,761792.6353188893,635275.0984230918
490000,490000,765871.5273416559,641488.8367375849
490000,500000,770181.3782458056,647862.66818385
490000,510000,774709.4217916145,654387.3009561517
490000,520000,779443.7892602693,661054.117102692
490000,530000,784373.4356121806,667855.115709145
490000,540000,789488.0653220831,674782.85619581
490000,550000,794778.0787630323,681830.4178011424
490000,560000,800234.5098351582,688991.3516156588
490000,570000,805848.9795840532,696259.6457177787
490000,580000,811613.6462169819,703629.6866286071
490000,590000,817521.1681162748,711096.2317339708
490000,600000,823564.6606870271,718654.3762357088
490000,610000,829737.663625126,726299.5282666783
490000,620000,836034.113434267,734027.3889031461
490000,630000,842448.3062969716,741833.9229328207
490000,640000,848974.8802458071,749715.3466062705
490000,650000,855608.7842047818,757668.1034111128
490000,660000,862345.2576853525,765688.849111276
490000,670000,869179.8151350402,773774.440574779
490000,680000,876108.2207986958,781921.9160654402
490000,690000,883126.4741414587,790128.4849249489
490000,700000,890230.7947613432,798391.5160253164
490000,710000,897417.6064680453,806708.5260845775
490000,720000,904683.5260138791,815077.1712625865
490000,730000,912025.3453849652,823495.2335663544
490000,740000,919440.0276702464,831960.618692062
490000,750000,926924.6930000443,840471.3450464229
490000,760000,934476.6053687475,849025.5336033909
490000,770000,942093.1692452428,857621.4063017244
490000,780000,949771.9175487156,866257.2765616765
490000,790000,957510.5041607819,874931.5438442356
490000,800000,965306.6977728466,883642.6893208256
490000,810000,973158.3769748644,892389.272651492
490000,820000,981063.5193154456,901169.9231549696
490000,830000,989020.1967463031,909983.3366649391
490000,840000,997026.571563726,918828.2727270921
490000,850000,1005080.8930379044,927703.5527781715
490000,860000,1013181.4885121208,936608.052670366
490000,870000,1021326.7622604131,945540.7024701705
490000,880000,1029515.1887709822,954500.48121307
490000,890000,1037745.3077814116,963486.4129300896
490000,900000,1046015.7273787451,972497.5705150001
490000,910000,1054325.114533314,981533.0673007906
490000,920000,1062672.1950775508,990592.0580992259
490000,930000,1071055.742460574,999673.7290667841
490000,940000,1079474.5876327888,1008777.3076666837
490000,950000,1087927.6129338818,1017902.057479469
490000,960000,1096413.736260733,1027047.2640345596
490000,970000,1104931.931681979,1036212.2545375833
490000,980000,1113481.2082028666,1045396.3785148024
490000,990000,1122060.6148243635,1054599.013001728
490000,1000000,1130669.239864059,1063819.5623180529
500000,10000,2829165.393524939,1961028.0158595787
500000,20000,2336454.682698129,1619506.9758205053
500000,30000,2051317.7849282979,1421865.1484496763
500000,40000,1851205.1476713314,1283158.246172631
500000,50000,1697734.7638855225,1176787.7264020164
500000,60000,1573874.5121052284,1090967.9828761055
500000,70000,1470631.1537281603,1019502.0941138929
500000,80000,1382717.719022186,958770.4506030488
500000,90000,1306771.0090043733,906484.5239289105
500000,100000,1240507.7969015222,861094.996028829
500000,110000,1182289.6135408843,821487.6688704225
500000,120000,1130884.8430263042,786819.1978313357
500000,130000,1085332.4304814627,756424.671511287
500000,140000,1044860.2319293228,729763.4006761202
500000,150000,1008833.9190936646,706385.6766418553
500000,160000,976723.5159322001,685911.3399811168
500000,170000,948080.5300484939,668015.2594574824
500000,180000,922521.6472882943,652416.9800623179
500000,190000,899716.6966275653,638873.0275174677
500000,200000,879379.4790766179,627170.968619516
500000,210000,861260.6031748644,617124.6959051896
500000,220000,845141.770045767,608570.599974514
500000,230000,830831.1319601752,601364.4056214766
500000,240000,818159.4942614485,595378.5398531703
500000,250000,806977.149462162,590499.9043481752
500000,260000,797151.2304286927,586627.9872556762
500000,270000,788563.4911311225,583673.2614511152
500000,280000,781108.4076524862,581555.7988851687
500000,290000,774691.5775547482,580204.092380802
500000,300000,769228.3406801107,579554.0323609202
500000,310000,764642.5955110941,579548.0225888663
500000,320000,760865.7851649257,580134.2185145739
500000,330000,757836.0146976555,581265.8608290569
500000,340000,755497.2909465109,582900.6993625187
500000,350000,753798.8562391788,585000.4861908014
500000,360000,752694.6098050935,587530.5343025771
500000,370000,752142.6051799438,590459.3333502031
500000,380000,752104.6071642993,593758.2101952811
500000,390000,752545.7007378899,597401.0288906549
500000,400000,753433.9503987797,601363.9289052876
500000,410000,754740.0993833032,605625.0940584711
500000,420000,756437.2977477299,610164.5429983218
500000,430000,758500.8751810906,614963.9548496755
500000,440000,760908.1236518715,620006.501468113
500000,450000,763638.1105925036,625276.703693716
500000,460000,766671.520789642,630760.3101050917
500000,470000,769990.4987407062,636444.175105425
500000,480000,773578.5214392007,642316.1616342709
500000,490000,777420.2804018569,648365.0503262784
500000,500000,781501.5704707003,654580.4539603235
500000,510000,785809.1970255935,660952.7464826391
500000,520000,790330.8909061316,667472.9977271894
500000,530000,795055.2308006398,674132.9140908928
500000,540000,799971.5663457144,680924.7791467694
500000,550000,805069.9667660529,687841.415362985
500000,560000,810341.1521405808,694876.1306948342
500000,570000,815776.4488312807,702022.6851478952
500000,580000,821367.7380684013,709275.2515485445
500000,590000,827107.4151127533,716628.38430457
500000,600000,832988.3492198061,724076.9891492348
500000,610000,839003.8473663017,731616.295637815
500000,620000,845147.6244062758,739241.8345290669
500000,630000,851413.7701722337,746949.412843383
500000,640000,857796.7239315757,754735.0947255458
500000,650000,864291.2492276318,762595.1823019834
500000,660000,870892.4092614566,770526.197061715
500000,670000,877595.5521297114,778524.8695080327
500000,680000,884396.2817430666,786588.1159794765
500000,690000,891290.4489935358,794713.0334283966
500000,700000,898274.128513607,802896.880953574
500000,710000,905343.6119254963,811137.0756719777
500000,720000,912495.383931542,819431.1740827829
500000,730000,919726.1172769653,827776.8687479493
500000,740000,927032.6561876457,836171.9757905224
500000,750000,934412.0111073887,844614.4316638904
500000,760000,941861.3401766547,853102.2779997387
500000,770000,949377.9478157329,861633.6621617085
500000,780000,956959.2712831085,870206.8262327086
500000,790000,964602.8721903276,878820.1009186978
500000,800000,972306.4348621133,887471.905279153
500000,810000,980067.750535648,896160.7332153491
500000,820000,987884.7203767789,904885.1583104535
500000,830000,995755.3408341523,913643.8205866957
500000,840000,1003677.699645645,922435.4242201473
500000,850000,1011649.9785499306,931258.7413536414
500000,860000,1019670.4369454855,940112.5975047325
500000,870000,1027737.4181120589,948995.8785701967
500000,880000,1035849.3330567493,957907.5165411185
500000,890000,1044004.6654340734,966846.4948470951
500000,900000,1052201.9669036544,975811.845091335
500000,910000,1060439.8513062368,984802.6420265737
500000,920000,1068716.991529685,993818.0015695873
500000,930000,1077032.115409104,1002857.0775405883
500000,940000,1085384.0039432591,1011919.0605985312
500000,950000,1093771.493986924,1021003.1814351539
500000,960000,1102193.4621324677,1030108.6961565614
500000,970000,1110648.839905103,1039234.9012317118
500000,980000,1119136.593328383,1048381.1145870741
500000,990000,1127655.7369160526,1057546.6894084273
500000,1000000,1136205.3212517977,1066731.002873597
510000,10000,2900173.7350694975,2010247.2475974283
510000,20000,2397461.459127705,1661793.6508968705
510000,30000,2106472.122669764,1460095.2196148406
510000,40000,1902204.4011992733,1318508.1072951492
510000,50000,1745504.7554219516,1209898.0865971292
510000,60000,1618990.815869448,1122234.5052426253
510000,70000,1513476.82600732,1049184.148622888
510000,80000,1423559.5620630493,987044.7165646029
510000,90000,1345803.1247804542,933476.5393082339
510000,100000,1277878.34219106,886898.9407917388
510000,110000,1218117.4803285296,846178.7303844421
510000,120000,1165269.974330782,810461.0899192687
510000,130000,1118362.1191111126,779074.0534234215
510000,140000,1076612.912713389,751472.371020575
510000,150000,1039381.4375266958,727203.1212804482
510000,160000,1006132.4852338791,705883.6213209477
510000,170000,976413.1538588175,687186.5443896372
510000,180000,949836.2367021188,670829.3827004847
510000,190000,926068.0125948736,656566.6638781067
510000,200000,904818.9853646767,644183.9826221286
510000,210000,885836.6651012893,633493.2781905397
510000,220000,868899.8283625969,624329.0156724394
510000,230000,853813.8630464092,616545.0347306406
510000,240000,840406.9664071613,610011.9327686776
510000,250000,828526.9673889008,604614.8433194053
510000,260000,818038.6831438169,600251.5618380923
510000,270000,808821.6918067421,596830.9467464547
510000,280000,800768.4253441963,594271.5350778435
510000,290000,793782.5707985089,592500.3708167986
510000,300000,787777.679042316,591451.9768832608
510000,310000,782675.9787310829,591067.4722446622
510000,320000,778407.3526934009,591293.8055249173
510000,330000,774908.4519112941,592083.0879079455
510000,340000,772121.9266179297,593392.011730121
510000,350000,769995.7529019412,595181.3394131707
510000,360000,768482.6528474268,597415.4619023029
510000,370000,767539.5805396523,600062.0062438112
510000,380000,767127.2747989147,603091.4933693769
510000,390000,767209.8665879134,606477.0372896254
510000,400000,767754.5286603014,610194.0760707279
510000,410000,768731.1715088146,614220.1383535363
510000,420000,770112.1708821392,618534.633567932
510000,430000,771872.1298797614,623118.6692440872
510000,440000,773987.6641649506,627954.8854768603
510000,450000,776437.2061192422,633027.3040793808
510000,460000,779200.8489555933,638321.2089972793
510000,470000,782260.1817373361,643823.0188158556
510000,480000,785598.1635209209,649520.1904299732
510000,490000,789198.9968792708,655401.1215534726
510000,500000,793048.0214850836,661455.0689605506
510000,510000,797131.6133817269,667672.0710490495
510000,520000,801437.1013558463,674042.8839309615
510000,530000,805952.6858363678,680558.9192700173
510000,540000,810667.3624582157,687212.1851691853
510000,550000,815570.863556913,693995.2421965868
510000,560000,820653.59634366,700901.1555683061
510000,570000,825906.5898554173,707923.4549789884
510000,580000,831321.4459434749,715056.097028284
510000,590000,836890.2962054496,722293.4325585208
510000,600000,842605.7612946724,729630.1756015605
510000,610000,848460.9129942892,737061.3745962756
510000,620000,854449.2435675084,744582.3892136768
510000,630000,860564.6338840665,752188.8662631366
510000,640000,866801.3239261953,759876.7170873405
510000,650000,873153.8887651514,767642.0996880847
510000,660000,879617.2147106453,775481.400664194
510000,670000,886186.4797996952,783391.2207716577
510000,680000,892857.1277923712,791368.3545349982
510000,690000,899624.8583286018,799409.7841207107
510000,700000,906485.6021667803,807512.6594618984
510000,710000,913435.5125520835,815674.2930952017
510000,720000,920470.9455987144,823892.1442986631
510000,730000,927588.4486378324,832163.8110563718
510000,740000,934784.74809158,840487.0206893437
510000,750000,942056.7443634025,848859.6272658778
510000,760000,949401.4873835169,857279.5911571326
510000,770000,956816.1799263738,865744.9835891271
510000,780000,964298.1613893452,874253.9733655773
510000,790000,971844.9035519687,882804.8245214062
510000,800000,979453.9983921903,891395.8866656874
510000,810000,987123.1566002449,900025.5947135561
510000,820000,994850.1979876831,908692.4613886069
510000,830000,1002633.0402895014,917395.068238427
510000,840000,1010469.699300508,926132.0665059412
510000,850000,1018358.2864337729,934902.1764596882
510000,860000,1026296.9939572393,943704.1741194914
510000,870000,1034284.0991230976,952536.8965117455
510000,880000,1042317.954154582,961399.2329463223
510000,890000,1050396.981011822,970290.1212289494
510000,900000,1058519.6768662098,979208.5534272841
510000,910000,1066684.6001237968,988153.5636253783
510000,920000,1074890.3717764898,997124.229859638
510000,930000,1083135.6695426456,1006119.6694225108
510000,940000,1091419.2275239825,1015139.039165455
510000,950000,1099739.835433196,1024181.5353032838
510000,960000,1108096.3273227392,1033246.3835528083
510000,970000,1116487.5901518303,1042332.8475328565
510000,980000,1124912.551320385,1051440.2179028243
510000,990000,1133370.1835390858,1060567.8171344134
510000,1000000,1141859.5004342387,1069714.995934456
520000,10000,2971464.9888301403,2059662.579140202
520000,20000,2458751.214970954,1704276.4723563024
520000,30000,2161909.5588219143,1498521.5203280735
520000,40000,1953487.0321517356,1354054.416951826
520000,50000,1793559.0398791458,1243205.714030718
520000,60000,1664393.759894388,1153700.4932295259
520000,70000,1556613.4327958964,1079069.7538830272
520000,80000,1464698.4938183557,1015528.4238477298
520000,90000,1385139.793356026,960685.1619630109
520000,100000,1315561.4979879246,912927.2441728234
520000,110000,1254265.940638556,871101.8457636621
520000,120000,1199983.0982233325,834342.1861926122
520000,130000,1151726.2683919088,801968.9155213421
520000,140000,1108705.395429127,773432.0393156041
520000,150000,1070272.896443998,748275.3534222625
520000,160000,1035888.3336855059,726113.6573566048
520000,170000,1005094.4568141393,706617.4886291213
520000,180000,977500.2525208052,689502.3710878128
520000,190000,952768.5592248777,674520.9387172639
520000,200000,930606.6911030123,661456.9176854854
520000,210000,910759.171585037,650120.3995609191
520000,220000,893001.9543129125,640344.0205867942
520000,230000,877137.7605064263,631979.8266828052
520000,240000,862992.2655580948,624896.6665242282
520000,250000,850410.9116620772,618977.9773174752
520000,260000,839256.2686696717,614119.9251511574
520000,270000,829405.7969106352,610229.8080821052
520000,280000,820749.9377753137,607224.6770696022
520000,290000,813190.5118453319,605030.1677106913
520000,300000,806639.3194879286,603579.4704241317
520000,310000,801016.9517959136,602812.4487029368
520000,320000,796251.7600564576,602674.8700874377
520000,330000,792278.9633809213,603117.7362645908
520000,340000,789039.8746951569,604096.6993746789
520000,350000,786481.2235558782,605571.5491631051
520000,360000,784554.5652919334,607505.7639379482
520000,370000,783215.7666781114,609866.1185539422
520000,380000,782424.5519416322,612622.3376292059
520000,390000,782144.1032451085,615746.789702622
520000,400000,782340.7093828482,619214.2177671358
520000,410000,782983.4534975861,623001.4995343847
520000,420000,784043.9383549151,627087.4364061368
520000,430000,785496.0451096668,631452.5678040383
520000,440000,787315.7124169101,636079.0013767307
520000,450000,789480.7430519311,640950.2638467014
520000,460000,791970.6363328651,646051.172473422
520000,470000,794766.4279237607,651367.7113301464
520000,480000,797850.5558710654,656886.9284913252
520000,490000,801206.7374015828,662596.8412673034
520000,500000,804819.8536610706,668486.3472707879
520000,510000,808675.851027294,674545.1488488972
520000,520000,812761.655034605,680763.6870732096
520000,530000,817065.0871981652,687133.0778607572
520000,540000,821574.7850776495,693645.0502724438
520000,550000,826280.1463737475,700291.9044331758
520000,560000,831171.2624358514,707066.4601690035
520000,570000,836238.8619919405,713962.0140460875
520000,580000,841474.2668161234,720972.3055679721
520000,590000,846869.3438163925,728091.4808725384
520000,600000,852416.4613754884,735314.0590463281
520000,610000,858108.455891932,742634.9069418085
520000,620000,863938.5962086036,750049.212336094
520000,630000,869900.5500577019,757552.457958948
520000,640000,875988.3585835986,765140.402722146
520000,650000,882196.4063547262,772809.0585534747
520000,660000,888519.3984282911,780554.6732038388
520000,670000,894952.3447987003,788373.7193813259
520000,680000,901490.5270305196,796262.8679363533
520000,690000,908129.4898936385,804218.9828733905
520000,700000,914865.0198798863,812239.1048357812
520000,710000,921693.1312805697,820320.4407349711
520000,720000,928610.0477452463,828460.3495311674
520000,730000,935612.1926089497,836656.335637997
520000,740000,942696.1738456627,844906.0370832947
520000,750000,949858.7759570958,853207.2202663303
520000,760000,957096.9418258471,861557.7652416307
520000,770000,964407.7722319524,869955.6667704507
520000,780000,971788.5075981679,878399.0193892801
520000,790000,979236.5251299856,886886.0163051635
520000,800000,986749.3285745297,895414.9413489624
520000,810000,994324.544221325,903984.1667165956
520000,820000,1001959.9082976527,912592.1425906768
520000,830000,1009653.2608128128,921237.3927805834
520000,840000,1017402.5451556888,929918.5152983015
520000,850000,1025205.7992796665,938634.1754732891
520000,860000,1033061.1471039513,947383.098942347
520000,870000,1040966.8030972583,956164.0768194305
520000,880000,1048921.0545439797,964975.9501074329
520000,890000,1056922.2649052828,973817.6139777779
520000,900000,1064968.872354204,982688.0168251202
520000,910000,1073059.3807755662,991586.1528059255
520000,920000,1081192.360762039,1000511.0636797129
520000,930000,1089366.4364990531,1009461.827084033
520000,940000,1097580.2946088566,1018437.5653622109
520000,950000,1105832.6781599738,1027437.4409623591
520000,960000,1114122.3752746251,1036460.6459056356
520000,970000,1122448.2313800247,1045506.4140865975
520000,980000,1130809.1313771198,1054574.0051185617
520000,990000,1139204.009473751,1063662.7139435352
520000,1000000,1147631.8393898862,1072771.8621501804
530000,10000,3043033.722430074,2109270.2450512396
530000,20000,2520318.5050766882,1746951.6659074838
530000,30000,2217624.644582107,1537140.2735838122
530000,40000,2005047.5626897148,1389793.372818451
530000,50000,1841892.015993875,1276706.691810777
530000,60000,1710077.4706646716,1185361.7703291674
530000,70000,1600034.6980016117,1109154.3452570892
530000,80000,1506127.7715722658,1044216.5578955997
530000,90000,1424773.8274673685,988104.9482904556
530000,100000,1353549.717202192,939174.1141112591
530000,110000,1290727.2085148767,896250.9881160841
530000,120000,1235016.3057937878,858456.336402797
530000,130000,1185416.9578555764,825103.0898621732
530000,140000,1141129.8502809303,795636.3146683883
530000,150000,1101500.633063721,769596.4307983096
530000,160000,1065983.6281893176,746595.7116489273
530000,170000,1034117.2749399783,726302.5983087393
530000,180000,1005506.8335400686,708430.7231639407
530000,190000,979811.7918756321,692730.9142815565
530000,200000,956736.3801686635,678985.1295279657
530000,210000,936022.2328149541,667001.7068293663
530000,220000,917442.585418692,656611.5513775359
530000,230000,900797.5817731442,647665.0001351587
530000,240000,885910.4550460357,640029.2287045186
530000,250000,872624.3426386277,633586.0531121898
530000,260000,860799.6290973932,628230.0688603861
530000,270000,850311.7178727152,623867.0695995237
530000,280000,841049.1115097788,620412.6679950418
530000,290000,832911.8081425722,617791.131685204
530000,300000,825809.8965968774,615934.3541274787
530000,310000,819662.3618332113,614780.9722040961
530000,320000,814396.0541139041,614275.5995834743
530000,330000,809944.7831207137,614368.1488866571
530000,340000,806248.5471642875,615013.2519598667
530000,350000,803252.8436783958,616169.7389993912
530000,360000,800908.0776629067,617800.1898880774
530000,370000,799169.0403810914,619870.5376756458
530000,380000,797994.4502501823,622349.7182553302
530000,390000,797346.5515237249,625209.363777754
530000,400000,797190.751896228,628423.5247487333
530000,410000,797495.3149363277,631968.4344100964
530000,420000,798231.0734148186,635822.2883603184
530000,430000,799371.1901608258,639965.0608690099
530000,440000,800890.931617619,644378.3306975374
530000,450000,802767.4686052166,649045.1275567316
530000,460000,804979.7104085602,653949.8048041969
530000,470000,807508.1391726596,659077.9116173645
530000,480000,810334.6728428319,664416.0876451416
530000,490000,813442.541605133,669951.9680991938
530000,500000,816816.1672744376,675674.0905269859
530000,510000,820441.0688106226,681571.8226814973
530000,520000,824303.7653541212,687635.2877212141
530000,530000,828391.6982050183,693855.304401235
530000,540000,832693.1476516601,700223.323164752
530000,550000,837197.1740496707,706731.3811180787
530000,560000,841893.5497603507,713372.049813734
530000,570000,846772.7047343877,720138.3935050402
530000,580000,851825.6789687104,727023.9332671956
530000,590000,857044.0702386094,734022.6063496651
530000,600000,862419.9965464334,741128.7382541918
530000,610000,867946.055563011,748337.0113610714
530000,620000,873615.2905578172,755642.4393950942
530000,630000,879421.1550664624,763040.3399504684
530000,640000,885357.4894753399,770526.3176994163
530000,650000,891418.4869430794,778096.2376156476
530000,660000,897598.6719184425,785746.2090467348
530000,670000,903892.8803959503,793472.5712514744
530000,680000,910296.2318336945,801271.8714155321
530000,690000,916804.1162191236,809140.8554222042
530000,700000,923412.1735185024,817076.4525144285
530000,710000,930116.2761479999,825075.7613589017
530000,720000,936912.5173208932,833136.0424006234
530000,730000,943797.1915488339,841254.701957931
530000,740000,950766.7869565368,849429.2876712028
530000,750000,957817.9734984712,857657.4793364228
530000,760000,964947.5862086663,865937.0759881093
530000,770000,972152.6195376285,874265.9919912947
530000,780000,979430.2153831543,882642.2480366455
530000,790000,986777.6558301254,891063.9659601601
530000,800000,994192.3557757011,899529.3633064402
530000,810000,1001671.8514421657,908036.7443768877
530000,820000,1009213.7993279629,916584.50028354
530000,830000,1016815.9610158429,925171.0965897375
530000,840000,1024476.2024165477,933795.0733651756
530000,850000,1032192.4891024489,942455.042090091
530000,860000,1039962.8795957165,951149.6806541302
530000,870000,1047785.5173957035,959877.7267267375
530000,880000,1055658.629121719,968637.9771932799
530000,890000,1063580.5160268939,977429.2808625079
530000,900000,1071549.560260395,986250.5454543025
530000,910000,1079564.2078670803,995100.7221647047
530000,920000,1087622.976581074,1003978.8141553669
530000,930000,1095724.4390140076,1012883.861236928
530000,940000,1103867.2330927413,1021814.9503780755
530000,950000,1112050.0530036283,1030771.207827738
530000,960000,1120271.644037042,1039751.7951627602
530000,970000,1128530.8046999301,1048755.9114060001
530000,980000,1136826.3793828483,1057782.7871139063
530000,990000,1145157.2620528457,1066831.687967898
530000,1000000,1153522.388026392,1075901.9080514389
540000,10000,3114874.6934702443,2159066.6115764226
540000,20000,2582158.0939390888,1789815.6025742453
540000,30000,2273612.134658818,1575947.8434887403
540000,40000,2056880.717212915,1425721.3138447006
540000,50000,1890498.3085123557,1310397.2652580622
540000,60000,1756036.3392464078,1217214.357334007
540000,70000,1643734.6400200895,1139433.5858095256
540000,80000,1547840.97587412,1073104.3597921368
540000,90000,1464698.3830524415,1015730.7287934029
540000,100000,1391835.8003026429,965634.0366988219
540000,110000,1327493.8270410784,921620.3938429534
540000,120000,1270362.000252114,882797.6376789705
540000,130000,1219426.5627292125,848470.6390187321
540000,140000,1173878.711836982,818079.3088314817
540000,150000,1133057.2220179345,791160.5888943262
540000,160000,1096411.1424313004,767324.198283745
540000,170000,1063474.6278586402,746236.5084975072
540000,180000,1033849.2729066818,727609.320462332
540000,190000,1007191.301454569,711191.7390592736
540000,200000,983201.9487933624,696764.0401904868
540000,210000,961620.060292937,684132.9024056401
540000,220000,942216.2410942246,673127.5841813247
540000,230000,924788.1465370338,663596.7972936052
540000,240000,909156.6533196962,655406.1238336379
540000,250000,895162.6602366174,648435.8221896802
540000,260000,882664.438873411,642578.9833164754
540000,270000,871535.389561407,637739.9472591821
540000,280000,861662.128783239,633832.9367479011
540000,290000,852942.8758332167,630780.8919102558
540000,300000,845286.0468179452,628514.4447350274
540000,310000,838609.0553757619,626971.0369760958
540000,320000,832837.277093792,626094.1526817828
540000,330000,827903.1402046918,625832.640137064
540000,340000,823745.3453164938,626140.1266619047
540000,350000,820308.1783202578,626974.5008030449
540000,360000,817540.9079516737,628297.4565765694
540000,370000,815397.2619270466,630074.0957574779
540000,380000,813834.9648932737,632272.5758840624
540000,390000,812815.3301563386,634863.7987997319
540000,400000,812302.8925478737,637821.1294783738
540000,410000,812265.1023312294,641120.161814304
540000,420000,812672.0269557349,644738.4895199398
540000,430000,813496.1137084193,648655.523925237
540000,440000,814711.9600530196,652852.317382094
540000,450000,816296.1062609404,657311.4036293766
540000,460000,818226.8753700877,662016.6748462361
540000,470000,820484.1945594543,666953.2440397504
540000,480000,823049.4628526262,672107.3430635604
540000,490000,825905.4234708257,677466.2248533206
540000,500000,829036.0406931716,683018.0680245172
540000,510000,832426.4019043046,688751.9020961464
540000,520000,836062.6228223004,694657.5342461584
540000,530000,839931.7621273112,700725.484109609
540000,540000,844021.741254461,706946.9216056381
540000,550000,848321.2812878655,713313.6190965135
540000,560000,852819.838083003,719817.9016660829
540000,570000,857507.538439542,726452.5974410275
540000,580000,862375.1388238253,733211.0070855906
540000,590000,867413.968626748,740086.8596095503
540000,600000,872615.892964709,747074.2844512666
540000,610000,877973.2690797028,754167.7779578713
540000,620000,883478.9129163005,761362.1779727323
540000,630000,889126.0648475834,768652.6379331128
540000,640000,894908.3597682524,776034.6038513301
540000,650000,900819.7990972766,783503.7933263032
540000,660000,906854.7244898223,791056.1753019996
540000,670000,913007.7988885649,798687.9563652567
540000,680000,919273.9771482978,806395.5576357215
540000,690000,925648.4929892321,814175.6057057303
540000,700000,932126.8354267392,822024.9140856862
540000,710000,938704.7391133906,829940.477117212
540000,720000,945378.1614944126,837919.451640973
540000,730000,952143.2684637121,845959.1463402769
540000,740000,958996.4278326161,854057.0176703223
540000,750000,965934.1926868069,862210.6569793834
540000,760000,972953.2873151154,870417.7794591248
540000,770000,980050.6016265134,878676.2208106214
540000,780000,987223.1762127874,886983.9253387738
540000,790000,994468.1993827971,895338.9445805693
540000,800000,1001782.9903686723,903739.423756587
540000,810000,1009165.0030842015,912183.6062231992
540000,820000,1016611.8052310927,920669.8159546654
540000,830000,1024121.0827861315,929196.462643098
540000,840000,1031690.6220478279,937762.0264560808
540000,850000,1039318.3188477128,946365.0677082242
540000,860000,1047002.1565155146,955004.2073299545
540000,870000,1054740.2159497526,963678.1374745937
540000,880000,1062530.6586878155,972385.6065582074
540000,890000,1070371.7242006056,981125.417771016
540000,900000,1078261.735215207,989896.4348067748
540000,910000,1086199.0814791175,998697.5675516864
540000,920000,1094182.225920406,1007527.7786503384
540000,930000,1102209.689540818,1016386.0701490315
540000,940000,1110280.059160821,1025271.4913445873
540000,950000,1118391.9837401314,1034183.1359055797
540000,960000,1126544.1580423743,1043120.1276470538
540000,970000,1134735.340575187,1052081.6373638678
540000,980000,1142964.3309288537,1061066.8623166867
540000,990000,1151229.9810486084,1070075.0377380238
540000,1000000,1159531.1887381002,1079105.4306361715
550000,10000,3186982.8646469074,2209048.1871228614
550000,20000,2644264.9323522546,1832864.7825136993
550000,30000,2329866.970309196,1614940.7234912242
550000,40000,2108981.4185897186,1461834.7174205713
550000,50000,1939372.7567862226,1344273.8331176534
550000,60000,1802264.9896350647,1249254.4486090073
550000,70000,1687707.5492446437,1169903.3482392663
550000,80000,1589831.990486536,1102187.309651468
550000,90000,1504906.9335492123,1043557.5877530439
550000,100000,1430412.8666317018,992301.7542925163
550000,110000,1364558.6581940537,947204.5542627238
550000,120000,1306012.8881240848,907360.4277673359
550000,130000,1253747.732464732,872065.8411275913
550000,140000,1206944.6680193054,840755.329101721
550000,150000,1164935.4644624332,812962.2343517694
550000,160000,1127163.8513636477,788293.6793480968
550000,170000,1093159.7100310796,766413.9786621914
550000,180000,1062521.0200394406,747033.1513331118
550000,190000,1034900.8083471187,729898.6454681942
550000,200000,1009997.4064579653,714789.1407741534
550000,210000,987546.9540692758,701509.7373109064
550000,220000,967317.5154282219,689888.1315129872
550000,230000,949104.3411662071,679771.4891614564
550000,240000,932726.0269640634,671023.8704730849
550000,250000,918021.308054855,663524.045711958
550000,260000,904846.4030395162,657163.6581814134
550000,270000,893072.768987825,651845.6495324738
550000,280000,882585.1865311712,647482.8991334788
550000,290000,873280.1400863013,643997.0601668954
550000,300000,865064.4120418375,641317.5389312729
550000,310000,857853.8773837982,639380.6121149067
550000,320000,851572.4679902139,638128.6619363063
550000,330000,846151.2518774366,637509.492191135
550000,340000,841527.6581145261,637475.7483873165
550000,350000,837644.7759175717,637984.3913376548
550000,360000,834450.7546024459,638996.243932981
550000,370000,831898.2727732069,640475.5891921525
550000,380000,829944.0693886601,642389.8137338745
550000,390000,828548.5368326848,644709.0976342018
550000,400000,827675.3485569556,647406.1298959266
550000,410000,827291.1411744561,650455.8652873631
550000,420000,827365.2271278299,653835.3038523839
550000,430000,827869.3411042768,657523.2963850312
550000,440000,828777.4121508377,661500.3694171376
550000,450000,830065.3576814542,665748.5665749508
550000,460000,831710.9108171473,670251.3160277655
550000,470000,833693.4480575259,674993.2975907234
550000,480000,835993.8507525154,679960.3363272434
550000,490000,838594.3752292801,685139.3026136885
550000,500000,841478.5275795503,690518.0153512717
550000,510000,844630.9635385236,696085.1654108481
550000,520000,848037.3937249215,701830.2425471117
550000,530000,851684.4965824975,707743.4687263366
550000,540000,855559.8321541192,713815.7311058543
550000,550000,859651.7825938034,720038.5373807781
550000,560000,863949.4826882173,726403.961899781
550000,570000,868442.7596096867,732904.5995194282
550000,580000,873122.0811364703,739533.5259095039
550000,590000,877978.5105217404,746284.2634186908
550000,600000,883003.6566046104,753150.7425380952
550000,610000,888189.634003814,760127.2713231173
550000,620000,893529.0320825955,767208.5124079146
550000,630000,899014.8740729371,774389.4512010956
550000,640000,904640.5925068187,781665.3777856926
550000,650000,910399.9924311193,789031.8582232362
550000,660000,916287.2311678295,796484.7195617352
550000,670000,922296.7975618894,804020.0347336696
550000,680000,928423.4803165386,811634.0973497673
550000,690000,934662.3558340726,819323.413521516
550000,700000,941008.7638632784,827084.6827190598
550000,710000,947458.2955930969,834914.7895163457
550000,720000,954006.7716024597,842810.7864447143
550000,730000,960650.2319010162,850769.8866154624
550000,740000,967384.9191008916,858789.4511663275
550000,750000,974207.2704687921,866866.9837206403
550000,760000,981113.8969945222,875000.1134576567
550000,770000,988101.5825082542,883186.5958943848
550000,780000,995167.2687881875,891424.3011268514
550000,790000,1002308.0433996888,899711.2042842857
550000,800000,1009521.1361779995,908045.3837561056
550000,810000,1016803.9082485774,916425.0125632498
550000,820000,1024153.8479404094,924848.3559459905
550000,830000,1031568.5553720176,933313.7585017515
550000,840000,1039045.7442213638,941819.6469695135
550000,850000,1046583.232149456,950364.5225301642
550000,860000,1054178.9355331762,958946.9569897383
550000,870000,1061830.864072706,967565.5889565184
550000,880000,1069537.1155267933,976219.1196924082
550000,890000,1077295.86669766,984906.3059288964
550000,900000,1085105.3816067306,993625.9680167972
550000,910000,1092963.9915719186,1002376.9725692866
550000,920000,1100870.1045800273,1011158.2416476768
550000,930000,1108822.188577761,1019968.7381901738
550000,940000,1116818.7813033746,1028807.4757730247
550000,950000,1124858.480471811,1037673.5099398828
550000,960000,1132939.9361473545,1046565.93212161
550000,970000,1141061.859454059,1055483.8779030743
550000,980000,1149223.0098485125,1064426.5161056658
550000,990000,1157422.196117015,1073393.0499734788
550000,1000000,1165658.274790466,1082382.7162938756
560000,10000,3259353.3762592133,2259211.6032026126
560000,20000,2706634.1611582907,1876095.8376142243
560000,30000,2386384.294382543,1654115.5467990355
560000,40000,2161344.78803686,1498130.1991166242
560000,50000,1988510.402682865,1378332.9384331123
560000,60000,1848758.2787214583,1281478.410501335
560000,70000,1731947.9708499422,1200559.7007104198
560000,80000,1632094.9798367526,1131461.1084774358
560000,90000,1545393.2507281245,1071580.8475629578
560000,100000,1469274.3464066593,1019172.2580044108
560000,110000,1401914.8662195397,972998.2026913007
560000,120000,1341961.9657293342,932139.2748598572
560000,130000,1288373.39381357,895883.1918353243
560000,140000,1240320.661374955,863658.8795040955
560000,150000,1197128.3930500306,834995.9491673111
560000,160000,1158234.937596189,809498.8704998964
560000,170000,1123165.9006273355,786829.9009302681
560000,180000,1091515.681468856,766697.3130148496
560000,190000,1062934.1773055173,748846.9619327054
560000,200000,1037116.8834051378,733055.9983882299
560000,210000,1013797.3202199098,719128.0253391371
560000,220000,992741.091512467,706889.2541411453
560000,230000,973741.1237590311,696185.380710933
560000,240000,956613.8058915539,686879.0135339826
560000,250000,941195.7786454373,678847.4996695037
560000,260000,927341.2682508121,671981.0919034663
560000,270000,914919.8483044162,666181.3883945292
560000,280000,903814.5092935808,661359.9684605995
560000,290000,893920.0472260191,657437.2407867076
560000,300000,885141.6480450989,654341.420617965
560000,310000,877393.6836293581,652007.6516471356
560000,320000,870598.6698312003,650377.2399972882
560000,330000,864686.3412598844,649396.9688982099
560000,340000,859592.8744616002,649018.5197765676
560000,350000,855260.1840834008,649197.9448936577
560000,360000,851635.3140603143,649895.2089011447
560000,370000,848669.9064800323,651073.7873700033
560000,380000,846319.7290966286,652700.3083088011
560000,390000,844544.2619907968,654744.2376419044
560000,400000,843306.3217767519,657177.5927877577
560000,410000,842571.7448230776,659974.700105393
560000,420000,842309.0889910882,663111.9667682071
560000,430000,842489.3817473085,666567.6875109028
560000,440000,843085.8905406138,670321.8683657809
560000,450000,844073.9076093768,674356.0610786944
560000,460000,845430.5831853517,678653.2352485831
560000,470000,847134.7412399119,683197.6359954122
560000,480000,849166.7482283926,687974.6835874859
560000,490000,851508.37399491,692970.8658247959
560000,500000,854142.6662255261,698173.6417166009
560000,510000,857053.8504399748,703571.3642756367
560000,520000,860227.2318626381,709153.2053894253
560000,530000,863649.1067120049,714909.0873538814
560000,540000,867306.6734454342,720829.6144188979
560000,550000,871187.9764245553,726906.0299385713
560000,560000,875281.8271754897,733130.1557683916
560000,570000,879577.7509595776,739494.3511147052
560000,580000,884065.9290499958,745991.4684569336
560000,590000,888737.1543575331,752614.8196320345
560000,600000,893582.7783649636,759358.1350391699
560000,610000,898594.6743014638,766215.5353233494
560000,620000,903765.2029545403,773181.50599287
560000,630000,909087.169410296,780250.863484518
560000,640000,914553.7989919905,787418.7376146782
560000,650000,920158.7023168933,794680.5444093774
560000,660000,925895.8524627353,802031.9690240208
560000,670000,931759.5599186658,809468.9468020647
560000,680000,937744.4472004243,816987.6438202199
560000,690000,943845.4321198225,824584.4443980017
560000,700000,950057.7039442239,832255.932859232
560000,710000,956376.7085130692,839998.8824765786
560000,720000,962798.1312316564,847810.2425200882
560000,730000,969317.8804262996,855687.1256694874
560000,740000,975932.0745956865,863626.7984066345
560000,750000,982637.0347244741,871626.676315709
560000,760000,989429.2584555373,879684.3024312933
560000,770000,996305.4205706865,887797.3494069976
560000,780000,1003262.3613163666,895963.6106682235
560000,790000,1010297.069145542,904180.9863782463
560000,800000,1017406.6819591614,912447.4857785677
560000,810000,1024588.4714535937,920761.2146073964
560000,820000,1031839.8389802933,929120.372441006
560000,830000,1039158.3039001296,937523.2434321907
560000,840000,1046541.4997983503,945968.194138357
560000,850000,1053987.172915773,954453.672701789
560000,860000,1061493.16441238,962978.1943165364
560000,870000,1069057.418126657,971540.3488797429
560000,880000,1076677.96378271,980138.7866712494
560000,890000,1084352.9165803387,988772.2188760713
560000,900000,1092080.4776505018,997439.418782513
560000,910000,1099858.9228077475,1006139.2122955265
560000,920000,1107686.603271059,1014870.4793812996
560000,930000,1115561.933508084,1023632.1435036279
560000,940000,1123483.3995841974,1032423.1799089614
560000,950000,1131449.5502436648,1041242.6084696514
560000,960000,1139458.9887049515,1050089.486067887
560000,970000,1147510.3793129656,1058962.913868566
560000,980000,1155602.4375934605,1067862.02845877
560000,990000,1163733.9306054898,1076786.0026204456
560000,1000000,1171903.6750107696,1085734.0442255263
570000,10000,3331981.5363813094,2309553.6076204996
570000,20000,2769261.086158179,1919505.5141049908
570000,30000,2443159.39840575,1693469.0496947232
570000,40000,2213966.106680541,1534604.4858991532
570000,50000,2037906.462784273,1412571.2486471434
570000,60000,1895511.2594985368,1313882.7544655846
570000,70000,1776450.6856486874,1231398.8915671569
570000,80000,1674624.3663665676,1160921.6601415998
570000,90000,1586151.3854914298,1099796.0531611973
570000,100000,1508413.953212927,1046240.7667203809
570000,110000,1439555.8994020317,998996.3003838676
570000,120000,1378202.5026451547,957128.965280216
570000,130000,1323296.724915779,919917.3859932672
570000,140000,1273999.8665473498,886784.6453172228
570000,150000,1229629.2501874093,857256.4761675417
570000,160000,1189617.7712290916,830934.627796276
570000,170000,1153486.7432183102,807479.2870607529
570000,180000,1120827.0117330141,786597.0066148553
570000,190000,1091285.3938201838,768032.0978304069
570000,200000,1064554.6173048832,751560.2483224333
570000,210000,1040365.6554775549,736983.6337118823
570000,220000,1018481.729780763,724127.0545051038
570000,230000,998693.5162047584,712834.8069723453
570000,240000,980815.2710961824,702968.1174026375
570000,250000,964681.6040127234,694402.9699084829
570000,260000,950144.8130019889,687028.2861866996
570000,270000,937072.6393304262,680744.3695384763
570000,280000,925346.3347464609,675461.5465135254
570000,290000,914859.0492460044,671099.0208486503
570000,300000,905514.413541608,667583.854181289
570000,310000,897225.3270326881,664850.085978174
570000,320000,889912.9189245814,662837.9730252917
570000,330000,883505.617845715,661493.3027355319
570000,340000,877938.3702549376,660766.8126537085
570000,350000,873151.9324011758,660613.6615356811
570000,360000,869092.2615681649,660992.9722028918
570000,370000,865709.9773690059,661867.4252553928
570000,380000,862959.8878474867,663202.9003183868
570000,390000,860800.5701018219,664968.1575620588
570000,400000,859193.9941052124,667134.5512116943
570000,410000,858105.2008777995,669675.7839212385
570000,420000,857502.0016922582,672567.6764656038
570000,430000,857354.7218926325,675787.9718206312
570000,440000,857635.9684969763,679316.1566061096
570000,450000,858320.4150331325,683133.2958659452
570000,460000,859384.627875685,687221.8998103045
570000,470000,860806.8860389186,691565.7848362568
570000,480000,862567.0374981685,696149.9632360812
570000,490000,864646.3671194194,700960.5415840083
570000,500000,867027.4665959203,705984.6205009775
570000,510000,869694.1323532666,711210.2159728672
570000,520000,872631.2612648698,716626.1792506616
570000,530000,875824.7681745265,722222.1335955253
570000,540000,879261.4920325973,727988.4015017614
570000,550000,882929.1345465641,733915.9581369708
570000,560000,886816.1864463711,739996.374353412
570000,570000,890911.8689356982,746221.7719389533
570000,580000,895206.0773717074,752584.7802447034
570000,590000,899689.3313111643,759078.4980375646
570000,600000,904352.7258851385,765696.4560269509
570000,610000,909187.8908904997,772432.5857434432
570000,620000,914186.9558873145,779281.1931061842
570000,630000,919342.5086530644,786236.9261432447
570000,640000,924647.565199024,793294.7523992343
570000,650000,930095.5427128882,800449.9385073687
570000,660000,935680.2247943028,807698.0231783665
570000,670000,941395.7462448172,815034.8063700749
570000,680000,947236.5610757301,822456.3243983657
570000,690000,953197.4271474757,829958.8386924893
570000,700000,959273.3791206307,837538.8146873972
570000,710000,965459.7212094154,845192.917235923
570000,720000,971751.9990176309,852917.9885111919
570000,730000,978145.9903964776,860711.041654225
570000,740000,984637.6894088878,868569.2482832375
570000,750000,991223.2958606313,876489.9312984264
570000,760000,997899.1940349424,884470.5476881013
570000,770000,1004661.9511718123,892508.6886118792
570000,780000,1011508.30340717,900602.0684247734
570000,790000,1018435.1399003809,908748.5120176363
570000,800000,1025439.5025765987,916945.9559836454
570000,810000,1032518.5765503801,925192.4412357227
570000,820000,1039669.6732768122,933486.0990764886
570000,830000,1046890.2316558454,941825.1535772845
570000,840000,1054177.8042383194,950207.910001428
570000,850000,1061530.0629837827,958632.761152306
570000,860000,1068944.7762551832,967098.1676226427
570000,870000,1076419.8169665108,975602.6659840186
570000,880000,1083953.1500303666,984144.8585379204
570000,890000,1091542.8252780857,992723.40754907
570000,900000,1099186.984128546,1001337.042057472
570000,910000,1106883.8430101408,1009984.5438456226
570000,920000,1114631.6957722555,1018664.7501747587
570000,930000,1122428.9038126643,1027376.5452310022
570000,940000,1130273.9010118407,1036118.8659480544
570000,950000,1138165.1859268826,1044890.6949124058
570000,960000,1146101.3124820662,1053691.0525150984
570000,970000,1154080.9002681652,1062519.0073470767
570000,980000,1162102.6206199494,1071373.663488721
570000,990000,1170165.1961209155,1080254.160872447
570000,1000000,1178267.4029498,1089159.6778262989
580000,10000,3404862.8256805143,2360071.067813816
580000,20000,2832141.185882414,1963090.6779421433
580000,30000,2500187.7629976994,1732998.099543564
580000,40000,2266840.8318459955,1571254.4273085792
580000,50000,2087556.343689741,1446985.5656787714
580000,60000,1942519.194936504,1346464.1454826365
580000,70000,1821210.699840054,1262417.3404157115
580000,80000,1717414.825650905,1190565.0658635683
580000,90000,1627175.6620604564,1128198.965881138
580000,100000,1547825.6785603713,1073502.7214827803
580000,110000,1477475.4825757395,1025194.0299478901
580000,120000,1414728.0387581976,982324.5005451633
580000,130000,1358511.1668867778,944163.325342751
580000,140000,1307975.7000513074,910127.4999664814
580000,150000,1262431.5003669092,879738.728064884
580000,160000,1221305.9217163126,852595.9568083454
580000,170000,1184115.9622605431,828357.2810276857
580000,180000,1150448.9241272237,806727.5459358563
580000,190000,1119948.5852222696,787449.5596517306
580000,200000,1092304.9660676061,770297.6045838922
580000,210000,1067246.5601297824,755072.4938568883
580000,220000,1044534.279475376,741597.6863383976
580000,230000,1023956.6198800646,729716.1456745865
580000,240000,1005325.7693714153,719287.7776746991
580000,250000,988474.3733651676,710187.2660349505
580000,260000,973252.8612762694,702302.2572183316
580000,270000,959527.1942012112,695531.8086304481
580000,280000,947176.933779221,689785.0394160431
580000,290000,936093.6279671477,684979.9889186058
580000,300000,926179.3878289175,681042.5985787052
580000,310000,917345.6773174133,677905.8371275642
580000,320000,909512.2649850468,675508.9364308219
580000,330000,902606.3027337492,673796.7141659686
580000,340000,896561.5266334502,672718.9823581259
580000,350000,891317.5551258358,672230.0246969083
580000,360000,886819.2752679578,672288.1369337866
580000,370000,883016.2983585381,672855.2173558825
580000,380000,879862.4854834445,673896.4085218739
580000,390000,877315.5210138874,675379.7738622315
580000,400000,875336.5389424919,677276.0136740169
580000,410000,873889.7907867735,679558.2119430258
580000,420000,872942.3453275017,682201.6069157287
580000,430000,872463.8351790796,685183.3973416546
580000,440000,872426.2097059651,688482.5529271015
580000,450000,872803.5276567234,692079.6551662282
580000,460000,873571.775144932,695956.7577837493
580000,470000,874708.6831228049,700097.2459260519
580000,480000,876193.5897975161,704485.7308459668
580000,490000,878007.2925620484,709107.9357333126
580000,500000,880131.9303296386,713950.605096661
580000,510000,882550.8669817387,719001.4150655236
580000,520000,885248.5952390817,724248.8994107678
580000,530000,888210.6477435384,729682.381508992
580000,540000,891423.501022629,735291.8994615502
580000,550000,894874.5171213852,741068.1624309968
580000,560000,898551.8647145784,747002.4891645847
580000,570000,902444.4605586816,753086.7632355837
580000,580000,906541.9109373351,759313.3882930379
580000,590000,910834.4632525631,765675.250596491
580000,600000,915312.9553098498,772165.680414316
580000,610000,919968.7725160161,778778.4190488191
580000,620000,924793.8121861861,785507.5916706258
580000,630000,929780.4423861369,792347.675815914
580000,640000,934921.470922552,799293.4774911101
580000,650000,940210.1184886168,806340.1112644258
580000,660000,945639.9794435077,813482.9693380641
580000,670000,951205.0107754185,820717.7144638654
580000,680000,956899.497046037,828040.2521985949
580000,690000,962718.0349728825,835446.7199139128
580000,700000,968655.5068379107,842933.4657716741
580000,710000,974707.0691141007,850497.0413349854
580000,720000,980868.1301549583,858134.1835020995
580000,730000,987134.3340829735,865841.8027982268
580000,740000,993501.5488302812,873616.974678605
580000,750000,999965.8537356169,881456.9299255331
580000,760000,1006523.5202125853,889359.0397293788
580000,770000,1013171.0043928772,897320.8105173691
580000,780000,1019904.9366046906,905339.876053063
580000,790000,1026722.1093052379,913413.9884568842
580000,800000,1033619.4674629186,921541.0105276711
580000,810000,1040594.1021647627,929718.9117287414
580000,820000,1047643.2413233198,937945.7608022683
580000,830000,1054764.2372947738,946219.7161494298
580000,840000,1061954.5659855637,954539.0258336838
580000,850000,1069211.8206815117,962902.0231761157
580000,860000,1076533.6956647031,971307.1130871713
580000,870000,1083917.995240318,979752.7810129349
580000,880000,1091362.6163045967,988237.5782562969
580000,890000,1098865.5451342936,996760.1198374402
580000,900000,1106424.8593427297,1005319.0867764947
580000,910000,1114038.716064044,1013913.2169376934
580000,920000,1121705.3538338463,1022541.3064913559
580000,930000,1129423.0769136325,1031202.197167269
580000,940000,1137190.2667690786,1039894.7868885504
580000,950000,1145005.373114838,1048618.0224042307
580000,960000,1152866.9008811738,1057370.8879795182
580000,970000,1160773.4208473486,1066152.4156924293
580000,980000,1168723.5605548078,1074961.67771594
580000,990000,1176716.0001742824,1083797.782930505
580000,1000000,1184749.4717306953,1092659.8767300867
590000,10000,3477992.889644652,2410760.965464729
590000,20000,2895270.100279484,2006848.306968262
590000,30000,2557465.0154968533,1772699.6654194428
590000,40000,2319964.589837826,1608076.9903651667
590000,50000,2137455.6199431904,1481572.8101775467
590000,60000,1989777.5271154537,1379219.3796166764
590000,70000,1866223.229060801,1293611.625440827
590000,80000,1760461.2696069882,1220387.6106049684
590000,90000,1668460.6489331871,1156785.5413143327
590000,100000,1587503.7766294135,1100953.7731410644
590000,110000,1515667.6058795936,1051586.7861536113
590000,120000,1451532.366765883,1007721.0842901479
590000,130000,1394010.397926362,968616.1000450425
590000,140000,1342241.8028106599,933682.492833207
590000,150000,1295528.813921722,902437.7765048501
590000,160000,1253293.148923969,874478.0070438891
590000,170000,1215047.4477057436,849459.1492227938
590000,180000,1180375.477899711,827084.3495993387
590000,190000,1148918.0090925035,807094.944154841
590000,200000,1120362.4037668065,789263.8583952796
590000,210000,1094434.7384492857,773390.6030261267
590000,220000,1070893.6778748904,759297.3556070338
590000,230000,1049525.6048547456,746825.811045979
590000,240000,1030140.7073675493,735834.6186006513
590000,250000,1012569.7268917053,726197.2186772425
590000,260000,996661.2786424243,717800.0342129169
590000,270000,982279.597109264,710540.9267667235
590000,280000,969302.6031665794,704327.8535638616
590000,290000,957620.2821935576,699077.7269916362
590000,300000,947133.2641707925,694715.4037501316
590000,310000,937751.6108508923,691172.8125933271
590000,320000,929393.7626944755,688388.1898287225
590000,330000,921985.6148915689,686305.402712587
590000,340000,915459.7206003657,684873.3619734886
590000,350000,909754.5784354763,684045.4927503646
590000,360000,904814.022980144,683779.2796436378
590000,370000,900586.6724065397,684035.8522743311
590000,380000,897025.450814851,684779.6252684441
590000,390000,894087.1636729749,685977.9772167604
590000,400000,891732.1155179938,687600.960562554
590000,410000,889923.7779850871,689621.0487904436
590000,420000,888628.4865223371,692012.905355729
590000,430000,887815.1810577211,694753.1852483468
590000,440000,887455.1629755108,697820.3491196076
590000,450000,887521.8765382173,701194.4952627519
590000,460000,887990.7310477961,704857.2236968043
590000,470000,888838.9170290105,708791.4944723556
590000,480000,890045.257097928,712981.5131777974
590000,490000,891590.0695628453,717412.6259601278
590000,500000,893455.0370116363,722071.2185450782
590000,510000,895623.0937587771,726944.6292249947
590000,520000,898078.3283716243,732021.074283922
590000,530000,900805.8905907234,737289.5762720003
590000,540000,903791.8969222419,742739.8908811216
590000,550000,907023.368068556,748362.4595033992
590000,560000,910488.1493158232,754148.3474930186
590000,570000,914174.8531516838,760089.2002789584
590000,580000,918072.796635691,766177.1953035147
590000,590000,922171.9552275327,772405.0064155657
590000,600000,926462.9057866079,778765.7602619141
590000,610000,930936.7909461126,785253.008906786
590000,620000,935585.2737201536,791860.6950487534
590000,630000,940400.5023485955,798583.1253357723
590000,640000,945375.0762155008,805414.9439930788
590000,650000,950502.0155862741,812351.110001528
590000,660000,955774.7270610064,819386.87019435
590000,670000,961186.988452004,826517.7487621289
590000,680000,966732.914983327,833739.5205539592
590000,690000,972406.937547476,841048.1946388952
590000,700000,978203.7868701719,848440.0027667019
590000,710000,984118.4720294363,855911.3829488223
590000,720000,990146.2613559443,863458.9647376813
590000,730000,996282.6663244877,871079.5568816218
590000,740000,1002523.4253306568,878770.1352740427
590000,750000,1008864.4987583186,886527.8401616636
590000,760000,1015302.0401815354,894349.9523358075
590000,770000,1021832.3970784697,902233.8957095657
590000,780000,1028452.0937880464,910177.2233562102
590000,790000,1035157.8208000758,918177.6095442314
590000,800000,1041946.4277615579,926232.8450162713
590000,810000,1048814.914108998,934340.8297302704
590000,820000,1055760.4190049607,942499.5654090884
590000,830000,1062780.2105093324,950707.1465013311
590000,840000,1069871.6829596069,958961.7596025562
590000,850000,1077032.3519234543,967261.6793035638
590000,860000,1084259.8398647464,975605.2568950279
590000,870000,1091551.879475289,983990.924086705
590000,880000,1098906.297532783,992417.1791058903
590000,890000,1106321.0166355541,1000882.589598098
590000,900000,1113794.0504902944,1009385.7887358764
590000,910000,1121323.4969283827,1017925.4700615186
590000,920000,1128907.5363828288,1026500.386629228
590000,930000,1136544.4190888458,1035109.3400435137
590000,940000,1144232.472122667,1043751.1877459809
590000,950000,1151970.0932159068,1052424.837685901
590000,960000,1159755.7370930214,1061129.2369359657
590000,970000,1167587.930426387,1069863.3854074257
590000,980000,1175465.2522592666,1078626.319036096
590000,990000,1183386.3403108579,1087417.1155068206
590000,1000000,1191349.8849209414,1096234.8898910682
600000,10000,3551367.4934281283,2461620.3652019496
600000,20000,2958643.5992060695,2050775.469071433
600000,30000,2614986.9260653523,1812570.8154016535
600000,40000,2373333.135082511,1645069.2311769566
600000,50000,2187600.0079426784,1516330.0030637267
600000,60000,2037281.8638113807,1412145.3738035467
600000,70000,1911483.6704813864,1324978.4626022882
600000,80000,1803758.8110400497,1250385.7366849126
600000,90000,1710001.1436746507,1185551.9168923202
600000,100000,1627442.7358021548,1128589.7609007019
600000,110000,1554126.4942955372,1078170.153424935
600000,120000,1488609.518696643,1033314.1119490095
600000,130000,1429788.3234349987,993270.9813039172
600000,140000,1376792.0277089125,957444.8404942113
600000,150000,1328915.0573796923,925348.8455843664
600000,160000,1285573.387891932,896576.0618431664
600000,170000,1246275.2533423395,870780.2800343954
600000,180000,1210600.8797348123,847662.9430517609
600000,190000,1178188.0503514716,826963.9374220212
600000,200000,1148721.514279069,808454.8748820242
600000,210000,1121924.9853202042,791934.0161487992
600000,220000,1097554.941247156,777222.3153917606
600000,230000,1075395.7134560312,764160.2576982591
600000,240000,1055255.552679382,752605.2950243696
600000,250000,1036963.3528561781,742429.6784176287
600000,260000,1020365.9707056009,733518.6596818566
600000,270000,1005325.9662495706,725768.9530254301
600000,280000,991719.6637074894,719087.3955835074
600000,290000,979435.5295217572,713389.8129274197
600000,300000,968372.7492627823,708600.0112870219
600000,310000,958440.0150932573,704648.9096615468
600000,320000,949554.4685361264,701473.7756853002
600000,330000,941640.7763080772,699017.5517183371
600000,340000,934630.3293988601,697228.2663756632
600000,350000,928460.52753,696058.5051871715
600000,360000,923074.1682417729,695464.955844395
600000,370000,918418.8910176356,695407.9923078988
600000,380000,914446.7011986349,695851.3169039383
600000,390000,911113.5321718855,696761.6300680869
600000,400000,908378.8687784229,698108.3448141818
600000,410000,906205.413535383,699863.3335124141
600000,420000,904558.7728512832,702000.6886623568
600000,430000,903407.2023076087,704496.5286033773
600000,440000,902721.3570690332,707328.8064147526
600000,450000,902474.0733084287,710477.1427658566
600000,460000,902640.1886399729,713922.6880059406
600000,470000,903196.3510360613,717647.975405011
600000,480000,904120.874792494,721636.810551292
600000,490000,905393.5978819045,725874.1618764705
600000,500000,906995.7480146652,730346.0570096493
600000,510000,908909.8318071709,735039.4979947862
600000,520000,911119.535446744,739942.3848505592
600000,530000,913609.6250864743,745043.438556328
600000,540000,916365.8567445428,750332.1318115339
600000,550000,919374.9085962165,755798.6371051524
600000,560000,922624.3066857349,761433.7695971614
600000,570000,926102.3546639347,767228.932732422
600000,580000,929798.0823524626,773176.0789809395
600000,590000,933701.1906334729,779267.6676853168
600000,600000,937801.997648902,785496.6231430204
600000,610000,942091.3989069844,791856.3046841592
600000,620000,946560.826174649,798340.4749496717
600000,630000,951202.2048797621,804943.2668322395
600000,640000,956007.9242883918,811659.1612962561
600000,650000,960970.8048987477,818482.9621116936
600000,660000,966084.0651847831,825409.7703573088
600000,670000,971341.300818445,832434.9688763786
600000,680000,976736.4558001524,839554.2000941038
600000,690000,982263.7981801118,846763.3472803273
600000,700000,987917.9050106651,854058.5239381513
600000,710000,993693.6345099284,861436.0513771189
600000,720000,999586.116489536,868892.4528042908
600000,730000,1005590.7256375357,876424.431699208
600000,740000,1011703.0755202986,884028.8684587211
600000,750000,1017919.0008721353,891702.8067689545
600000,760000,1024234.5415031295,899443.4407158948
600000,770000,1030645.9313563557,907248.1071397626
600000,780000,1037149.5894546257,915114.2789408804
600000,790000,1043742.1044124456,923039.5528450572
600000,800000,1050420.2282882677,931021.6452606097
600000,810000,1057180.8659698397,939058.3842100735
600000,820000,1064021.07093052,947147.7067031735
600000,830000,1070938.02459361,955287.6415345076
600000,840000,1077929.038980455,963476.3129207941
600000,850000,1084991.5536852397,971711.938490904
600000,860000,1092123.112954197,979992.8100210222
600000,870000,1099321.3796898755,988317.3069270746
600000,880000,1106584.1122567046,996683.8761553753
600000,890000,1113909.1660600551,1005091.0347573615
600000,900000,1121294.4924547567,1013537.3693769699
600000,910000,1128738.1283860707,1022021.5279651294
600000,920000,1136238.1959830436,1030542.2200480334
600000,930000,1143792.8869592738,1039098.2031818053
600000,940000,1151400.4773244525,1047688.2971605598
600000,950000,1159059.3114508924,1056311.3702218041
600000,960000,1166767.7958281445,1064966.3337263835
600000,970000,1174524.4076287933,1073652.150722546
600000,980000,1182327.6804285143,1082367.82350864
600000,990000,1190176.2062650232,1091112.3959512226
600000,1000000,1198068.6344595673,1099884.952904076
610000,10000,3624982.5739122555,2512646.4506862126
610000,20000,3022257.605946855,2094869.3384879234
610000,30000,2672749.4189487365,1852608.7243774987
610000,40000,2426942.3803333608,1682228.3158189629
610000,50000,2237985.382912554,1551254.2769770112
610000,60000,2085027.9768337687,1445239.1639018808
610000,70000,1956987.6126019494,1356514.7111153225
610000,80000,1847302.7743162059,1280556.0495221792
610000,90000,1751792.172366244,1214494.4097470946
610000,100000,1667637.2843509254,1156406.7146400383
610000,110000,1592846.6144733895,1104939.9092279936
610000,120000,1525953.759135535,1059099.1650776744
610000,130000,1465839.0763605896,1018123.4210072972
610000,140000,1411620.4446213734,981409.929994858
610000,150000,1362584.2978477527,948467.3150391051
610000,160000,1318140.7586616054,918885.5456873936
610000,170000,1277793.5974751406,892316.1850270169
610000,180000,1241119.4809076649,868458.9574523994
610000,190000,1207753.224802489,847052.3183650457
610000,200000,1177377.0003896244,827866.6006199109
610000,210000,1149712.200721388,810698.857275814
610000,220000,1124513.1762095084,795368.8751830857
610000,230000,1101562.2670265196,781715.9865927246
610000,240000,1080665.8382004611,769596.4967866556
610000,250000,1061650.9948248048,758881.5224203533
610000,260000,1044362.8919969542,749455.1968622388
610000,270000,1028662.4601381553,741213.1302393433
610000,280000,1014424.4711602959,734061.0812042662
610000,290000,1001535.9159697706,727913.8285202145
610000,300000,989894.5719920257,722694.1617750594
610000,310000,979407.7942742707,718332.0204082052
610000,320000,969991.4558054397,714763.7312054097
610000,330000,961569.0191652613,711931.3342436092
610000,340000,954070.7351816567,709781.996391856
610000,350000,947432.9265520549,708267.483142784
610000,360000,941597.3720643783,707343.7017095977
610000,370000,936510.7486943159,706970.2848838584
610000,380000,932124.1508913952,707110.2305658902
610000,390000,928392.6555356585,707729.57427199
610000,400000,925274.9401085834,708797.1004782938
610000,410000,922732.939512779,710284.0823141137
610000,420000,920731.5444640515,712164.0525213229
610000,430000,919238.3293049394,714412.5955492203
610000,440000,918223.3108614488,717007.1638579315
610000,450000,917658.7199759467,719926.9025556897
610000,460000,917518.8249670846,723152.5145722183
610000,470000,917779.7373878339,726666.1113181346
610000,480000,918419.2635439367,730451.0988462734
610000,490000,919416.7627114952,734492.0687792219
610000,500000,920753.0108927895,738774.6934978656
610000,510000,922410.0892868793,743285.6403257438
610000,520000,924371.2785822939,748012.4903388105
610000,530000,926620.9641498035,752943.6652624294
610000,540000,929144.5422607878,758068.355092749
610000,550000,931928.3503735894,763376.464786637
610000,560000,934959.5900966821,768858.5549385104
610000,570000,938226.2604517542,774505.7900401955
610000,580000,941717.1030133942,780309.896903412
610000,590000,945421.542500484,786263.1185557649
610000,600000,949329.638569854,792358.177341632
610000,610000,953432.0397772937,798588.2395461538
610000,620000,957719.9427258354,804946.8842456884
610000,630000,962185.0530882914,811428.0732778723
610000,640000,966819.5468130007,818026.1212627199
610000,650000,971616.0460055615,824735.6778568765
610000,660000,976567.5761888701,831551.694061835
610000,670000,981667.5551037575,838469.415023475
610000,680000,986909.7517054433,845484.3472461065
610000,690000,992288.2720602537,852592.2488760876
610000,700000,997797.5340449671,859789.1100452351
610000,710000,1003432.2514268392,867071.1411576312
610000,720000,1009187.4069888392,874434.7514698096
610000,730000,1015058.2448982401,881876.544602371
610000,740000,1021040.246037902,889393.2985484505
610000,750000,1027129.1257284011,896981.9655920988
610000,760000,1033320.8028334576,904639.646998029
610000,770000,1039611.400409144,912363.5947500413
610000,780000,1045997.2303180705,920151.199887703
610000,790000,1052474.7779244885,927999.9802970578
610000,800000,1059040.6977392698,935907.5780667646
610000,810000,1065691.80216624,943871.7510462952
610000,820000,1072425.0522161308,951890.3656148845
610000,830000,1079237.5451082808,959961.3869377302
610000,840000,1086126.5110013816,968082.8772806705
610000,850000,1093089.3084681325,976252.992650695
610000,860000,1100123.408765387,984469.9701263336
610000,870000,1107226.4011424233,992732.1332442502
610000,880000,1114395.973469362,1001037.8759300445
610000,890000,1121629.9151535581,1009385.6656143661
610000,900000,1128926.1145411455,1017774.0417350157
610000,910000,1136282.5453955147,1026201.6047421963
610000,920000,1143697.27177616,1034667.0206112687
610000,930000,1151168.429613475,1043169.0055737538
610000,940000,1158694.2392729213,1051706.337674458
610000,950000,1166272.9900303883,1060277.8434858818
610000,960000,1173903.0456497166,1068882.4041118328
610000,970000,1181582.8244082958,1077518.936824439
610000,980000,1189310.8232825513,1086186.41864343
610000,990000,1197085.5817147992,1094883.8530477493
610000,1000000,1204905.709781433,1103610.2967368895
620000,10000,3698834.183787195,2563836.485850842
620000,20000,3086108.181203875,2139127.1847044537
620000,30000,2730748.540761732,1892810.6520581827
620000,40000,2480788.36527126,1719551.4985232095
620000,50000,2288607.7590326844,1586342.862238171
620000,60000,2133011.7961728955,1478497.89994242
620000,70000,2002730.8125260498,1388217.3565248707
620000,80000,1891088.6746851846,1310895.3017839915
620000,90000,1793828.9632931727,1243609.496826531
620000,100000,1708082.3692227064,1184400.8386412372
620000,110000,1631822.6610505264,1131892.0132713714
620000,120000,1563559.579898201,1085072.0066717418
620000,130000,1502157.008233727,1043169.0448904396
620000,140000,1446721.3258149133,1005573.3084583085
620000,150000,1396530.7927916858,971788.7131962561
620000,160000,1350989.5563828729,941402.0176273399
620000,170000,1309596.8570038814,914062.4953647951
620000,180000,1271925.7797854722,889468.1321959136
620000,190000,1237608.1797607709,867355.9600714601
620000,200000,1206323.6742963158,847495.0579949149
620000,210000,1177791.3851500105,829681.3173595779
620000,220000,1151763.578911484,813733.4013905799
620000,230000,1128020.6583742928,799489.540901989
620000,240000,1106367.1606248845,786804.9488275301
620000,250000,1086628.456439894,775549.6587894887
620000,260000,1068648.04190761,765606.7280238244
620000,270000,1052285.2730480244,756870.7127354675
620000,280000,1037413.4138048392,749246.3346300288
620000,290000,1023918.0135050337,742647.358724907
620000,300000,1011695.4814644047,736995.5944604172
620000,310000,1000651.867923884,732220.0317162494
620000,320000,990701.8062289758,728256.0831921799
620000,330000,981767.579398807,725044.9095773532
620000,340000,973778.3244689755,722532.8394901621
620000,350000,966669.3049513919,720670.8351157821
620000,360000,960381.297393745,719414.0384051144
620000,370000,954860.0320553205,718721.3552508164
620000,380000,950055.7077080916,718555.0925351401
620000,390000,945922.5577807549,718880.6324325311
620000,400000,942418.4571413551,719666.135635531
620000,410000,939504.5898330406,720882.2901541702
620000,420000,937145.1305173265,722502.0693384069
620000,430000,935306.984081077,724500.5337470174
620000,440000,933959.5302515021,726854.6363208642
620000,450000,933074.4040901329,729543.0546175807
620000,460000,932625.3059377127,732546.0454343949
620000,470000,932587.8132996763,735845.3003469497
620000,480000,932939.2295035508,739423.8297832886
620000,490000,933658.4369111531,743265.8501592878
620000,500000,934725.7611163111,747356.6794935822
620000,510000,936122.857339972,751682.65003507
620000,520000,937832.6045942612,756231.0267448623
620000,530000,939839.008076635,760989.932468668
620000,540000,942127.1028436475,765948.2732412507
620000,550000,944682.886630856,771095.6871875769
620000,560000,947493.2392430019,776422.4821152404
620000,570000,950545.8524711502,781919.5815367253
620000,580000,953829.1789422049,787578.4856354385
620000,590000,957332.3695930111,793391.2230350452
620000,600000,961045.2226920738,799350.3115325245
620000,610000,964958.1390886401,805448.7236050762
620000,620000,969062.0821917001,811679.8562074817
620000,630000,973348.5341519745,818037.4967380388
620000,640000,977809.4609270522,824515.7962609326
620000,650000,982437.2818359435,831109.246420452
620000,660000,987224.8322068803,837812.6503534267
620000,670000,992165.3456440124,844621.1100381836
620000,680000,997252.4209764241,851530.0001456487
620000,690000,1002479.9974648146,858534.9495855755
620000,700000,1007842.3370456054,865631.8277578761
620000,710000,1013334.0020578848,872816.7278083839
620000,720000,1018949.8348283863,880085.9509599693
620000,730000,1024684.9404939926,887435.9932415845
620000,740000,1030534.6740337011,894863.5361802778
620000,750000,1036494.6238359446,902365.4342129689
620000,760000,1042560.5903672181,909938.6975258067
620000,770000,1048728.5860517507,917580.4938977514
620000,780000,1054994.810751744,925288.1277925586
620000,790000,1061355.6514286334,933059.0426089151
620000,800000,1067807.661243384,940890.8029321418
620000,810000,1074347.5571392952,948781.0934119158
620000,820000,1080972.211188744,956727.7131809355
620000,830000,1087678.630086439,964728.5579749082
620000,840000,1094463.9660828924,972781.6314388894
620000,850000,1101325.496441772,980885.0280193565
620000,860000,1108260.6163996074,989036.9270927808
620000,870000,1115266.8388688886,997235.5943557735
620000,880000,1122341.7851149915,1005479.3735361549
620000,890000,1129483.1767217924,1013766.681069777
620000,900000,1136688.835607382,1022096.006347963
620000,910000,1143956.6788408337,1030465.9077674069
620000,920000,1151284.7030674145,1038874.9997420473
620000,930000,1158670.9888500497,1047321.9570461769
620000,940000,1166113.704110979,1055805.5191915794
620000,950000,1173611.0850263457,1064324.4728931005
620000,960000,1181161.441599842,1072877.6587337754
620000,970000,1188763.147261717,1081463.9613397014
620000,980000,1196414.6490419365,1090082.3201698342
620000,990000,1204114.4421722216,1098731.706098353
620000,1000000,1211861.0890585247,1107411.139558368
630000,10000,3772918.502283889,2615187.82234053
630000,20000,3150191.502486873,2183546.358172677
630000,30000,2788980.4746658686,1933173.9528048993
630000,40000,2534867.266073464,1757036.1282749197
630000,50000,2339463.281300676,1621593.0809858877
630000,60000,2181229.3861765154,1511918.8290109513
630000,70000,2048709.1854799604,1420083.502391894
630000,80000,1935112.2017490836,1341400.3805382776
630000,90000,1836106.942057972,1272893.8099755757
630000,100000,1748773.1383949285,1212568.4978782213
630000,110000,1671049.5324348023,1159022.5894249587
630000,120000,1601421.6770794357,1111228.564253408
630000,130000,1538736.6705866635,1068403.638975894
630000,140000,1482089.1390895408,1029930.6779737942
630000,150000,1430748.9812638366,995308.7108568017
630000,160000,1384114.243857606,964121.1663656732
630000,170000,1341679.564306062,936014.9601415718
630000,180000,1303014.414129616,910686.310166321
630000,190000,1267747.6838010515,887870.8234343729
630000,200000,1235556.4629188203,867336.3498109193
630000,210000,1206157.633454793,848877.6510358448
630000,220000,1179301.429025883,832312.3141767456
630000,230000,1154766.3592271237,817477.512403017
630000,240000,1132355.1848386717,804227.4153630692
630000,250000,1111891.5913248588,792431.0206756629
630000,260000,1093217.4699827607,781970.3593675938
630000,270000,1076190.643126497,772738.9733607605
630000,280000,1060682.9092756603,764640.5873714783
630000,290000,1046578.4196830022,757587.992481187
630000,300000,1033772.2479746433,751502.048878929
630000,310000,1022169.1721745575,746310.8270988623
630000,320000,1011682.6138762296,741948.85176718
630000,330000,1002233.7063478515,738356.4308965551
630000,340000,993750.4894997014,735479.071392189
630000,350000,986167.1910065656,733266.95283765
630000,360000,979423.6041851745,731674.4691251873
630000,370000,973464.5281613906,730659.813381325
630000,380000,968239.2780920324,730184.6126504282
630000,390000,963701.2555094948,730213.6061242517
630000,400000,959807.5449455911,730714.3416244108
630000,410000,956518.5864160127,731656.9281766842
630000,420000,953797.8503246908,733013.78980338
630000,430000,951611.5748172278,734759.4658924331
630000,440000,949928.51237185,736870.418240252
630000,450000,948719.7024104604,739324.8572661673
630000,460000,947958.2842731324,742102.5993790716
630000,470000,947619.305696062,745184.9198313692
630000,480000,947679.5677873887,748554.4342183408
630000,490000,948117.4788442159,752194.9861673252
630000,500000,948912.9175507898,756091.5419655917
630000,510000,950047.1137897237,760230.0991993914
630000,520000,951502.5460693297,764597.6078479638
630000,530000,953262.8398748137,769181.8919264842
630000,540000,955312.672509157,773971.5763542829
630000,550000,957637.6989482413,778956.0295842793
630000,560000,960224.4775813044,784125.3071086977
630000,570000,963060.3965360778,789470.094033931
630000,580000,966133.6160732167,794981.6610450142
630000,590000,969433.0135543572,800651.8223687611
630000,600000,972948.127065937,806472.8918939057
630000,610000,976669.1095999834,812437.6482886602
630000,620000,980586.6902108592,818539.3052433399
630000,630000,984692.1248510086,824771.4731878935
630000,640000,988977.1722299296,831128.1417506756
630000,650000,993434.0446070099,837603.640953824
630000,660000,998055.3909131867,844192.6291693482
630000,670000,1002834.2562450898,850890.0612327922
630000,680000,1007764.0686687619,857691.179429743
630000,690000,1012838.6033240804,864591.4855224913
630000,700000,1018051.9621968888,871586.724713231
630000,710000,1023398.5544700915,878672.8714486368
630000,720000,1028873.0874129427,885846.123079822
630000,730000,1034470.5197703899,893102.8620765646
630000,740000,1040186.0821391852,900439.674483703
630000,750000,1046015.2339091939,907853.3148915262
630000,760000,1051953.6603150803,915340.7054818994
630000,770000,1057997.2598068886,922898.9260852798
630000,780000,1064142.118757901,930525.1942500718
630000,790000,1070384.5236668645,938216.8765586029
630000,800000,1076720.9269010816,945971.4600050757
630000,810000,1083147.953016345,953786.559571667
630000,820000,1089662.3777488861,961659.8999610081
630000,830000,1096261.124344221,969589.3139970474
630000,840000,1102941.2605816466,977572.7411431177
630000,850000,1109699.9822010607,985608.2133904934
630000,860000,1116534.6094940612,993693.8538842995
630000,870000,1123442.577685739,1001827.8686041316
630000,880000,1130421.4401737668,1010008.550834815
630000,890000,1137468.8514925493,1018234.2662738689
630000,900000,1144582.5690322767,1026503.4556218596
630000,910000,1151760.4398901598,1034814.6236464208
630000,920000,1159000.409570844,1043166.3476778314
630000,930000,1166300.4969223752,1051557.2556932042
630000,940000,1173658.8129616876,1059986.0441497583
630000,950000,1181073.5422535741,1068451.4616754218
630000,960000,1188542.942654675,1076952.309534395
630000,970000,1196065.3357866723,1085487.4334474101
630000,980000,1203639.1225023433,1094055.7383759234
630000,990000,1211262.753805958,1102656.1630300733
630000,1000000,1218934.7489846982,1111287.6959415786
640000,10000,3847231.8431510543,2666697.905040595
640000,20000,3214503.8724503755,2228124.296088005
640000,30000,2847441.5165101867,1973696.059090035
640000,40000,2589175.375575528,1794679.6350328515
640000,50000,2390548.2227840438,1657002.345085459
640000,60000,2229676.953128776,1545499.2999763447
640000,70000,2094918.7961552925,1452110.3633548548
640000,80000,1979369.2169584655,1372068.3042500655
640000,90000,1878621.7181801512,1302344.1252172524
640000,100000,1789704.9382093628,1240906.2147590904
640000,110000,1710522.3338215118,1186327.9265730411
640000,120000,1639534.9524539686,1137564.9298551953
640000,130000,1575572.8125765568,1093823.1472294924
640000,140000,1517718.5395203254,1054477.8894920936
640000,150000,1465233.4799760373,1019023.1184529964
640000,160000,1417509.447476109,987038.8075580379
640000,170000,1374036.400567625,958169.4420844002
640000,180000,1334380.153702766,932109.4331619024
640000,190000,1298166.630043038,908592.9601395847
640000,200000,1265070.4011190506,887386.6553759994
640000,210000,1234806.142918487,868284.1830861955
640000,220000,1207122.090102697,851102.0886560864
640000,230000,1181794.9109835594,835676.53581567
640000,240000,1158625.6345703169,821860.6942975244
640000,250000,1137436.3101764272,809522.5721367943
640000,260000,1118067.2694086386,798543.2172809178
640000,270000,1100374.8437693974,788815.1981350402
640000,280000,1084229.4110236878,780241.2837453273
640000,290000,1069513.7586814938,772733.3242715892
640000,300000,1056121.6643687892,766211.2667119653
640000,310000,1043956.6598467227,760602.2875802848
640000,320000,1032930.9881116542,755840.0533112611
640000,330000,1022964.6533490802,751864.0392977791
640000,340000,1013984.6273244153,748618.9561424812
640000,350000,1005924.1178172925,746054.2163967952
640000,360000,998721.955379085,744123.4841130498
640000,370000,992322.0191424454,742784.2504866942
640000,380000,986672.7615568354,741997.4806163493
640000,390000,981726.7583156729,741727.2770595178
640000,400000,977440.3195831496,741940.5883572057
640000,410000,973773.1459835081,742606.9493627542
640000,420000,970688.0137598302,743698.2434373248
640000,430000,968150.5013621392,745188.4949875734
640000,440000,966128.7401658036,747053.6798859467
640000,450000,964593.1773772863,749271.5448005027
640000,460000,963516.3999234174,751821.4725945632
640000,470000,962872.9253664397,754684.3223293632
640000,480000,962639.057298747,757842.3185132433
640000,490000,962792.7335295882,761278.9347938475
640000,500000,963313.3846406215,764978.784964833
640000,510000,964181.822325579,768927.537934329
640000,520000,965380.121237359,773111.8252526816
640000,530000,966891.5311789636,777519.1760329474
640000,540000,968700.368290725,782137.9307155844
640000,550000,970791.9529620752,786957.1947751151
640000,560000,973152.5170151548,791966.7670730839
640000,570000,975769.1430156829,797157.0926351191
640000,580000,978629.7057060039,802519.2183226052
640000,590000,981722.8063613587,808044.7411221444
640000,600000,985037.7162326521,813725.7662041602
640000,610000,988564.3494577669,819554.8848920271
640000,620000,992293.1949509738,825525.1232328527
640000,630000,996215.2855754379,831629.9170901865
640000,640000,1000322.1678057562,837863.0903314949
640000,650000,1004605.8521246023,844218.8152844069
640000,660000,1009058.7914459973,850691.5978805097
640000,670000,1013673.855559335,857276.2563188195
640000,680000,1018444.2869993976,863967.8884115268
640000,690000,1023363.7027454857,870761.873128887
640000,700000,1028426.0436852005,877653.8309274958
640000,710000,1033625.5699360684,884639.6205487216
640000,720000,1038956.8393685146,891715.3234695025
640000,730000,1044414.6772862514,898877.2191683416
640000,740000,1049994.1810453045,906121.7906234645
640000,750000,1055690.686398177,913445.6975369029
640000,760000,1061499.7588656535,920845.76960472
640000,770000,1067417.1787376853,928318.9957325417
640000,780000,1073438.9258389224,935862.5115834144
640000,790000,1079561.1810657042,943473.6026596683
640000,800000,1085780.299075382,951149.6818253932
640000,810000,1092092.8027814508,958888.2852293099
640000,820000,1098495.3805443842,966687.071327769
640000,830000,1104984.8673590655,974543.8059597934
640000,840000,1111558.2420525765,982456.3599551806
640000,850000,1118212.6246156006,990422.7086076742
640000,860000,1124945.253413741,998440.9119381206
640000,870000,1131753.4936295876,1006509.1234670162
640000,880000,1138634.828755104,1014625.5836178272
640000,890000,1145586.8366778425,1022788.5993007427
640000,900000,1152607.213506766,1030996.5654042935
640000,910000,1159693.7460628436,1039247.9415328016
640000,920000,1166844.3130880774,1047541.2539311226
640000,930000,1174056.8761630761,1055875.0877847162
640000,940000,1181329.4964730123,1064248.1029077996
640000,950000,1188660.2957652407,1072658.999406879
640000,960000,1196047.4844371274,1081106.5441037035
640000,970000,1203489.3345138747,1089589.5451687684
640000,980000,1210984.198666427,1098106.872060143
640000,990000,1218530.479697365,1106657.42683522
640000,1000000,1226126.6524713582,1115240.1648914604
650000,10000,3921770.6219497384,2718364.249407285
650000,20000,3279041.7167101502,2272858.5208760854
650000,30000,2906128.089558496,2014374.4917047354
650000,40000,2643709.1012858977,1832479.528330063
650000,50000,2441858.9696114454,1692568.145569005
650000,60000,2278350.824055794,1579236.7483432135
650000,70000,2141355.8518635826,1484295.2595481102
650000,80000,2023855.7367343153,1402896.209925003
650000,90000,1921369.0707231513,1331957.3514634054
650000,100000,1830873.302017241,1269410.6599256524
650000,110000,1750236.3591282794,1213804.4648939401
650000,120000,1677894.500873787,1164077.350314567
650000,130000,1612660.3752102156,1119423.6668663772
650000,140000,1553604.3684196298,1079210.941686093
650000,150000,1499979.0815400698,1042927.884718128
650000,160000,1451169.9624240424,1010150.8875858582
650000,170000,1406662.2007694326,980521.9213846636
650000,180000,1366017.9133754757,953733.5515556987
650000,190000,1328860.037286464,929518.5141588233
650000,200000,1294860.6386935993,907642.2361755936
650000,210000,1263732.2081351613,887897.305725637
650000,220000,1235221.0203910165,870099.2634253533
650000,230000,1209101.938676392,854083.2996909964
650000,240000,1185174.3094536052,839701.6302179801
650000,250000,1163258.5868805863,826821.3135478493
650000,260000,1143193.5880843909,815322.4572422553
650000,270000,1124834.1996441896,805096.6987229629
650000,280000,1108049.4114878515,796045.8840827943
650000,290000,1092720.6916864265,788080.9625005528
650000,300000,1078740.5492407368,781120.9949217057
650000,310000,1066011.3086271796,775092.2985122034
650000,320000,1054444.0551311087,769927.7024006562
650000,330000,1043957.6941893031,765565.8764519856
650000,340000,1034478.1478712314,761950.7529032092
650000,350000,1025937.629016098,759030.999225272
650000,360000,1018274.017287833,756759.5615903622
650000,370000,1011430.2961576363,755093.250134203
650000,380000,1005354.0609256994,753992.3743280182
650000,390000,999997.0797893383,753420.4159272776
650000,400000,995314.894821621,753343.7302708928
650000,410000,991266.4825655827,753731.2910737006
650000,420000,987813.9261773375,754554.4428339177
650000,430000,984922.1587748968,755786.707030883
650000,440000,982558.6893886639,757403.5731674685
650000,450000,980693.388571054,759382.3367858442
650000,460000,979298.2863825444,761701.9440011088
650000,470000,978347.3757723941,764342.842624505
650000,480000,977816.4706183819,767286.8721307623
650000,490000,977683.0357797997,770517.134643126
650000,500000,977926.0600801618,774017.8965983205
650000,510000,978525.9337287403,777774.4948140644
650000,520000,979464.3360840953,781773.2505905678
650000,530000,980724.1389286529,786001.395139862
650000,540000,982289.2992163234,790446.9863388793
650000,550000,984144.80104277,795098.8654874511
650000,560000,986276.5543068266,799946.5779117702
650000,570000,988671.3348819561,804980.3278986699
650000,580000,991316.728546929,810190.9348892822
650000,590000,994201.060527816,815569.779988742
650000,600000,997313.3458209493,821108.7665048199
650000,610000,1000643.2478791664,826800.2899611059
650000,620000,1004181.0201432093,832637.1913002366
650000,630000,1007917.4696172095,838612.7299635457
650000,640000,1011843.9306318084,844720.5640504129
650000,650000,1015952.2114682782,850954.7078316797
650000,660000,1020234.5745525913,857309.5184430297
650000,670000,1024683.6994737684,863779.666194177
650000,680000,1029292.6622355566,870360.1191218735
650000,690000,1034054.9028911616,877046.1181765406
650000,700000,1038964.2119252438,883833.1671369314
650000,710000,1044014.6906309499,890717.001713689
650000,720000,1049200.7549398507,897693.5929579679
650000,730000,1054517.0967549677,904759.1177190205
650000,740000,1059958.6759701406,911909.952236383
650000,750000,1065520.7010463467,919142.6578858352
650000,760000,1071198.6180097386,926453.9721757622
650000,770000,1076988.0944030595,933840.7972929681
650000,780000,1082884.9990791879,941300.1836928541
650000,790000,1088885.4060815803,948829.3344004514
650000,800000,1094985.5651443505,956425.5816059485
650000,810000,1101181.9110372185,964086.3946287591
650000,820000,1107471.033899091,971809.3563171506
650000,830000,1113849.6808649106,979592.1651967745
650000,840000,1120314.7486616545,987432.6300800585
650000,850000,1126863.2729011585,995328.6610773603
650000,860000,1133492.4121348877,1003278.2578716198
650000,870000,1140199.4607568956,1011279.520575698
650000,880000,1146981.8235310153,1019330.6290039412
650000,890000,1153837.0185139028,1027429.8456723194
650000,900000,1160762.6663312386,1035575.5071052526
650000,910000,1167756.4938327456,1043766.0285673124
650000,920000,1174816.3206189023,1051999.891626664
650000,930000,1181940.0473458376,1060275.6353168816
650000,940000,1189125.6768993519,1068591.875271828
650000,950000,1196371.2779295205,1076947.2720791209
650000,960000,1203675.0111898098,1085340.5552139888
650000,970000,1211035.0924218104,1093770.4906406505
650000,980000,1218449.8255855464,1102235.9107854373
650000,990000,1225917.5739126953,1110735.6891390756
650000,1000000,1233436.759869408,1119268.7413810042
660000,10000,3996531.373016157,2770184.4532255162
660000,20000,3343801.5606689593,2317746.624129636
660000,30000,2965036.712086296,2055206.8372983884
660000,40000,2698464.968877076,1870433.3996754372
660000,50000,2493392.0300440844,1728288.058792132
660000,60000,2327247.4564845627,1613128.7026197773
660000,70000,2188016.694100058,1516635.6100075075
660000,80000,2068567.9274600942,1433881.3485827483
660000,90000,1964344.949516153,1361730.530126899
660000,100000,1872273.9366478873,1298078.6416128022
660000,110000,1790187.0886106929,1241448.793049872
660000,120000,1716495.598168615,1190762.2179188894
660000,130000,1649994.4826392573,1145201.441598355
660000,140000,1589741.6404260918,1104125.97154791
660000,150000,1534980.7426342322,1067019.0882496657
660000,160000,1485090.7325306353,1033453.4695485766
660000,170000,1439551.9401338398,1003068.4864835502
660000,180000,1397922.7316401294,975554.8097005226
660000,190000,1359823.0391864514,950643.7147084905
660000,200000,1324922.4266048674,928099.426875707
660000,210000,1292931.21739625,907713.4768916679
660000,220000,1263593.7550423446,889300.4288840028
660000,230000,1236683.1390333038,872694.5388601753
660000,240000,1211997.0680092154,857747.1033448768
660000,250000,1189354.4470435886,844324.2744275815
660000,260000,1168592.6203940758,832305.2588829559
660000,270000,1149565.0674981612,821580.7997559014
660000,280000,1132139.435380653,812051.8609327702
660000,290000,1116195.9027283806,803628.5203749292
660000,300000,1101625.7457841611,796228.985964059
660000,310000,1088330.1103874324,789778.7427259112
660000,320000,1076218.954103962,784209.8099083473
660000,330000,1065210.1076784688,779460.0743968044
660000,340000,1055228.4659697667,775472.7108421808
660000,350000,1046205.2691940687,772195.6617880913
660000,360000,1038077.4611699843,769581.1698778063
660000,370000,1030787.1430832666,767585.3769060808
660000,380000,1024281.0756815561,766167.9557278791
660000,390000,1018510.2241098721,765291.772820499
660000,400000,1013429.3799358858,764922.6051053101
660000,410000,1008996.7977519345,765028.8681308241
660000,420000,1005173.8866891811,765581.383260437
660000,430000,1001924.9322000956,766553.1678787118
660000,440000,999216.8317192188,767919.2346341045
660000,450000,997018.8813509133,769656.4296310411
660000,460000,995302.5613890587,771743.2689272565
660000,470000,994041.3500085545,774159.7962234501
660000,480000,993210.563614976,776887.460809743
660000,490000,992787.2039662389,779909.0009499115
660000,500000,992749.8235299614,783208.339891741
660000,510000,993078.3913329826,786770.4833233724
660000,520000,993754.1876359513,790581.4385098612
660000,530000,994759.7096119913,794628.1419142254
660000,540000,996078.5622678014,798898.3746188444
660000,550000,997695.3864025656,803380.7077568275
660000,560000,999595.7745051661,808064.437110202
660000,570000,1001766.1955890812,812939.5254775619
660000,580000,1004193.9493773752,817996.5679031557
660000,590000,1006867.0845660638,823226.7278312949
660000,600000,1009774.3552634475,828621.7041870663
660000,610000,1012905.1764356529,834173.6972063939
660000,620000,1016249.5676744004,839875.3650795771
660000,630000,1019798.108189879,845719.7883189305
660000,640000,1023541.9237334768,851700.4617904671
660000,650000,1027472.615626614,857811.2383778146
660000,660000,1031582.2552930153,864046.3257414335
660000,670000,1035863.3348843157,870400.2477442924
660000,680000,1040308.7575013461,876867.8380067517
660000,690000,1044911.7957821382,883444.2070478732
660000,700000,1049666.07512,890124.7299609229
660000,710000,1054565.5520603303,896905.0301826618
660000,720000,1059604.494280361,903780.9639715232
660000,730000,1064777.4510553167,910748.5970207846
660000,740000,1070079.2524843453,917804.2053977047
660000,750000,1075504.9828614783,924944.254447127
660000,760000,1081049.963429408,932165.3851975
660000,770000,1086709.7460460926,939464.4106791421
660000,780000,1092480.0887126015,946838.2958760733
660000,790000,1098356.961273327,954284.1637389823
660000,800000,1104336.511072096,961799.2676538208
660000,810000,1110415.0724951075,969380.9997275525
660000,820000,1116589.145652869,977026.874025741
660000,830000,1122855.3871164194,984734.5197760368
660000,840000,1129210.610529373,992501.6822529514
660000,850000,1135651.7631759562,1000326.2038823846
660000,860000,1142175.933588905,1008206.0315089651
660000,870000,1148780.3312811472,1016139.1996307293
660000,880000,1155462.2941112686,1024123.8380091299
660000,890000,1162219.2695002756,1032158.155356182
660000,900000,1169048.8122783427,1040240.4385584003
660000,910000,1175948.5812117443,1048369.0505822508
660000,920000,1182916.3352453848,1056542.4274655057
660000,930000,1189949.9185194352,1064759.0659481606
660000,940000,1197047.272969192,1073017.5352004499
660000,950000,1204206.4135111799,1081316.4554440158
660000,960000,1211425.4466286786,1089654.5152082655
660000,970000,1218702.5387699646,1098030.4436385822
660000,980000,1226035.9465772095,1106443.0378587155
660000,990000,1233423.980487327,1114891.1314303915
660000,1000000,1240865.0201655377,1123373.6077291598
670000,10000,4071510.729737093,2822156.1829368323
670000,20000,3408780.0391264665,2362786.2732695295
670000,30000,3024164.0267503047,2096190.7687357021
670000,40000,2753439.606861013,1908538.9119169065
670000,50000,2545144.0163183413,1764159.7337383444
670000,60000,2376363.410524054,1647172.7646218129
670000,70000,2234897.786178654,1549128.9234342184
670000,80000,2113502.0898820395,1465021.0734835803
670000,90000,2007545.4466121413,1391660.8141927943
670000,100000,1913902.7115130003,1326907.0969054871
670000,110000,1830370.166543899,1269257.631603173
670000,120000,1755333.6991922027,1217616.0681134453
670000,130000,1687570.4276077761,1171152.850806464
670000,140000,1626125.537580515,1129219.2497793278
670000,150000,1570233.580431187,1091292.9347899652
670000,160000,1519266.8545941676,1056942.7362658146
670000,170000,1472700.7346533171,1025805.3346272636
670000,180000,1430089.779963485,997569.4528158796
670000,190000,1391050.8923059201,971964.882355746
670000,200000,1355251.1265185315,948754.6426080805
670000,210000,1322398.657218751,927729.2239593548
670000,220000,1292235.9200958838,908702.2377620231
670000,230000,1264534.2818915893,891507.0361471053
670000,240000,1239089.835631968,875994.0358640414
670000,250000,1215719.9752615483,862028.51923272
670000,260000,1194260.6114796873,849488.8298458892
670000,270000,1174563.8548741345,838264.8527025881
670000,280000,1156496.0462390801,828256.7043974409
670000,290000,1139936.1121342045,819373.6261146392
670000,300000,1124774.1233713017,811532.999500274
670000,310000,1110910.0835971988,804659.5101245574
670000,320000,1098252.845744968,798684.3897518823
670000,330000,1086719.1929749118,793544.7670526031
670000,340000,1076233.0140832816,789183.078817436
670000,350000,1066724.5905799787,785546.5568604607
670000,360000,1058129.960322769,782586.7654349168
670000,370000,1050390.3541868054,780259.1897142915
670000,380000,1043451.7055966943,778522.873840171
670000,390000,1037264.2002063999,777340.0884446384
670000,400000,1031781.880376751,776676.0348052275
670000,410000,1026962.2971908416,776498.5857761716
670000,420000,1022766.1837760087,776778.039166339
670000,430000,1019157.1962463352,777486.9232356093
670000,440000,1016101.6239984618,778599.7773359569
670000,450000,1013568.1915929018,780093.0009916261
670000,460000,1011527.8390207669,781944.6878011676
670000,470000,1009953.525463565,784134.4749455551
670000,480000,1008820.0864509575,786643.4344082867
670000,490000,1008104.0566483372,789453.9377572348
670000,500000,1007783.5508466179,792549.5642764256
670000,510000,1007838.1210908341,795914.9920831564
670000,520000,1008248.6558081562,799535.9198771633
670000,530000,1008997.2794877106,803398.9910894404
670000,540000,1010067.2380717257,807491.704215776
670000,550000,1011442.8385573553,811802.36774333
670000,560000,1013109.3495232422,816320.0227273452
670000,570000,1015052.9428315351,821034.3983403118
670000,580000,1017260.6243931395,825935.8584041366
670000,590000,1019720.1695701098,831015.3517237918
670000,600000,1022420.0722862947,836264.3730058434
670000,610000,1025349.4982194293,841674.9266592223
670000,620000,1028498.2333474135,847239.4876423955
670000,630000,1031856.6311100993,852950.9594178898
670000,640000,1035415.6051271126,858802.6711595323
670000,650000,1039166.5506699542,864788.3140386124
670000,660000,1043101.3445466209,870901.943676788
670000,670000,1047212.2981298215,877137.9427623646
670000,680000,1051492.1335128406,883491.0035822701
670000,690000,1055933.9587841597,889956.1085671328
670000,700000,1060531.2406140224,896528.5091241739
670000,710000,1065277.7788284018,903203.7067582256
670000,720000,1070167.6964872128,909977.4453755538
670000,730000,1075195.403001255,916845.6820398099
670000,740000,1080355.5966590298,923804.5907930055
670000,750000,1085643.2297706332,930850.5343118311
670000,760000,1091053.5080699546,937980.0649212265
670000,770000,1096581.86259587,945189.9018815828
670000,780000,1102223.9406680472,952476.9247164163
670000,790000,1107975.606253453,959838.1752342283
670000,800000,1113832.9045736678,967270.8277775848
670000,810000,1119792.0714852808,974772.1990340224
670000,820000,1125849.5147241734,982339.7321448587
670000,830000,1132001.7962392054,989970.983148319
670000,840000,1138245.6463811235,997663.634094965
670000,850000,1144577.9301427484,1005415.4642945116
670000,860000,1150995.6583238468,1013224.3615879504
670000,870000,1157495.959755285,1021088.2983228321
670000,880000,1164076.1056701392,1029005.3545049079
670000,890000,1170733.4645748541,1036973.6773502696
670000,900000,1177465.529061498,1044991.5074125194
670000,910000,1184269.8942371975,1053057.1593803663
670000,920000,1191144.2508797233,1061169.0169942076
670000,930000,1198086.389544366,1069325.5371706274
670000,940000,1205094.1911110552,1077525.242703256
670000,950000,1212165.614858049,1085766.711758759
670000,960000,1219298.7146368714,1094048.5931418252
670000,970000,1226491.6060131905,1102369.5779588453
670000,980000,1233742.4964196256,1110728.4261804416
670000,990000,1241049.6436635999,1119123.9314235975
670000,1000000,1248411.3863441283,1127554.9471440944
680000,10000,4146705.43382549,2874277.180068745
680000,20000,3473973.889017766,2407975.206511532
680000,30000,3083506.756468532,2137324.0145148956
680000,40000,2808629.737157516,1946793.792692356
680000,50000,2597111.642113134,1800180.8901715882
680000,60000,2425695.3659773613,1681366.621035403
680000,70000,2281995.7116717184,1581772.7965204592
680000,80000,2158654.6671531694,1496312.8448301873
680000,90000,2050966.811043539,1421745.4773874732
680000,100000,1955755.659387729,1355893.091163741
680000,110000,1870781.4127717272,1297227.8399669032
680000,120000,1794404.4235704383,1244635.5686969045
680000,130000,1725383.675236798,1197274.411457371
680000,140000,1662751.4086819442,1154487.179866476
680000,150000,1605732.8719108368,1115745.756475792
680000,160000,1553693.5761393653,1080614.9886541006
680000,170000,1506103.8420394065,1048728.7726321886
680000,180000,1462514.3602893755,1019773.8255252021
680000,190000,1422538.9684833635,993478.424111869
680000,200000,1385842.20632066,969604.3763675072
680000,210000,1352130.1071752694,947941.1408710236
680000,220000,1321143.2255311746,928301.4009330008
680000,230000,1292651.2197366373,910517.6298652438
680000,240000,1266448.611824994,894439.3978666747
680000,250000,1242351.320940056,879931.1524424761
680000,260000,1220193.8594635015,866870.4080796334
680000,270000,1199827.0118749065,855146.2310475992
680000,280000,1181115.8488661149,844657.9246532544
680000,290000,1163938.0699241878,835313.9190094769
680000,300000,1148182.5846687113,827030.808255039
680000,310000,1133748.2678995002,819732.4944661426
680000,320000,1120542.9091165725,813349.4573830114
680000,330000,1108482.2592635127,807818.0835358576
680000,340000,1097489.2270226213,803080.0953048802
680000,350000,1087493.160397225,799082.0358699741
680000,360000,1078429.1977818988,795774.7994168419
680000,370000,1070237.7241480122,793113.235189547
680000,380000,1062863.856418744,791055.7694868216
680000,390000,1056257.0134813366,789564.0881521468
680000,400000,1050370.5037135673,788602.8306092991
680000,410000,1045161.1772696283,788139.3299334376
680000,420000,1040589.1123244723,788143.3778399264
680000,430000,1036617.327359128,788587.0081944471
680000,440000,1033211.5236188034,789444.3027608584
680000,450000,1030339.8554904142,790691.2168758519
680000,460000,1027972.7222875344,792305.4214989598
680000,470000,1026082.5816674646,794266.1612394776
680000,480000,1024643.7772701434,796554.1229301043
680000,490000,1023632.3916820957,799151.3229385567
680000,500000,1023026.1009280024,802040.9962986155
680000,510000,1022804.0442147712,805207.4964448593
680000,520000,1022946.7174778624,808636.2136908231
680000,530000,1023435.8719127465,812313.4976601335
680000,540000,1024254.4018117388,816226.5702051641
680000,550000,1025386.2764277316,820363.4740779174
680000,560000,1026816.4467593591,824713.0005260771
680000,570000,1028530.7817847959,829264.6404035199
680000,580000,1030515.9977621449,834008.52981778
680000,590000,1032759.5976153453,838935.4033980347
680000,600000,1035249.8142946989,844036.5506894409
680000,610000,1037975.5676882139,849303.7831713018
680000,620000,1040926.4030757521,854729.3867030756
680000,630000,1044092.4543112624,860306.0929932005
680000,640000,1047464.4157878695,866027.0587964153
680000,650000,1051033.482750545,871885.8189988515
680000,660000,1054791.3392308296,877876.2783350883
680000,670000,1058730.1095282254,883992.6733975494
680000,680000,1062842.3395792504,890229.5586272794
680000,690000,1067120.9685052875,896581.7845686034
680000,700000,1071559.3014601343,903044.4769581456
680000,710000,1076150.9842319416,909613.0168906307
680000,720000,1080889.9967214405,916283.0373740337
680000,730000,1085770.6033591214,923050.3825154108
680000,740000,1090787.3744818233,929911.1272628596
680000,750000,1095935.1328988508,936861.5340592361
680000,760000,1101208.9558116596,943898.0549771801
680000,770000,1106604.1652582518,951017.3255667854
680000,780000,1112116.29242211,958216.1353975366
680000,790000,1117741.0927362537,965491.4425031372
680000,800000,1123474.5103585285,972840.343237137
680000,810000,1129312.6847257565,980260.0803415998
680000,820000,1135251.924619993,987748.0204070178
680000,830000,1141288.7052949779,995301.6535431907
680000,840000,1147419.6687837248,1002918.5935003528
680000,850000,1153641.5983278279,1010596.5574220048
680000,860000,1159951.4174164436,1018333.3655737753
680000,870000,1166346.1915112683,1026126.9432098258
680000,880000,1172823.104082255,1033975.30151622
680000,890000,1179379.4634446767,1041876.5436933117
680000,900000,1186012.6872969135,1049828.8519956486
680000,910000,1192720.3082565793,1057830.4942772386
680000,920000,1199499.9588760703,1065879.810449043
680000,930000,1206349.3571236844,1073975.2010187227
680000,940000,1213266.3346387537,1082115.1523958626
680000,950000,1220248.7954300866,1090298.2013755874
680000,960000,1227294.7331550592,1098522.9501511604
680000,970000,1234402.2153257784,1106788.054488137
680000,980000,1241569.3988553074,1115092.2362454196
680000,990000,1248794.4949971507,1123434.2538413082
680000,1000000,1256075.7925097523,1131812.923071756
690000,10000,4222112.314724065,2926545.246958411
690000,20000,3539379.9451184175,2453311.229889245
690000,30000,3143061.7364202044,2178604.380948175
690000,40000,2864032.1924418095,1985195.846444832
690000,50000,2649291.723057303,1836349.318910987
690000,60000,2475240.0951121235,1715708.0242840662
690000,70000,2329307.169861577,1614564.9102692585
690000,80000,2204022.216626874,1527754.209422248
690000,90000,2094605.4246755089,1451981.8964609767
690000,100000,1997828.952292873,1385033.8002503854
690000,110000,1911416.7954509223,1325356.3964918396
690000,120000,1833703.5557235251,1271817.51895631
690000,130000,1763429.8485050222,1223562.7673231831
690000,140000,1699614.7579672358,1179926.289703863
690000,150000,1641474.0432505098,1140374.0041796567
690000,160000,1588366.2863637977,1104466.639331984
690000,170000,1539756.6508389506,1071835.2094394835
690000,180000,1495191.8933303694,1042164.3639428915
690000,190000,1454282.7525128538,1015180.8322334554
690000,200000,1416691.2371223941,990645.1974051712
690000,210000,1382121.2462171288,968345.8930881083
690000,220000,1350311.4640709315,948094.6872740915
690000,230000,1321029.8734302153,929723.2044695906
690000,240000,1294069.4542202388,913080.1968413363
690000,250000,1269244.6823050587,898029.3079260396
690000,260000,1246388.7160680352,884447.2632232484
690000,270000,1225351.0386239511,872222.336326999
690000,280000,1205995.4808566356,861253.0468687493
690000,290000,1188198.5629054,851447.0554705769
690000,300000,1171848.0487481782,842720.1868271616
690000,310000,1156841.7303807475,834995.5988848693
690000,320000,1143086.3429502803,828203.0314803084
690000,330000,1130496.6368820132,822278.1570103341
690000,340000,1118994.5641223176,817162.0049286681
690000,350000,1108508.5520291163,812800.4428957494
690000,360000,1098972.8672025304,809143.7188855509
690000,370000,1090327.0538531244,806146.0528390048
690000,380000,1082515.437251861,803765.2739627555
690000,390000,1075486.6743284801,801962.4894713624
690000,400000,1069193.3536001618,800701.788880363
690000,410000,1063591.6397530215,799949.979012926
690000,420000,1058640.9534642892,799676.3445685109
690000,430000,1054303.696564252,799852.4425234909
690000,440000,1050544.980127255,800451.8959238462
690000,450000,1047332.3942934321,801450.221276891
690000,460000,1044635.813908062,802824.6801567175
690000,470000,1042427.185315347,804554.1175487746
690000,480000,1040680.3735861954,806618.8455885896
690000,490000,1039371.0083723807,809000.5253874819
690000,500000,1038476.3295254117,811682.0497490992
690000,510000,1037975.0699873402,814647.4530199657
690000,520000,1037847.3327641293,817881.8164915148
690000,530000,1038074.5014477317,821371.2008262179
690000,540000,1038639.1136752432,825102.5472201111
690000,550000,1039524.8074460689,829063.6380265731
690000,560000,1040716.216224965,833243.0142767231
690000,570000,1042198.904705423,837629.9276542636
690000,580000,1043959.3034201798,842214.2895741946
690000,590000,1045984.6402993447,846986.6182948531
690000,600000,1048262.8895241577,851938.0000973537
690000,610000,1050782.7221911165,857060.0508150505
690000,620000,1053533.4490862912,862344.8722660942
690000,630000,1056504.9786209876,867785.0192273421
690000,640000,1059687.7922206356,873373.4814070457
690000,650000,1063072.8810871108,879103.6338679729
690000,660000,1066651.7311575455,884969.2259577351
690000,670000,1070416.2853349396,890964.3526032398
690000,680000,1074358.912736029,897083.4299341062
690000,690000,1078472.3826106866,903321.1756873002
690000,700000,1082749.8379259033,909672.5893039659
690000,710000,1087184.7727162049,916132.9335113679
690000,720000,1091771.0172092547,922697.7245145545
690000,730000,1096502.6994387477,929362.7004875513
690000,740000,1101374.250331139,936123.8280909196
690000,750000,1106380.366942509,942977.2717703868
690000,760000,1111516.0054928244,949919.390402053
690000,770000,1116776.3649443872,956946.7235854269
690000,780000,1122156.8675020556,964055.9769168715
690000,790000,1127653.1606721196,971244.0249062971
690000,800000,1133261.0861187326,978507.885138334
690000,810000,1138976.6800575228,985844.7201353657
690000,820000,1144796.1598239213,993251.8266149354
690000,830000,1150715.908495096,1000726.6232909618
690000,840000,1156732.4818908768,1008266.6582075353
690000,850000,1162842.5785390567,1015869.5833656822
690000,860000,1169043.0422466123,1023533.157741493
690000,870000,1175330.8575949054,1031255.2447358276
690000,880000,1181703.137702705,1039033.8019241726
690000,890000,1188157.119366582,1046866.8779478573
690000,900000,1194690.1517415484,1054752.6029583407
690000,910000,1201299.6992689676,1062689.1923520262
690000,920000,1207983.3308173448,1070674.9377821633
690000,930000,1214738.7068462032,1078708.1963659248
690000,940000,1221563.598876411,1086787.4090087754
690000,950000,1228455.8514648208,1094911.0668156056
690000,960000,1235413.408017835,1103077.7347498517
690000,970000,1242434.2804017884,1111286.025678925
690000,980000,1249516.5779169134,1119534.6263949634
690000,990000,1256658.460143849,1127822.2556827173
690000,1000000,1263858.1729878818,1136147.6978026724
700000,10000,4297728.287347483,2978958.245187629
700000,20000,3604995.1201605415,2498792.2034716425
700000,30000,3202825.8803365957,2220029.7287962013
700000,40000,2919643.8783112834,2023742.9281912108
700000,50000,2701681.157366669,1872662.8683451165
700000,60000,2524994.4712049197,1750194.7982270457
700000,70000,2376828.9558706973,1647503.0157523933
700000,80000,2249601.4128240165,1559342.8019915023
700000,90000,2138457.790408919,1482367.5421017495
700000,100000,2040118.9055773614,1414326.5123737522
700000,110000,1952272.426705549,1353640.394485204
700000,120000,1873227.0234331056,1299158.8339288218
700000,130000,1801704.7174302335,1250014.6807553354
700000,140000,1736711.2350850247,1205533.2241192218
700000,150000,1677452.661372233,1165174.2412972082
700000,160000,1623280.5080261645,1128494.2068483618
700000,170000,1573654.6772242947,1095121.1538586454
700000,180000,1528117.9204468713,1064737.5971692605
700000,190000,1486277.8359962748,1037068.6801954466
700000,200000,1447793.8894803862,1011873.7490112347
700000,210000,1412367.8368710484,988940.2070244885
700000,220000,1379736.5114932999,968078.9243974749
700000,230000,1349666.2432116608,949120.6989346095
700000,240000,1321948.4922747281,931913.4879142048
700000,250000,1296396.3271155432,916320.164215579
700000,260000,1272841.579327821,902216.6919461383
700000,270000,1251132.4696707935,889490.5876167474
700000,280000,1231131.6268435635,878039.621840343
700000,290000,1212714.4094235115,867770.7057211397
700000,300000,1195767.4790982904,858598.9322702447
700000,310000,1180187.5586024842,850446.7311477766
700000,320000,1165880.3642581108,843243.1335004043
700000,330000,1152759.6698028448,836923.1197918355
700000,340000,1140746.4878549746,831427.0434073051
700000,350000,1129768.3503198398,826700.1191615446
700000,360000,1119758.660296059,822691.9579256028
700000,370000,1110656.1465965537,819356.1721790663
700000,380000,1102404.354190137,816650.0049143973
700000,390000,1094951.192388728,814533.997644636
700000,400000,1088248.5362764501,812971.6965660596
700000,410000,1082251.8793696584,811929.3946461636
700000,420000,1076919.9917665278,811375.8763447335
700000,430000,1072214.6695282396,811282.2304446644
700000,440000,1068100.4346628832,811621.6241056714
700000,450000,1064544.3309880167,812369.1486474714
700000,460000,1061515.7025646209,813501.6523210931
700000,470000,1058985.9930023411,814997.5878463074
700000,480000,1056928.5973661838,816836.8993099874
700000,490000,1055318.6907697024,819000.8922024864
700000,500000,1054133.0840180693,821472.1224540422
700000,510000,1053350.099916763,824234.302563259
700000,520000,1052949.4572761606,827272.212029306
700000,530000,1052912.1703982535,830571.6210526779
700000,540000,1053220.4272072075,834119.1959373414
700000,550000,1053857.530747562,837902.4552025917
700000,560000,1054807.8000348243,841909.6929664495
700000,570000,1056056.4945884165,846129.9204890707
700000,580000,1057589.7632625997,850552.8275879819
700000,590000,1059394.557649245,855168.7151645985
700000,600000,1061458.593299835,859968.4662147581
700000,610000,1063770.2933001763,864943.5017425946
700000,620000,1066318.7347247486,870085.7396598476
700000,630000,1069093.598894403,875387.5566000305
700000,640000,1072085.1554492125,880841.7761600601
700000,650000,1075284.1911767481,886441.6129642695
700000,660000,1078681.9975450928,892180.6641627889
700000,670000,1082270.3312347387,898052.8784824203
700000,680000,1086041.381408055,904052.5312509604
700000,690000,1089987.751537263,910174.2110807884
700000,700000,1094102.4250092576,916412.7925010218
700000,710000,1098378.7382313283,922763.4151977968
700000,720000,1102810.3749645916,929221.4811103608
700000,730000,1107391.323256674,935782.6196686631
700000,740000,1112115.876644765,942442.6905015598
700000,750000,1116978.6037768866,949197.7582336864
700000,760000,1121974.3388747436,956044.0868385615
700000,770000,1127098.1636921254,962978.1253951867
700000,780000,1132345.3863741488,969996.4910255992
700000,790000,1137711.5418486341,977095.970641748
700000,800000,1143192.373128014,984273.5062477083
700000,810000,1148783.8159363992,991526.1824369826
700000,820000,1154481.9913473336,998851.2218783885
700000,830000,1160283.1924771601,1006245.9740746658
700000,840000,1166183.8823516006,1013707.9151933923
700000,850000,1172180.6791532387,1021234.6357330488
700000,860000,1178270.3469134413,1028823.8337722761
700000,870000,1184449.7902455784,1036473.3111985339
700000,880000,1190716.0476888516,1044180.9685731531
700000,890000,1197066.2822057398,1051944.797414545
700000,900000,1203497.7767587295,1059762.8781847295
700000,910000,1210007.9284230135,1067633.3744665661
700000,920000,1216594.2432192035,1075554.5303247261
700000,930000,1223254.3201736729,1083524.656163048
700000,940000,1229985.8681744512,1091542.1446983046
700000,950000,1236786.6811772278,1099605.4494894806
700000,960000,1243654.6410417005,1107713.0881437527
700000,970000,1250587.7133263187,1115863.6393640803
700000,980000,1257583.9485086647,1124055.7440443074
700000,990000,1264641.4645440811,1132288.091118026
700000,1000000,1271758.4555542062,1140559.424835462
710000,10000,4373550.389512032,3031514.1215271195
710000,20000,3670816.440573881,2544416.066136879
710000,30000,3262796.2158606094,2261597.997777399
710000,40000,2975461.823959554,2062432.9786409617
710000,50000,2754276.963234447,1909119.4702952565
710000,60000,2574955.477150729,1784824.8439327846
710000,70000,2424557.987899536,1680584.9525732235
710000,80000,2295389.056696912,1591076.3509685874
710000,90000,2182520.5558876265,1512899.994534157
710000,100000,2082621.9798083354,1443768.6284689552
710000,110000,1993344.5796893486,1382077.0531198012
710000,120000,1912970.9130134534,1326656.5540872612
710000,130000,1840204.217463295,1276627.044749576
710000,140000,1774036.6520236628,1231304.7560697815
710000,150000,1713664.4498760107,1190143.1544509484
710000,160000,1658431.9104110217,1152694.324480328
710000,170000,1607793.5748620038,1118583.2214308186
710000,180000,1561288.1117819487,1087490.1530590584
710000,190000,1518519.933379484,1059138.634114725
710000,200000,1479145.940084117,1033286.7534824222
710000,210000,1442865.7435859584,1009720.8832698787
710000,220000,1409414.3324351134,988251.0031993601
710000,230000,1378556.4017333847,968707.1022785768
710000,240000,1350081.9195633342,950936.3689764929
710000,250000,1323802.5770504484,934800.9341904513
710000,260000,1299548.906090051,920176.0274066215
710000,270000,1277167.8994174332,906948.4402823683
710000,280000,1256521.0076431793,895015.2189329232
710000,290000,1237482.4661650714,884282.5593310628
710000,300000,1219937.8580020806,874664.8462937205
710000,310000,1203782.8670897807,866083.8091117301
710000,320000,1188922.2182770213,858467.7953861824
710000,330000,1175268.7261919796,851751.1113050255
710000,340000,1162742.4855568104,845873.4542073663
710000,350000,1151270.1503971643,840779.4025309536
710000,360000,1140784.2895141945,836417.9549994024
710000,370000,1131222.8227207588,832742.1243383335
710000,380000,1122528.5288784485,829708.5803363195
710000,390000,1114648.582177751,827277.3103624795
710000,400000,1107534.1631352475,825411.3333003668
710000,410000,1101140.0909270565,824076.4275721008
710000,420000,1095424.5127303533,823240.899523938
710000,430000,1090348.6097450214,822875.3642571791
710000,440000,1085876.3352771252,822952.5490525404
710000,450000,1081974.182902255,823447.1185339922
710000,460000,1078610.9751036742,824335.5152074093
710000,470000,1075757.66165438,825595.806444102
710000,480000,1073387.1677431143,827207.5694133561
710000,490000,1071474.2165452715,829151.7559329787
710000,500000,1069995.1975600368,831410.591799913
710000,510000,1068928.0277798541,833967.4709390617
710000,520000,1068252.0390542815,836806.8691352416
710000,530000,1067947.8783436923,839914.267795823
710000,540000,1067997.3871124946,843276.0612264667
710000,550000,1068383.5374504868,846879.5071066978
710000,560000,1069090.3312308067,850712.6503080212
710000,570000,1070102.7298565074,854764.2673798561
710000,580000,1071406.5927419488,859023.8206683339
710000,590000,1072988.6028445507,863481.3996587563
710000,600000,1074836.2151788033,868127.6822844425
710000,610000,1076937.6047279777,872953.8945243794
710000,620000,1079281.6133667848,877951.7695101135
710000,630000,1081857.7025098994,883113.5111294255
710000,640000,1084655.9222253503,888431.7702939544
710000,650000,1087666.856646961,893899.6029140011
710000,660000,1090881.6060060565,899510.4560712193
710000,670000,1094291.736271654,905258.1292048313
710000,680000,1097889.2638060928,911136.7622542549
710000,690000,1101666.6204951103,917140.809432578
710000,700000,1105616.6261790658,923265.0173029961
710000,710000,1109732.4665607894,929504.4083350616
710000,720000,1114007.6750855418,935854.2669626325
710000,730000,1118436.0987541159,942310.1125375209
710000,740000,1123011.8936405398,948867.697282205
710000,750000,1127729.50277755,955522.9887361827
710000,760000,1132583.63734768,962272.155142866
710000,770000,1137569.2548439568,969111.548687594
710000,780000,1142681.5534087329,976037.7015050176
710000,790000,1147915.962327772,983047.3188151267
710000,800000,1153268.110908268,990137.2538264854
710000,810000,1158733.8434655191,997304.5213328853
710000,820000,1164309.182674386,1004546.2677522151
710000,830000,1169990.3282264075,1011859.770424145
710000,840000,1175773.657357724,1019242.4396509138
710000,850000,1181655.699236652,1026691.7969994973
710000,860000,1187633.13982046,1034205.481042513
710000,870000,1193702.8058759882,1041781.2337374622
710000,880000,1199861.6577083133,1049416.8952157013
710000,890000,1206106.7877059844,1057110.4037293117
710000,900000,1212435.4109542097,1064859.7874090183
710000,910000,1218844.8564398438,1072663.1581074859
710000,920000,1225332.561484521,1080518.7066766978
710000,930000,1231896.0706288468,1088424.7030314668
710000,940000,1238533.028183869,1096379.48990147
710000,950000,1245241.1719472848,1104381.478753078
710000,960000,1252018.3316201651,1112429.1476781836
710000,970000,1258862.413809983,1120521.0299359558
710000,980000,1265771.4199840827,1128655.7298668046
710000,990000,1272743.420955925,1136831.9004991674
710000,1000000,1279776.5600735382,1145048.248014416
720000,10000,4449575.696229981,3084210.8485298674
720000,20000,3736840.9902157173,2590180.7965688584
720000,30000,3322969.8186325897,2303307.1608796567
720000,40000,3031483.0931933364,2101263.962513143
720000,50000,2807076.2017334546,1945717.0865303033
720000,60000,2625120.1567709157,1819596.1057601408
720000,70000,2472491.2502183937,1713808.6089811742
720000,80000,2341382.0352662946,1622952.649912372
720000,90000,2226790.4619732397,1543576.907031369
720000,100000,2125334.742262457,1473357.6346393188
720000,110000,2034629.6356723409,1410663.679876038
720000,120000,1952931.4403815216,1354307.8244771946
720000,130000,1878924.4008721283,1303396.8485443604
720000,140000,1811586.9322504394,1257237.7508519064
720000,150000,1750105.24418077,1215277.5220059908
720000,160000,1693816.2786404032,1177063.7187580478
720000,170000,1642169.1065401162,1142218.11469546
720000,180000,1594698.2387467697,1110418.7391974484
720000,190000,1551004.8525179743,1081387.4325214764
720000,200000,1510743.253668558,1054880.9999569918
720000,210000,1473610.9098627185,1030684.7811921649
720000,220000,1439340.9674345904,1008607.8693796326
720000,230000,1407696.493476124,988479.4539572184
720000,240000,1378465.996140153,970145.983087628
720000,250000,1351459.8120924372,953468.8687074512
720000,260000,1326507.1998971875,938322.6315644416
720000,270000,1303453.954075081,924593.3668660424
720000,280000,1282160.3805787733,912177.4270991866
720000,290000,1262499.6206098062,900980.320619587
720000,300000,1244356.2012278694,890915.7467024131
720000,310000,1227624.7998114922,881904.7632373805
720000,320000,1212209.1657902806,873875.0512646019
720000,330000,1198021.182716301,866760.2677405396
720000,340000,1184980.0499868533,860499.4748083131
720000,350000,1173011.5654462138,855036.6340864592
720000,360000,1162047.4696154215,850320.1400126826
720000,370000,1152024.8993041036,846302.4276964532
720000,380000,1142885.8762614578,842939.6029393908
720000,390000,1134576.8590654163,840191.1156768122
720000,400000,1127048.3363849171,838019.4617337899
720000,410000,1120254.4750050167,836389.9226679261
720000,420000,1114152.7922353533,835270.3232062347
720000,430000,1108703.8798407675,834630.8252728137
720000,440000,1103871.116445631,834443.7127710744
720000,450000,1099620.4569664944,834683.233115218
720000,460000,1095920.2112861506,835325.4305617001
720000,470000,1092740.8393188627,836347.9912664342
720000,480000,1090054.795178661,837730.1248048383
720000,490000,1087836.3612778906,839452.438364307
720000,500000,1086061.5024824578,841496.8252408404
720000,510000,1084707.7367820283,843846.3667239998
720000,520000,1083754.011031365,846485.2362614584
720000,530000,1083180.6109559243,849398.6316515964
720000,540000,1082969.027422263,852572.671401946
720000,550000,1083101.906269656,855994.3571437272
720000,560000,1083562.933753056,859651.4849733404
720000,570000,1084336.769303631,863532.5943705017
720000,580000,1085408.9925980428,867626.9270209381
720000,590000,1086766.0134491974,871924.3578131859
720000,600000,1088395.0271536412,876415.3602813147
720000,610000,1090283.9626220013,881090.9669295183
720000,620000,1092421.4280655682,885942.7271497541
720000,630000,1094796.6580922497,890962.6666117772
720000,640000,1097399.491877061,896143.2706297126
720000,650000,1100220.3089601113,901477.4343587422
720000,660000,1103250.0121319885,906958.4498858455
720000,670000,1106479.986784374,912579.97533604
720000,680000,1109902.068260614,918336.0086521949
720000,690000,1113508.5171700153,924220.8697310039
720000,700000,1117291.9978575322,930229.1839169984
720000,710000,1121245.531480744,936355.844571652
720000,720000,1125362.511948319,942596.027407658
720000,730000,1129636.6395972571,948945.1373821297
720000,740000,1134061.9378711288,955398.8233268597
720000,750000,1138632.7182431011,961952.9500058503
720000,760000,1143343.5647724967,968603.5869463417
720000,770000,1148189.32264747,975346.9992281664
720000,780000,1153165.0699633393,982179.6254221587
720000,790000,1158266.1318214848,989098.0903787606
720000,800000,1163488.0303158332,996099.1638536144
720000,810000,1168826.5059499098,1003179.7802660122
720000,820000,1174277.489823438,1010337.0154801462
720000,830000,1179837.0862794695,1017568.0728823863
720000,840000,1185501.586360312,1024870.2967488507
720000,850000,1191267.4331748984,1032241.1421602935
720000,860000,1197131.226395955,1039678.1807580888
720000,870000,1203089.717347152,1047179.0970451237
720000,880000,1209139.7943107197,1054741.6760236276
720000,890000,1215278.4715541273,1062363.7956034227
720000,900000,1221502.8959749837,1070043.4318298993
720000,910000,1227810.3278855188,1077778.6438789433
720000,920000,1234198.1459942667,1085567.5783090717
720000,930000,1240663.8233688166,1093408.4496199968
720000,940000,1247204.9514107872,1101299.5612524613
720000,950000,1253819.2058169458,1109239.2764328215
720000,960000,1260504.3624506323,1117226.0329502025
720000,970000,1267258.277091167,1125258.3254804162
720000,980000,1274078.8921008988,1133334.7126844043
720000,990000,1280964.2341274468,1141453.8151070948
720000,1000000,1287912.399696753,1149614.3033337924
730000,10000,4525801.382339834,3137046.467943157
730000,20000,3803065.94308535,2636084.4359331583
730000,30000,3383343.861988922,2345155.2588087223
730000,40000,3087704.8693662146,2140233.9274043394
730000,50000,2860076.044916267,1982453.7559326626
730000,60000,2675485.6499413494,1854506.595561971
730000,70000,2520625.8322733226,1747171.9486489252
730000,80000,2387577.339981834,1654969.5696985098
730000,90000,2271264.362363159,1574396.018802362
730000,100000,2168253.888393705,1503091.116223033
730000,110000,2076124.114784829,1439397.6910243393
730000,120000,1993104.9477909277,1382109.891674417
730000,130000,1917861.4696028032,1330321.1997415982
730000,140000,1849358.1509503294,1283329.1934638475
730000,150000,1786771.023455742,1240574.2358418815
730000,160000,1729429.5326395403,1201599.2224098337
730000,170000,1676777.1598635572,1166022.6339765787
730000,180000,1628344.1868006964,1133520.1518681294
730000,190000,1583728.508138325,1103811.895892887
730000,200000,1542581.8010191922,1076653.357153055
730000,210000,1504599.3723554304,1051828.8289800955
730000,220000,1469512.5310420298,1029146.522481847
730000,230000,1437082.736643366,1008434.8454544805
730000,240000,1407097.0486883188,989539.5190578621
730000,250000,1379364.4681179507,972321.2555699729
730000,260000,1353713.0171236512,956653.8999242123
730000,270000,1329987.313444655,942422.8729668788
730000,280000,1308046.5514597998,929523.8638753836
730000,290000,1287762.794092063,917861.7113482854
730000,300000,1269019.5574301202,907349.4673147597
730000,310000,1251710.5185931684,897907.5287558292
730000,320000,1235738.4903529733,889462.9431017783
730000,330000,1221014.4410676553,881948.7345267738
730000,340000,1207456.698505481,875303.3511816681
730000,350000,1194990.2149367814,869470.1498130779
730000,360000,1183545.9288107771,864396.9429210072
730000,370000,1173060.2059376668,860035.5998673959
730000,380000,1163474.3275446612,856341.677371287
730000,390000,1154734.0431614886,853274.0951817556
730000,400000,1146789.168153433,850794.8414999282
730000,410000,1139593.22390108,848868.708424221
730000,420000,1133103.1137881011,847463.0524003011
730000,430000,1127278.8350321634,846547.5794181152
730000,440000,1122083.2122076233,846094.1467437267
730000,450000,1117481.6648374645,846076.5880278965
730000,460000,1113441.9894324262,846470.5498519168
730000,470000,1109934.1652194343,847253.3443028367
730000,480000,1106930.1840647205,848403.8208044583
730000,490000,1104403.8878459348,849902.2425711596
730000,500000,1102330.8222965412,851730.1751141336
730000,510000,1100688.105866962,853870.3866757941
730000,520000,1099454.3059818742,856306.7534475115
730000,530000,1098609.346149229,859024.1885914808
730000,540000,1098134.3743271981,862008.5411876114
730000,550000,1098011.707638121,865246.5546040802
730000,560000,1098224.7188441788,868725.778410534
730000,570000,1098757.7705565542,872434.5183394591
730000,580000,1099596.1601677858,876361.7943810648
730000,590000,1100726.022418431,880497.2648221343
730000,600000,1102134.2985790053,884831.203352732
730000,610000,1103808.6716450923,889354.4489959455
730000,620000,1105737.5113534767,894058.3634647082
730000,630000,1107909.8349456051,898934.8018314573
730000,640000,1110315.2620809325,903976.076675893
730000,650000,1112943.9719369407,909174.925864113
730000,660000,1115786.6700534346,914524.4866974622
730000,670000,1118834.5591037855,920018.2736134159
730000,680000,1122079.2931876732,925650.1426924026
730000,690000,1125512.967699403,931414.2845776802
730000,700000,1129128.079707904,937305.1933010496
730000,710000,1132917.4994019172,943317.6441235567
730000,720000,1136874.4695081443,949446.6948234037
730000,730000,1140992.550363832,955687.6409045792
730000,740000,1145265.6300150868,962036.0254525318
730000,750000,1149687.8872601965,968487.6100398574
730000,760000,1154253.7829914389,975038.3679367865
730000,770000,1158958.0425616575,981684.4712725877
730000,780000,1163795.6303833195,988422.2699908891
730000,790000,1168761.7580009648,995248.3007975641
730000,800000,1173851.8472683534,1002159.2558206308
730000,810000,1179061.5367695168,1009151.9905307835
730000,820000,1184386.658980249,1016223.5041363365
730000,830000,1189823.227599367,1023370.9304847973
730000,840000,1195367.440717973,1030591.5414033297
730000,850000,1201015.657646222,1037882.727599545
730000,860000,1206764.398267121,1045241.9994756088
730000,870000,1212610.3321793412,1052666.978420727
730000,880000,1218550.2694406603,1060155.389161001
730000,890000,1224581.156401989,1067705.0574967558
730000,900000,1230700.064472458,1075313.901644552
730000,910000,1236904.190178211,1082979.931841243
730000,920000,1243190.843947214,1090701.242606088
730000,930000,1249557.4384040697,1098476.0019449159
730000,940000,1256001.5039154394,1106302.4668805115
730000,950000,1262520.6592290225,1114178.9572640245
730000,960000,1269112.6201874486,1122103.8647528177
730000,970000,1275775.1895023047,1130075.6439503182
730000,980000,1282506.264476014,1138092.819931472
730000,990000,1289303.8110097058,1146153.9658126635
730000,1000000,1296165.8827206034,1154257.7204479505
740000,10000,4602224.716510554,3190019.0865525817
740000,20000,3869488.565917283,2682125.089674512
740000,30000,3443915.6137650954,2387140.397772227
740000,40000,3144124.4063884667,2179340.9698283584
740000,50000,2913273.7383108996,2019327.5684708508
740000,60000,2726049.1949478695,1889554.394192082
740000,70000,2568958.9204652635,1780673.0046823344
740000,80000,2433972.0714714928,1687125.061324605
740000,90000,2315939.236213014,1605355.163085969
740000,100000,2211376.235219015,1532966.752449459
740000,110000,2117824.6716795955,1468276.6078294397
740000,120000,2033487.9214191497,1410060.115221545
740000,130000,1957011.753578082,1357397.308583399
740000,140000,1887346.5197252508,1309576.1774538043
740000,150000,1823657.9027435735,1266030.2954894872
740000,160000,1765267.7149747538,1226297.7656195622
740000,170000,1711613.7499996056,1189993.6791979913
740000,180000,1662221.9696975725,1156791.2859222167
740000,190000,1616686.9290389754,1126408.9317448868
740000,200000,1574657.6474481996,1098600.765543456
740000,210000,1535827.2622707358,1073150.0249718204
740000,220000,1499925.2358412815,1049864.0330342157
740000,230000,1466711.4299121567,1028570.4255340659
740000,240000,1435971.4717312572,1009114.2125701705
740000,250000,1407513.0527469367,991355.4310217794
740000,260000,1381162.9750257807,975167.267655161
740000,270000,1356764.7136901384,960434.4996724279
740000,280000,1334176.3652486298,947052.169211867
740000,290000,1313268.9608905835,934924.4846755902
740000,300000,1293925.0069359734,923963.8577081804
740000,310000,1276037.2306805293,914090.0657637232
740000,320000,1259507.5086330513,905229.5284733297
740000,330000,1244245.9309410586,897314.6683571402
740000,340000,1230169.963718419,890283.3314732466
740000,350000,1217203.7433075726,884078.2945585732
740000,360000,1205277.4145342966,878646.798145958
740000,370000,1194326.587165825,873940.1596998344
740000,380000,1184291.8191464846,869913.4022130776
740000,390000,1175118.1665218961,866524.9290659872
740000,400000,1166754.7808312618,863736.2300385383
740000,410000,1159154.5485198116,861511.6172934739
740000,420000,1152273.7614821508,859817.982161507
740000,430000,1146071.843408075,858624.5922580713
740000,440000,1140511.0644116842,857902.8786192273
740000,450000,1135556.3123649913,857626.265357263
740000,460000,1131174.888966599,857770.0155831013
740000,470000,1127336.2846693238,858311.0624966274
740000,480000,1124012.0415683656,859227.905360833
740000,490000,1121175.5602901329,860500.4632485854
740000,500000,1118801.9752981677,862109.9804754247
740000,510000,1116868.0072649426,864038.9138625007
740000,520000,1115351.8482531302,866270.8453451679
740000,530000,1114233.060455082,868790.4049310613
740000,540000,1113492.4515355995,871583.1744432539
740000,550000,1113112.0101499206,874635.6388805045
740000,560000,1113074.801256821,877935.106211276
740000,570000,1113364.8886902435,881469.6470761292
740000,580000,1113967.283823832,885228.0562690013
740000,590000,1114867.8585283256,889199.7853631201
740000,600000,1116053.2931463956,893374.9026553977
740000,610000,1117511.026289747,897744.0552126133
740000,620000,1119229.1942209657,902298.4209009509
740000,630000,1121196.5890666735,907029.677627161
740000,640000,1123402.6193050263,911929.972028096
740000,650000,1125837.2580131362,916991.8800847764
740000,660000,1128491.0224686577,922208.3912292767
740000,670000,1131354.9201588547,927572.8667319884
740000,680000,1134420.4344354474,933079.0285205763
740000,690000,1137679.4889054412,938720.932815368
740000,700000,1141124.4153564249,944492.9437284031
740000,710000,1144747.9340070928,950389.7197194878
740000,720000,1148543.1355637554,956406.1990938819
740000,730000,1152503.43779902,962537.565985883
740000,740000,1156622.5927900784,968779.2575133941
740000,750000,1160894.651138383,975126.9350410659
740000,760000,1165313.9485057367,981576.4745184362
740000,770000,1169875.0870168062,988123.9515193902
740000,780000,1174572.918539464,994765.6288387135
740000,790000,1179402.5449534033,1001497.9577762731
740000,800000,1184359.2834668632,1008317.5495141915
740000,810000,1189438.6691888561,1015221.1788447669
740000,820000,1194636.436027435,1022205.76860747
740000,830000,1199948.505215697,1029268.3809450482
740000,840000,1205370.9892482318,1036406.2220515804
740000,850000,1210900.1556767188,1043616.6111782703
740000,860000,1216532.4476330671,1050897.0001162754
740000,870000,1222264.4480231083,1058244.9424778263
740000,880000,1228092.8958511418,1065658.109015999
740000,890000,1234014.6611391047,1073134.2668398507
740000,900000,1240026.7478923623,1080671.2821865592
740000,910000,1246126.279922071,1088267.1094850793
740000,920000,1252310.5064621298,1095919.7964272306
740000,930000,1258576.7729597855,1103627.4595860094
740000,940000,1264922.5516447893,1111388.3114134893
740000,950000,1271345.4001546665,1119200.6250014207
740000,960000,1277842.9808168397,1127062.7515451096
740000,970000,1284413.0424971546,1134973.1046003841
740000,980000,1291053.4250580007,1142930.1649361684
740000,990000,1297762.049236638,1150932.4721246317
740000,1000000,1304536.9171558325,1158978.6256734119
750000,10000,4678843.025481501,3243126.8513950678
750000,20000,3936106.17752663,2728300.899337166
750000,30000,3504682.388029328,2429260.716023944
750000,40000,3200739.020689816,2218583.2296429337
750000,50000,2966666.5966028925,2056336.662180399
750000,60000,2776808.0809513093,1924737.6184478512
750000,70000,2617487.766342449,1814309.8573142225
750000,80000,2480563.397398371,1719417.1262582901
750000,90000,2360812.1346310633,1636452.2294608657
750000,100000,2254698.6945664654,1562982.2971879076
750000,110000,2159728.0514056096,1497298.0252156365
750000,120000,2074076.9588226215,1438155.9443606844
750000,130000,1996371.7038708248,1384622.4826026433
750000,140000,1925548.3570616487,1335975.8839305586
750000,150000,1860762.1029080756,1291642.7868831307
750000,160000,1801326.9816319875,1251156.3694192928
750000,170000,1746674.9890029344,1214128.2284609757
750000,180000,1696327.6865452926,1180229.1049558
750000,190000,1649876.2269013878,1149175.5130979465
750000,200000,1606966.9502391054,1120720.2358972332
750000,210000,1567290.783334924,1094645.4226497961
750000,220000,1530575.3606605488,1070757.5207862274
750000,230000,1496578.936168089,1048883.3892210743
750000,240000,1465085.7186612738,1028867.340658724
750000,250000,1435902.1151726232,1010568.7591620204
750000,260000,1408853.7340779833,993860.1978380383
750000,270000,1383782.919483319,978625.8045934493
750000,280000,1360546.7093634265,964760.0086031135
750000,290000,1339015.1124167403,952166.4005688165
750000,300000,1319069.666235315,940756.7868867267
750000,310000,1300602.1521073433,930450.3338913433
750000,320000,1283513.5559305314,921172.8710193299
750000,330000,1267713.094249085,912856.2273085522
750000,340000,1253117.39658495,905437.6687660748
750000,350000,1239649.796666112,898859.4059873016
750000,360000,1227239.6735877967,893068.1310330853
750000,370000,1215821.8907906194,888014.6196167038
750000,380000,1205336.2961599056,883653.3735594907
750000,390000,1195727.2635833723,879942.2904166649
750000,400000,1186943.2936153477,876842.3733488196
750000,410000,1178936.6474674377,874317.4635600229
750000,420000,1171663.0198151872,872333.999475051
750000,430000,1165081.2624699106,870860.8125587334
750000,440000,1159153.1026709846,869868.9182320593
750000,450000,1153842.9071752531,869331.3392958206
750000,460000,1149117.4755578774,869222.9513289199
750000,470000,1144945.8339566258,869520.3277005107
750000,480000,1141299.0603069598,870201.6070836461
750000,490000,1138150.1361470332,871246.3820300066
750000,500000,1135473.7765877463,872635.5697891954
750000,510000,1133246.308833603,874351.3195978629
750000,520000,1131445.5567564138,876376.924930399
750000,530000,1130050.7212253676,878696.7326736139
750000,540000,1129042.2728147458,881296.060040489
750000,550000,1128401.871650917,884161.1342552438
750000,560000,1128112.2777070566,887279.0233576904
750000,570000,1128157.2567721307,890637.5637000302
750000,580000,1128521.5425088287,894225.3316204771
750000,590000,1129190.7360178954,898031.5659215755
750000,600000,1130151.2611227862,902046.1328435829
750000,610000,1131390.3111818975,906259.4863952138
750000,620000,1132895.7939460129,910662.6249595784
750000,630000,1134656.269849712,915247.0437887852
750000,640000,1136660.9434624368,920004.7297155051
750000,650000,1138899.579402219,924928.0944229224
750000,660000,1141362.499389519,930009.9737128858
750000,670000,1144040.5285014596,935243.5857648896
750000,680000,1146924.9728688514,940622.5134241265
750000,690000,1150007.5830133085,946140.6768069824
750000,700000,1153280.5317589894,951792.3157991696
750000,710000,1156736.3816353315,957571.9649168502
750000,720000,1160368.0759141047,963474.447350716
750000,730000,1164168.888258958,969494.8345687113
750000,740000,1168132.4364743712,975628.4584941457
750000,750000,1172252.6374022695,981870.8760005053
750000,760000,1176523.7011808774,988217.8650553098
750000,770000,1180940.1148867775,994665.4118453567
750000,780000,1185496.6104533363,1001209.6854895878
750000,790000,1190188.1818018146,1007847.0532712416
750000,800000,1195010.0387098636,1014574.0430278208
750000,810000,1199957.6166918157,1021387.352141212
750000,820000,1205026.5498233826,1028283.825919503
750000,830000,1210212.6653505275,1035260.4536609051
750000,840000,1215511.98694982,1042314.3724666844
750000,850000,1220920.6968204041,1049442.8364950542
750000,860000,1226435.1505572249,1056643.2288651324
750000,870000,1232051.8567156699,1063913.0465492802
750000,880000,1237767.4758041853,1071249.8995511823
750000,890000,1243578.8011381538,1078651.4957365992
750000,900000,1249482.76645592,1086115.647368096
750000,910000,1255476.4291987785,1093640.2580374293
750000,920000,1261556.970871818,1101223.3231933208
750000,930000,1267721.671764399,1108862.9093597056
750000,940000,1273967.947426202,1116557.1862910183
750000,950000,1280293.2924797656,1124304.3781082442
750000,960000,1286695.314505647,1132102.7946217875
750000,970000,1293171.707627448,1139950.807401651
750000,980000,1299720.2591001343,1147846.8574338632
750000,990000,1306338.8363472219,1155789.4432417022
750000,1000000,1313025.396370839,1163777.1302955816
760000,10000,4755653.696264801,3296367.9512854274
760000,20000,4002916.17139719,2774610.0582217737
760000,30000,3565641.584066045,2471514.4108850867
760000,40000,3257546.1109767617,2257958.9037426496
760000,50000,3020252.0108700655,2093479.228156748
760000,60000,2827759.6889142976,1960054.4493446338
760000,70000,2666209.7101690415,1848080.6500114792
760000,80000,2527348.5914765843,1751843.8430826277
760000,90000,2405880.2168758907,1667685.1883816493
760000,100000,2298218.287401235,1593135.5882146033
760000,110000,2201831.129294458,1526459.6387125652
760000,120000,2114868.771026245,1466394.9187815823
760000,130000,2035937.8834336903,1411994.119552744
760000,140000,1963960.1079808078,1362525.5946411653
760000,150000,1898079.9692084983,1317408.8948443753
760000,160000,1837603.609816568,1276172.1507852909
760000,170000,1781957.1071135416,1238423.3526469616
760000,180000,1730657.5500217376,1203830.6608774052
760000,190000,1683292.6279933143,1172108.7005750223
760000,200000,1639505.954458041,1143008.8463658944
760000,210000,1598986.236027078,1116312.1476526791
760000,220000,1561459.258297971,1091824.1602864913
760000,230000,1526681.6833887836,1069370.978833232
760000,240000,1494436.3140227154,1048796.230431268
760000,250000,1464528.2766912326,1029958.6537339255
760000,260000,1436782.0093264482,1012730.1897640851
760000,270000,1411038.7526531364,996994.3823942661
760000,280000,1387154.5061700188,982645.0678827792
760000,290000,1364998.2850091138,969585.2457162061
760000,300000,1344450.6706259002,957726.1315149802
760000,310000,1325402.5403152937,946986.3157915338
760000,320000,1307753.9885380617,937291.0422943956
760000,330000,1291413.391409382,928571.5748932858
760000,340000,1276296.5613063287,920764.6178404416
760000,350000,1262326.048252646,913811.8330709876
760000,360000,1249430.472453658,907659.3725653983
760000,370000,1237543.976163482,902257.4916490348
760000,380000,1226605.7059428075,897560.1801915537
760000,390000,1216559.3710251525,893524.8451580029
760000,400000,1207352.8283407495,890112.0105221439
760000,410000,1198937.7254760088,887285.0568753625
760000,420000,1191269.170316823,885009.9793714468
760000,430000,1184305.4521425173,883255.1819283654
760000,440000,1178007.7580174038,881991.2671087317
760000,450000,1172339.9457799643,881190.8669893543
760000,460000,1167268.3221640745,880828.477441036
760000,470000,1162761.4415228178,880880.3068686753
760000,480000,1158789.9386339833,881324.1503305209
760000,490000,1155326.365468714,882139.266355194
760000,500000,1152345.0277880055,883306.2530912274
760000,510000,1149821.8705866241,884806.9611142663
760000,520000,1147734.3382674279,886624.387526125
760000,530000,1146061.2857360062,888742.6078516403
760000,540000,1144782.83909916,891146.6693130849
760000,550000,1143880.3405833233,893822.5496902739
760000,560000,1143336.2405308525,896757.0736900524
760000,570000,1143134.0137136858,899937.8490300126
760000,580000,1143258.108733702,903353.2278817575
760000,590000,1143693.8624737936,906992.2409204862
760000,600000,1144427.445480834,910844.5555252809
760000,610000,1145445.806314131,914900.4329512684
760000,620000,1146736.6158889746,919150.6851265759
760000,630000,1148288.2184061047,923586.6374942574
760000,640000,1150089.5995701235,928200.1043246503
760000,650000,1152130.32709757,932983.3427844109
760000,660000,1154400.5242092519,937929.0326466315
760000,670000,1156890.8337462654,943030.2485588959
760000,680000,1159592.3824060804,948280.4328140166
760000,690000,1162496.751576526,953673.3726296904
760000,700000,1165595.9510906527,959203.1801056628
760000,710000,1168882.3873957347,964864.2674347635
760000,720000,1172348.8534301766,970651.3398600628
760000,730000,1175988.4835332497,976559.359668323
760000,740000,1179794.7562487489,982583.5500268309
760000,750000,1183761.4608263806,988719.3684247492
760000,760000,1187882.6805866351,994962.4932500678
760000,770000,1192152.778510817,1001308.813948748
760000,780000,1196566.3764869617,1007754.414164735
760000,790000,1201118.352294079,1014295.5702355206
760000,800000,1205803.8152292136,1020928.7321841824
760000,810000,1210618.0931693467,1027650.5134464775
760000,820000,1215556.7253733696,1034457.6856730399
760000,830000,1220615.4468175129,1041347.1671260234
760000,840000,1225790.1857818172,1048316.020445295
760000,850000,1231077.04288155,1055361.4366353173
760000,860000,1236472.284683594,1062480.7298890727
760000,870000,1241972.3445333368,1069671.3393707627
760000,880000,1247573.8007263783,1076930.81136271
760000,890000,1253273.3775274379,1084256.8004722216
760000,900000,1259067.9329658854,1091647.0607902734
760000,910000,1264954.4586390029,1099099.4451543356
760000,920000,1270930.065668533,1106611.8949055779
760000,930000,1276991.976773863,1114182.4328454204
760000,940000,1283137.5394190957,1121809.1754792337
760000,950000,1289364.1921090384,1129490.3049300213
760000,960000,1295669.4872745688,1137224.0885027575
760000,970000,1302051.057506681,1145008.8504264369
760000,980000,1308506.643706808,1152842.9968452537
760000,990000,1315034.0600183448,1160724.9853766558
760000,1000000,1321631.2109556713,1168653.3412823959
770000,10000,4832654.2150128335,3349740.6437572814
770000,20000,4069916.029033794,2821050.820640503
770000,30000,3626790.6745492104,2513899.7305466356
770000,40000,3314543.142455949,2297466.2351219496
770000,50000,3074027.440224087,2130753.5047434126
770000,60000,2878901.4638921474,1995503.1128282184
770000,70000,2715122.154907956,1881983.5712381732
770000,80000,2574324.99534882,1784403.3407115885
770000,90000,2451140.730356834,1699052.0768079436
770000,100000,2341932.1318280306,1623424.538284118
770000,110000,2244130.876074721,1555759.2196089264
770000,120000,2155860.1821012725,1494774.6676841213
770000,130000,2075706.979713694,1439509.7155686293
770000,140000,2002578.3323150305,1389222.6833562776
770000,150000,1935607.9622216674,1343325.8963891156
770000,160000,1874093.9769023545,1301342.307784618
770000,170000,1817456.4401629288,1262876.2065429117
770000,180000,1765207.8695770302,1227593.0822015821
770000,190000,1716932.4440057497,1195205.6221784772
770000,200000,1672270.993990677,1165463.7434965482
770000,210000,1630909.9962007254,1138147.3832282815
770000,220000,1592573.3672598428,1113061.18952306
770000,230000,1557016.1812068499,1090030.4958808199
770000,240000,1524019.8383282665,1068898.2491021536
770000,250000,1493388.2090591353,1049522.5634467828
770000,260000,1464944.5670204493,1031774.7771698167
770000,270000,1438529.0849371464,1015537.8603255063
770000,280000,1413996.7303908633,1000705.0665084547
770000,290000,1391215.5534946546,987178.8297105737
770000,300000,1370065.208618309,974869.8009362743
770000,310000,1350435.676019794,963696.0049817726
770000,320000,1332226.1945664105,953582.1303591662
770000,330000,1315344.3133691035,944458.8899151861
770000,340000,1299705.0497753606,936262.4463827711
770000,350000,1285230.1827767044,928933.9256913299
770000,360000,1271847.5936952198,922418.9577780887
770000,370000,1259490.715182217,916667.2891735515
770000,380000,1248098.0131827814,911632.4154565342
770000,390000,1237612.5400772388,907271.2613309984
770000,400000,1227981.5184824686,903543.8805289698
770000,410000,1219155.9994336234,900413.2076653896
770000,420000,1211090.504848721,897844.7968164322
770000,430000,1203742.7792272575,895806.6387853828
770000,440000,1197073.4717377934,894268.9264557993
770000,450000,1191045.9376440637,893203.9071655582
770000,460000,1185625.997041029,892585.7023825187
770000,470000,1180781.740521543,892390.1627413211
770000,480000,1176483.3659249602,892594.744853393
770000,490000,1172702.9945356215,893178.3730256184
770000,500000,1169414.5366270724,894121.3373742996
770000,510000,1166593.5460639861,895405.1836026551
770000,520000,1164217.104331971,897012.6250046511
770000,530000,1162263.7091654735,898927.4578284615
770000,540000,1160713.153457414,901134.4683321408
770000,550000,1159546.4621425888,903619.385014313
770000,560000,1158745.7765129039,906368.7900621446
770000,570000,1158294.2800948673,909370.0627459887
770000,580000,1158176.1457435791,912611.3379422271
770000,590000,1158376.4435157862,916081.4369910061
770000,600000,1158881.0838980495,919769.8223580674
770000,610000,1159676.7779147928,923666.5683705995
770000,620000,1160750.965391942,927762.3055154297
770000,630000,1162091.7653913852,932048.181643482
770000,640000,1163687.9530986564,936515.8456477555
770000,650000,1165528.8946158963,941157.3961276992
770000,660000,1167604.5183146931,945965.3595596411
770000,670000,1169905.2820319366,950932.6653683531
770000,680000,1172422.1320252318,956052.6137503562
770000,690000,1175146.4842661098,961318.8623595166
770000,700000,1178070.1837813882,966725.3937840796
770000,710000,1181185.482894298,972266.4992808761
770000,720000,1184485.0248006878,977936.7667640187
770000,730000,1187961.7998426056,983731.0457702319
770000,740000,1191609.1528498922,989644.4548976978
770000,750000,1195420.736157554,995672.3438517604
770000,760000,1199390.5128619105,1001810.2979006602
770000,770000,1203512.72498911,1008054.1117043693
770000,780000,1207781.8752775213,1014399.775881764
770000,790000,1212192.7364489322,1020843.4850542673
770000,800000,1216740.3014037467,1027381.5979602627
770000,810000,1221419.8054772054,1034010.6568051411
770000,820000,1226226.6842258926,1040727.3523124249
770000,830000,1231156.580122554,1047528.5307101511
770000,840000,1236205.330540745,1054411.1842617996
770000,850000,1241368.9472952036,1061372.4349569622
770000,860000,1246643.617250091,1068409.5356386325
770000,870000,1252025.6868824759,1075519.8578300704
770000,880000,1257511.6614602075,1082700.8915991173
770000,890000,1263098.1888575358,1089950.2327318802
770000,900000,1268782.0581202595,1097265.582059933
770000,910000,1274560.1858394074,1104644.7341798048
770000,920000,1280429.6211737432,1112085.5832194318
770000,930000,1286387.5219331495,1119586.1019330875
770000,940000,1292431.172891973,1127144.3589781243
770000,950000,1298557.9517068628,1134758.4891166864
770000,960000,1304765.3553456876,1142426.7177841042
770000,970000,1311050.9621992693,1150147.3276783251
770000,980000,1317412.45382919,1157918.678869723
770000,990000,1323847.599823252,1165739.1961796798
770000,1000000,1330354.246682345,1173607.3592451008
780000,10000,4909842.103899913,3403243.211312737
780000,20000,4137103.2811053465,2867621.4749834677
780000,30000,3688127.1820843783,2556414.9578095535
780000,40000,3371727.6407746086,2337103.5086738393
780000,50000,3127990.416716346,2168157.7809172934
780000,60000,2930230.9162189583,2031081.8805269594
780000,70000,2764222.5985930734,1916016.8767141374
780000,80000,2621490.0355050685,1817093.8097917796
780000,90000,2496591.0062525757,1730550.9946989329
780000,100000,2385837.439677376,1653847.1321860303
780000,110000,2286624.363877227,1585194.618483823
780000,120000,2197048.121951523,1523292.9041393104
780000,130000,2115675.789656029,1467166.8541757304
780000,140000,2041399.7030414473,1416064.6141841088
780000,150000,1973342.6515320346,1369391.1559197165
780000,160000,1910794.5836328857,1326664.1353258986
780000,170000,1853169.4305818423,1287484.0293173818
780000,180000,1799975.066430439,1251513.5843279066
780000,190000,1750792.084350603,1218463.4818114878
780000,200000,1705258.502671379,1188082.1499787197
780000,210000,1663058.527410212,1160148.3788394253
780000,220000,1623914.1995099413,1134465.9014693059
780000,230000,1587579.0046547884,1110859.289993284
780000,240000,1553832.945338217,1089170.8161236262
780000,250000,1522478.645269002,1069257.979810863
780000,260000,1493338.235161803,1050991.5358798944
780000,270000,1466250.8273650014,1034253.8908592251
780000,280000,1441070.3915777684,1018937.7450844425
780000,290000,1417664.0300966927,1004944.9844543297
780000,300000,1395910.4843977385,992185.7106273653
780000,310000,1375698.8708060337,980577.4113075068
780000,320000,1356927.5875508878,970044.235177583
780000,330000,1339503.3719554378,960516.3594689043
780000,340000,1323340.4667499752,951929.4238871381
780000,350000,1308359.902798399,944224.0389065713
780000,360000,1294488.8349807176,937345.3247547387
780000,370000,1281659.9982981517,931242.5308258551
780000,380000,1269811.1949533345,925868.6734805631
780000,390000,1258884.8284479454,921180.2033880492
780000,400000,1248827.5072083846,917136.7212119558
780000,410000,1239589.6863921413,913700.7177849079
780000,420000,1231125.3211922601,910837.3220393768
780000,430000,1223391.6076517596,908514.1106325373
780000,440000,1216348.677177549,906700.8829345625
780000,450000,1209959.3824496043,905369.5023513839
780000,460000,1204189.0680012912,904493.7258879015
780000,470000,1199005.3660046498,904049.0508366848
780000,480000,1194378.0325911255,904012.5926370317
780000,490000,1190278.7764735657,904362.9556187617
780000,500000,1186681.106398163,905080.1179007452
780000,510000,1183560.1949011476,906145.3282384641
780000,520000,1180892.754553022,907541.011950512
780000,530000,1178656.9410263158,909250.6977250165
780000,540000,1176832.2139082977,911258.9111881608
780000,550000,1175399.277679541,913551.1293059428
780000,560000,1174339.9678687134,916113.6947454106
780000,570000,1173637.1835129168,918933.7628167223
780000,580000,1173274.8168565396,921999.2485932179
780000,590000,1173237.6717712416,925298.7635416738
780000,600000,1173511.408531869,928821.5735732522
780000,610000,1174082.4942913374,932557.5612443711
780000,620000,1174938.1393745663,936497.1763954454
780000,630000,1176066.2397314687,940631.391302164
780000,640000,1177455.3626421283,944951.6915160859
780000,650000,1179094.666923312,949450.012147411
780000,660000,1180973.891919508,954118.7312571496
780000,670000,1183083.3063302136,958950.6296599283
780000,680000,1185413.6834162413,963938.8715074192
780000,690000,1187956.2651929422,969076.9775886678
780000,700000,1190702.7389914703,974358.8069254846
780000,710000,1193645.1987519097,979778.5262827823
780000,720000,1196776.1370172543,985330.6054269853
780000,730000,1200088.4045124806,991009.7846149006
780000,740000,1203575.208731743,996811.0747314389
780000,750000,1207230.0695731363,1002729.7219392457
780000,760000,1211046.8257203293,1008761.2140144424
780000,770000,1215019.5947203853,1014901.2484265082
780000,780000,1219142.7649420393,1021145.726142945
780000,790000,1223411.0009173367,1027490.7581177675
780000,800000,1227819.1856801189,1033932.6167616396
780000,810000,1232362.4538714064,1040467.7661128013
780000,820000,1237036.1399417561,1047092.8179944473
780000,830000,1241835.7951831587,1053804.5481353486
780000,840000,1246757.1607263826,1060599.873556986
780000,850000,1251796.164898437,1067475.8517213934
780000,860000,1256948.9074293629,1074429.6677015594
780000,870000,1262211.6585981953,1081458.6344765027
780000,880000,1267580.8438655625,1088560.1800943038
780000,890000,1273053.032959851,1095731.839802929
780000,900000,1278624.9446581583,1102971.2602243952
780000,910000,1284293.4271264363,1110276.1834120825
780000,920000,1290055.4592013867,1117644.4486947611
780000,930000,1295908.1391312827,1125073.9838534
780000,940000,1301848.6864934117,1132562.8068389643
780000,950000,1307874.4202889164,1140109.0076353617
780000,960000,1313982.7767904147,1147710.7648571006
780000,970000,1320171.2783758126,1155366.3180536975
780000,980000,1326437.5605639687,1163073.993160914
780000,990000,1332779.3292685547,1170832.1647996802
780000,1000000,1339194.39249765,1178639.2845612552
790000,10000,4987214.953498343,3456873.9838637765
790000,20000,4204475.511921967,2914320.3468220443
790000,30000,3749648.703483238,2599058.426910583
790000,40000,3429097.193035908,2376869.051892762
790000,50000,3182138.505394255,2205690.368589145
790000,60000,2981745.614256548,2066789.0646653383
790000,70000,2813508.5660337675,1950178.8419169195
790000,80000,2668841.194324933,1849913.4823371572
790000,90000,2542228.4434240987,1762180.0934344784
790000,100000,2429931.495348105,1684401.4115471302
790000,110000,2329308.7474466288,1614763.7515964718
790000,120000,2238429.6044180403,1551947.4093182702
790000,130000,2155841.189271972,1494963.184632835
790000,140000,2080420.9830295467,1443048.9249700226
790000,150000,2011280.6997030652,1395602.1137352588
790000,160000,1947702.0059494132,1352134.991462387
790000,170000,1889092.6065139996,1312244.1298577022
790000,180000,1834955.6366012925,1275589.4438287264
790000,190000,1784868.0400593656,1241879.5481384746
790000,200000,1738464.9783924774,1210861.3397816028
790000,210000,1695428.3585203486,1182312.4349046599
790000,220000,1655478.3353655543,1156035.6408156084
790000,230000,1618366.788524724,1131854.7552353654
790000,240000,1583872.3404745325,1109611.3886526087
790000,250000,1551796.3666066106,1089162.4284777534
790000,260000,1521959.8762498826,1070378.0651297611
790000,270000,1494200.936629814,1053140.1570409122
790000,280000,1468372.5413542828,1037340.8713156651
790000,290000,1444340.85704983,1022881.5596413385
790000,300000,1421983.7448306542,1009671.802253077
790000,310000,1401189.4645746346,997628.5599843469
790000,320000,1381855.5983940882,986675.463746777
790000,330000,1363888.09485004,976742.175980735
790000,340000,1347200.4391148991,967763.8297196012
790000,350000,1331712.9199950949,959680.5279805147
790000,360000,1317351.9964503997,952436.9065080782
790000,370000,1304049.7157088798,945981.7280459478
790000,380000,1291743.2223431743,940267.5368190719
790000,390000,1280374.2946710438,935250.3293045433
790000,400000,1269888.9306505697,930889.257674815
790000,410000,1260237.0001176654,927146.3792297611
790000,420000,1251371.904838212,923986.4089100048
790000,430000,1243250.3022985307,921376.518153746
790000,440000,1235831.8078439743,919286.1155012471
790000,450000,1229078.7806798215,917686.6886824428
790000,460000,1222956.0965145766,916551.635533514
790000,470000,1217430.9347566415,915856.1056888436
790000,480000,1212472.6196231786,915576.881470947
790000,490000,1208052.4438510065,915692.2451894901
790000,500000,1204143.5246985136,916181.8712611425
790000,510000,1200720.653247466,917026.7117319287
790000,520000,1197760.1859113348,918208.9143317513
790000,530000,1195239.9249616736,919711.7318182482
790000,540000,1193139.0051636249,921519.4353537032
790000,550000,1191437.8152129631,923617.2552029382
790000,560000,1190117.887094205,925991.2955936183
790000,570000,1189161.8329773026,928628.4868603345
790000,580000,1188553.2670480986,931516.5253848154
790000,590000,1188276.7334990557,934643.8190638347
790000,600000,1188317.6377081526,937999.4331427388
790000,610000,1188662.2089510355,941573.062961663
790000,620000,1189297.4223943115,945354.9733239659
790000,630000,1190210.959426221,949335.9681303995
790000,640000,1191391.1688886648,953507.3604046662
790000,650000,1192827.0180232225,957860.9350732219
790000,660000,1194508.0435548723,962388.9106990936
790000,670000,1196424.3329603963,967083.9251894277
790000,680000,1198566.4848940053,971939.0058945732
790000,690000,1200925.5706724348,976947.5393564224
790000,700000,1203493.113762355,982103.255673147
790000,710000,1206261.051445116,987400.1987709337
790000,720000,1209221.7319889958,992832.7251865506
790000,730000,1212367.8592240545,998395.4596839083
790000,740000,1215692.503213104,1004083.3058377851
790000,750000,1219189.057521773,1009891.4107176842
790000,760000,1222851.2274960647,1015815.157585574
790000,770000,1226673.0157207812,1021850.15401196
790000,780000,1230648.6934271234,1027992.2096409167
790000,790000,1234772.8084613346,1034237.3438147939
790000,800000,1239040.1445294635,1040581.7521353117
790000,810000,1243445.7266636058,1047021.8125280768
790000,820000,1247984.793982861,1053554.062854187
790000,830000,1252652.8024387322,1060175.204645915
790000,840000,1257445.4033441083,1066882.085117759
790000,850000,1262358.4327879336,1073671.6898115473
790000,860000,1267387.911610565,1080541.143112216
790000,870000,1272530.0244344957,1087487.6909187518
790000,880000,1277781.1177009174,1094508.7004729689
790000,890000,1283137.691088993,1101601.6526086703
790000,900000,1288596.3852547933,1108764.1335570125
790000,910000,1294153.9804505003,1115993.833097715
790000,920000,1299807.395595963,1123288.545018914
790000,930000,1305553.6484023964,1130646.133349174
790000,940000,1311389.9062995473,1138064.576914637
790000,950000,1317313.429309051,1145541.9206198954
790000,960000,1323321.5909515182,1153076.2942218413
790000,970000,1329411.8624220898,1160665.8988293563
790000,980000,1335581.8177950117,1168309.012162787
790000,990000,1341829.1172442825,1176003.9746994118
790000,1000000,1348151.5144580903,1183749.1958989932
800000,10000,5064770.445320459,3510631.354357215
800000,20000,4272030.400536497,2961145.827398246
800000,30000,3811352.9108497216,2641828.524275094
800000,40000,3486649.473615423,2416761.2527685016
800000,50000,3236469.3936679587,2243349.6645373325
800000,60000,3033443.224232503,2102623.04562551
800000,70000,2862977.708289012,1984467.830891034
800000,80000,2716376.060024528,1882860.6660845156
800000,90000,2588050.5529762246,1793937.6063098812
800000,100000,2474211.6991594867,1715085.5043861633
800000,110000,2372181.295407691,1644464.6220000607
800000,120000,2280001.7759179976,1580736.0656410584
800000,130000,2196200.1912080995,1522896.4613024173
800000,140000,2119639.0607899865,1470173.2516014257
800000,150000,2049418.8936263516,1421956.3073488013
800000,160000,1984812.9546342595,1377752.3384743247
800000,170000,1925222.616350826,1337153.9104900414
800000,180000,1870146.1869087957,1299818.02329174
800000,190000,1819156.9082379795,1265451.1715267177
800000,200000,1771887.0221253051,1233798.665353128
800000,210000,1728016.1174497786,1204636.9262841523
800000,220000,1687262.433779948,1177767.8113068505
800000,230000,1649376.2540819221,1153014.3490700186
800000,240000,1614134.7980950796,1130217.4738131214
800000,250000,1581338.224163322,1109233.4846386642
800000,260000,1550806.4210029256,1089932.0116240752
800000,270000,1522376.4300875925,1072194.3828916564
800000,280000,1495900.2766245499,1055912.2424020132
800000,290000,1471243.2279603903,1040986.4379501338
800000,300000,1448282.26787939,1027326.0354179972
800000,310000,1426904.830269584,1014847.4950458383
800000,320000,1407007.6970210113,1003473.9457779991
800000,330000,1388496.0469822201,993134.5530257112
800000,340000,1371282.614671663,983763.9521010733
800000,350000,1355286.9833859147,975301.7683168553
800000,360000,1340434.9099066234,967692.1521234479
800000,370000,1326657.7823195972,960883.4030569158
800000,380000,1313892.100424525,954827.6053497466
800000,390000,1302079.017152968,949480.3037088051
800000,400000,1291163.9460454052,944800.2231248352
800000,410000,1281096.1795337794,940748.994710362
800000,420000,1271828.5672962773,937290.9227439135
800000,430000,1263317.2389840188,934392.7825033742
800000,440000,1255521.308562787,932023.604148706
800000,450000,1248402.6449114336,930154.5029533517
800000,460000,1241925.6584604024,928758.5218280315
800000,470000,1236057.0847705319,927810.4700375083
800000,480000,1230765.8187238409,927286.7994113005
800000,490000,1226022.747282687,927165.478782709
800000,500000,1221800.5926578217,927425.8767365123
800000,510000,1218073.7779152205,928048.659250033
800000,520000,1214818.2926770211,929015.6886723686
800000,530000,1212011.605714827,930309.9575757189
800000,540000,1209632.5177691428,931915.4761503967
800000,550000,1207661.1081381433,933817.2324421962
800000,560000,1206078.6070073864,936001.0943519666
800000,570000,1204867.3403938133,938453.7675922639
800000,580000,1204010.6504930225,941162.7355516319
800000,590000,1203492.8154741225,944116.1963495876
800000,600000,1203298.9944474509,947303.022203539
800000,610000,1203415.173590126,950712.71714679
800000,620000,1203828.101079891,954335.367507993
800000,630000,1204525.2359486031,958161.6019961894
800000,640000,1205494.7217621394,962182.5725216068
800000,650000,1206725.315183675,966389.8979773802
800000,660000,1208206.3709520071,970775.6538926759
800000,670000,1209927.7902725271,975332.3318303478
800000,680000,1211879.9875060015,980052.8138158142
800000,690000,1214053.872399177,984930.3597718888
800000,700000,1216440.8007570538,989958.5676100942
800000,710000,1219032.5597366649,995131.3637775285
800000,720000,1221821.345174888,1000442.9847585567
800000,730000,1224799.7203130897,1005887.9455415118
800000,740000,1227960.6147528465,1011461.0387890878
800000,750000,1231297.2914300058,1017157.3095632627
800000,760000,1234803.3318186565,1022972.0440017157
800000,770000,1238472.6175393253,1028900.7552292097
800000,780000,1242299.3006441705,1034939.1594408115
800000,790000,1246277.8194108466,1041083.1903532459
800000,800000,1250402.8490755612,1047328.9590111598
800000,810000,1254669.3126200205,1053672.7633849035
800000,820000,1259072.35065689,1060111.0652657372
800000,830000,1263607.3211662807,1066640.4888657376
800000,840000,1268269.7874137224,1073257.8136077
800000,850000,1273055.4951290532,1079959.9544911426
800000,860000,1277960.3794952359,1086743.9691858555
800000,870000,1282980.5439785696,1093607.0407765142
800000,880000,1288112.2606849803,1100546.479099039
800000,890000,1293351.9454903973,1107559.699778505
800000,900000,1298696.175181615,1114644.2396720573
800000,910000,1304141.6553938023,1121797.730911228
800000,920000,1309685.2343259756,1129017.9123044524
800000,930000,1315323.870708656,1136302.602921278
800000,940000,1321054.6666238874,1143649.7311864027
800000,950000,1326874.820303966,1151057.2941051922
800000,960000,1332781.6471808068,1158523.3766669307
800000,970000,1338772.5630293342,1166046.137668516
800000,980000,1344845.0885923118,1173623.8140373067
800000,990000,1350996.8302332903,1181254.704711514
800000,1000000,1357225.4881940281,1188937.1781473856
810000,10000,5142506.284623999,3564513.732198924
810000,20000,4339765.646484789,3008096.3221518393
810000,30000,3873237.505439745,2684723.6565350797
810000,40000,3544382.1837251885,2456778.5178946033
810000,50000,3290980.767807782,2281134.064793575
810000,60000,3085321.4384283936,2138582.222126217
810000,70000,2912627.678803341,2018882.2102672078
810000,80000,2764092.252251683,1915933.6926809375
810000,90000,2634054.873344607,1825821.7893173692
810000,100000,2518675.504278198,1745897.5809321473
810000,110000,2415239.349109917,1674295.2904920517
810000,120000,2321761.839141733,1609656.8033332732
810000,130000,2236749.8810064304,1550964.4989404494
810000,140000,2159050.9023281606,1497435.2941431652
810000,150000,2087754.0991423489,1448451.3396325188
810000,160000,2022124.2182486872,1403513.7029406466
810000,170000,1961556.1855382607,1362210.836815901
810000,180000,1905543.412835473,1324196.755829202
810000,190000,1853655.3593890318,1289175.7612931654
810000,200000,1805521.311851971,1256891.5395546725
810000,210000,1760818.4966102336,1227119.2783614967
810000,220000,1719263.2248334726,1199659.870687524
810000,230000,1680604.167648213,1174335.5635981516
810000,240000,1644617.1531000305,1150986.623062113
810000,250000,1611101.1176775636,1129468.7584318728
810000,260000,1579874.8415148545,1109651.0509688891
810000,270000,1550774.3547622608,1091414.312330099
810000,280000,1523650.7400977167,1074649.6858587645
810000,290000,1498368.3648500051,1059257.519465382
810000,300000,1474803.37007655,1045146.3937138921
810000,310000,1452842.373923912,1032232.2798983181
810000,320000,1432381.376108042,1020437.8222921988
810000,330000,1413324.8029993416,1009691.7056844515
810000,340000,1395584.6663634293,999928.0914230917
810000,350000,1379079.8436557585,991086.1306702879
810000,360000,1363735.4168182071,983109.5112861709
810000,370000,1349482.122892239,975946.0785662823
810000,380000,1336255.8277920287,969547.4674945753
810000,390000,1323997.0846015331,963868.7918492582
810000,400000,1312650.7146575898,958868.3461550497
810000,410000,1302165.453255382,954507.3522154356
810000,420000,1292493.6102658669,950749.714068198
810000,430000,1283590.793160672,947561.8171609008
810000,440000,1275415.61897481,944912.3174680367
810000,450000,1267929.4756628787,942771.9662259006
810000,460000,1261096.3186600138,941113.459989779
810000,470000,1254882.439067127,939911.2681998868
810000,480000,1249256.313337314,939141.5211194479
810000,490000,1244188.4231523746,938781.8756214231
810000,500000,1239651.1038445635,938811.4006962096
810000,510000,1235618.4056910945,939210.4734633418
810000,520000,1232065.9671912268,939960.6832559183
810000,530000,1228970.9192620711,941044.7593223889
810000,540000,1226311.7342869374,942446.4557267738
810000,550000,1224068.179991255,944150.5167161447
810000,560000,1222221.1920361028,946142.5798131692
810000,570000,1220752.8093817432,948409.1258361724
810000,580000,1219646.1058116513,950937.4270794087
810000,590000,1218885.0956065406,953715.475119502
810000,600000,1218454.6895704227,956731.9466300652
810000,610000,1218340.6364972296,959976.1592210502
810000,620000,1218529.45102231,963438.0155029022
810000,630000,1219008.3788383335,967107.9763884624
810000,640000,1219765.3519497993,970977.0273451982
810000,650000,1220788.9302696784,975036.6324708901
810000,660000,1222068.2687763819,979278.7099624893
810000,670000,1223593.0893747413,983695.6105717291
810000,680000,1225353.6306230305,988280.0780609406
810000,690000,1227340.6309162825,993025.2372390764
810000,700000,1229545.2874254445,997924.5616894526
810000,710000,1231959.2290994483,1002971.8533803229
810000,720000,1234574.504804445,1008161.2334280271
810000,730000,1237383.5328113665,1013487.1027112752
810000,740000,1240379.1059512456,1018944.1467634271
810000,750000,1243554.357723522,1024527.3094148139
810000,760000,1246902.743348984,1030231.7776813384
810000,770000,1250418.0190193388,1036052.9661429151
810000,780000,1254094.2260385114,1041986.5047175436
810000,790000,1257925.6845459372,1048028.2343635288
810000,800000,1261906.9668265474,1054174.1857922226
810000,810000,1266032.8924474358,1060420.5764988302
810000,820000,1270298.5043429292,1066763.7915021472
810000,830000,1274699.0600923055,1073200.3773223704
810000,840000,1279230.0288342354,1079727.0393167317
810000,850000,1283887.079851955,1086340.6340369654
810000,860000,1288666.0530148288,1093038.1441895415
810000,870000,1293562.974732659,1099816.6932315023
810000,880000,1298574.03223604,1106673.5248115198
810000,890000,1303695.5745390833,1113606.0033181405
810000,900000,1308924.098505313,1120611.603458488
810000,910000,1314256.2403720457,1127687.903305403
810000,920000,1319688.7832709649,1134832.5916713576
810000,930000,1325218.6192086253,1142043.436214555
810000,940000,1330842.7854638672,1149318.3148876657
810000,950000,1336558.4208415258,1156655.1792857137
810000,960000,1342362.7845784794,1164052.071191442
810000,970000,1348253.2297035493,1171507.100678017
810000,980000,1354227.2241302074,1179018.464202656
810000,990000,1360282.3238579542,1186584.4220942718
810000,1000000,1366416.180483683,1194203.3061032752
820000,10000,5220420.237109187,3618519.5686903135
820000,20000,4407679.020376074,3055170.285786896
820000,30000,3935300.253539813,2727742.275398311
820000,40000,3602293.095428101,2496919.302976377
820000,50000,3345670.4055974223,2319042.0288579417
820000,60000,3137378.007633489,2174665.0336792725
820000,70000,2962456.232574925,2053420.4178903084
820000,80000,2811987.4692250337,1949130.9501428448
820000,90000,2680239.0441995505,1857830.9720432744
820000,100000,2563320.4444197626,1776835.8723980114
820000,110000,2458480.3337854156,1704253.8828553092
820000,120000,2363707.1029194924,1638707.634484789
820000,130000,2277487.436197624,1579165.1854262773
820000,140000,2198653.579050352,1524832.8357352165
820000,150000,2126283.2873483747,1475084.8966548983
820000,160000,2059632.6761981773,1429416.684499342
820000,170000,1998090.13903884,1387412.4530467105
820000,180000,1941144.094653484,1348723.1422479583
820000,190000,1888360.154112671,1313050.7972440426
820000,200000,1839364.5990029986,1280137.4331193003
820000,210000,1793832.2660498375,1249756.9763138448
820000,220000,1751477.5117938828,1221709.3322664488
820000,230000,1712047.375735491,1195815.9502633626
820000,240000,1675316.303826691,1171916.4344851072
820000,250000,1641082.0005564066,1149865.8988444146
820000,260000,1609162.1652896304,1129532.897807677
820000,270000,1579391.8148152684,1110797.7286572454
820000,280000,1551621.1057073884,1093551.0495703325
820000,290000,1525713.531345349,1077692.7311718098
820000,300000,1501544.3985094675,1063130.8789899861
820000,310000,1478999.5227833847,1049780.9892094014
820000,320000,1457974.153809209,1037565.2481745266
820000,330000,1438371.9713696358,1026411.8683962495
820000,340000,1420104.2809752028,1016254.5528359138
820000,350000,1403089.276692105,1007031.9980600371
820000,360000,1387251.3761498826,998687.4402191509
820000,370000,1372520.6750195138,991168.2803684279
820000,380000,1358832.4280890382,984425.7233079409
820000,390000,1346126.5887914936,978414.4545907904
820000,400000,1334347.4068623213,973092.3555069296
820000,410000,1323443.0695278787,968420.2471413343
820000,420000,1313365.3502736737,964361.637773105
820000,430000,1304069.348331196,960882.5344527035
820000,440000,1295513.1867652037,957951.2227722511
820000,450000,1287657.7870101866,955538.1021307177
820000,460000,1280466.6483782395,953615.5226620573
820000,470000,1273905.6267035569,952157.6218925128
820000,480000,1267942.7859773084,951140.2139587759
820000,490000,1262548.2075862053,950540.6478486478
820000,500000,1257693.8439697672,950337.6970207195
820000,510000,1253353.3767754026,950511.4532922871
820000,520000,1249502.0998781812,951043.2382478133
820000,530000,1246116.7973444243,951915.5115610836
820000,540000,1243175.629541454,953111.7837692072
820000,550000,1240658.0491469286,954616.5534506671
820000,560000,1238544.7029129085,956415.231702747
820000,570000,1236817.3431952093,958494.0750744863
820000,580000,1235458.771577035,960840.1427128996
820000,590000,1234452.7460410048,963441.2245900055
820000,600000,1233783.9297602733,966285.8032696934
820000,610000,1233437.8319609945,969363.0079669228
820000,620000,1233400.7434401417,972662.5651527619
820000,630000,1233659.6900413618,976174.7632418972
820000,640000,1234202.3937250949,979890.4220030097
820000,650000,1235017.2139595079,983800.8480979524
820000,660000,1236093.1185997643,987897.8126143601
820000,670000,1237419.6407842035,992173.5172724066
820000,680000,1238986.847626266,996620.5714599951
820000,690000,1240785.3078813101,1001231.9664367359
820000,700000,1242806.0527542052,1006001.0452148381
820000,710000,1245040.561283539,1010921.4917784091
820000,720000,1247480.7303874902,1015987.3081325617
820000,730000,1250118.8397076344,1021192.7862657811
820000,740000,1252947.5410675984,1026532.50089335
820000,750000,1255959.8370557192,1032001.2929159969
820000,760000,1259149.0515536175,1037594.2464768054
820000,770000,1262508.8331481027,1043306.6922052787
820000,780000,1266033.093370499,1049134.1580129587
820000,790000,1269716.0480297583,1055072.403187977
820000,800000,1273552.159592476,1061117.372628663
820000,810000,1277536.1405132406,1067265.2000474306
820000,820000,1281662.9385517242,1073512.1963458632
820000,830000,1285927.7139016222,1079854.831673436
820000,840000,1290325.8456609955,1086289.7415151745
820000,850000,1294852.9123261042,1092813.7115932414
820000,860000,1299504.668601446,1099423.6582483866
820000,870000,1304277.0607678306,1106116.6428924315
820000,880000,1309166.1956616507,1112889.8466340734
820000,890000,1314168.347379268,1119740.5754165968
820000,900000,1319279.9349116005,1126666.2433182294
820000,910000,1324497.5296047397,1133664.3789534208
820000,920000,1329817.8409628787,1140732.6135398701
820000,930000,1335237.701297095,1147868.6689663501
820000,940000,1340754.0806924973,1155070.370912955
820000,950000,1346364.0563742854,1162335.6236012403
820000,960000,1352064.829701088,1169662.424018974
820000,970000,1357853.6970282018,1177048.8387781205
820000,980000,1363728.0721577145,1184493.022632834
820000,990000,1369685.4575076685,1191993.1951302548
820000,1000000,1375723.4520786519,1199547.6469339838
830000,10000,5298510.1381592555,3672647.363433372
830000,20000,4475768.358727683,3102366.2186915097
830000,30000,3997538.995383676,2770882.8838288886
830000,40000,3660380.0267190794,2537182.095558124
830000,50000,3400536.115842465,2357072.037763267
830000,60000,3189610.748708748,2210869.9657991556
830000,70000,3012461.150215999,2088080.9100845924
830000,80000,2860059.474853237,1982450.8737334784
830000,90000,2726600.7567279027,1889963.5229030696
830000,100000,2608144.1270943023,1807898.665901984
830000,110000,2501901.7478804416,1734338.582002278
830000,120000,2405834.9475153256,1667886.6284988262
830000,130000,2318410.1278573982,1607496.4823652592
830000,140000,2238444.2390397443,1552363.7222292924
830000,150000,2165003.5100073502,1501854.730255184
830000,160000,2097335.30662674,1455458.961013879
830000,170000,2034821.3832766186,1412756.3692476088
830000,180000,1976945.0925861555,1373394.7475183064
830000,190000,1923268.1298372196,1337073.8203731182
830000,200000,1873413.7211690135,1303533.8835395179
830000,210000,1827054.267264724,1272547.5607787974
830000,220000,1783902.15264118,1243913.7521419802
830000,230000,1743702.77903877,1217453.1019305962
830000,240000,1706229.194558878,1193004.5407514605
830000,250000,1671277.8870624173,1170422.5988425866
830000,260000,1638665.4640090426,1149575.298240435
830000,270000,1608225.9528001137,1130342.4416803468
830000,280000,1579808.5977161967,1112614.2155424394
830000,290000,1553276.0242935626,1096290.0213982032
830000,300000,1528502.7241630831,1081277.5074463296
830000,310000,1505373.743904002,1067491.7223996564
830000,320000,1483783.572289131,1054854.3913888924
830000,330000,1463635.177431537,1043293.283179452
830000,340000,1444839.1717484687,1032741.6554808284
830000,350000,1427313.0713137651,1023137.7574729804
830000,360000,1410980.6557063474,1014424.3958821861
830000,370000,1395771.3901818164,1006548.5382217509
830000,380000,1381619.923496565,999460.9655756954
830000,390000,1368465.631820922,993115.9539667454
830000,400000,1356252.200386263,987470.9786233426
830000,410000,1344927.2718128674,982486.4647518017
830000,420000,1334442.0988719848,978125.5378905251
830000,430000,1324751.2821704075,974353.8354824836
830000,440000,1315812.4563351886,971139.2784722623
830000,450000,1307586.083190286,968451.9202589291
830000,460000,1300035.2118959355,966263.7706023197
830000,470000,1293125.2778536964,964548.646859048
830000,480000,1286823.9225674323,963282.0406471706
830000,490000,1281100.840401323,962441.0035878822
830000,500000,1275927.6042773582,962004.0169212222
830000,510000,1271277.5330046401,961950.8919204964
830000,520000,1267125.5691531482,962262.6780807711
830000,530000,1263448.1728701722,962921.5832070867
830000,540000,1260223.1770408761,963910.8629711878
830000,550000,1257429.733245655,965214.7810217212
830000,560000,1255048.1916432546,966818.5167875368
830000,570000,1253060.029389404,968708.1114376702
830000,580000,1251447.7756444132,970870.4103994867
830000,590000,1250194.9314801656,973293.0025536276
830000,600000,1249285.9133968581,975964.1767641403
830000,610000,1248705.9949522552,978872.8769156701
830000,620000,1248441.2410758322,982008.6522158324
830000,630000,1248478.4590768304,985361.6189031142
830000,640000,1248805.1640940483,988922.4345852807
830000,650000,1249409.51997561,992682.2516656208
830000,660000,1250280.2955864468,996632.6846597726
830000,670000,1251406.8483261834,1000765.7972586305
830000,680000,1252779.06429252,1005074.056121303
830000,690000,1254387.3492510212,1009550.3245228016
830000,700000,1256222.570492663,1014187.8165130129
830000,710000,1258276.0498769942,1018980.0925422583
830000,720000,1260539.5392808479,1023921.0402994682
830000,730000,1263005.1715712892,1029004.8366954764
830000,740000,1265665.468443922,1034225.9543069829
830000,750000,1268513.2950525607,1039579.1260063383
830000,760000,1271541.8533498,1045059.3404082916
830000,770000,1274744.664394986,1050661.8278853663
830000,780000,1278115.5268886639,1056382.028009984
830000,790000,1281648.5460950015,1062215.6137358283
830000,800000,1285338.0757877615,1068158.4448625818
830000,810000,1289178.721482478,1074206.5710462462
830000,820000,1293165.335272064,1080356.2288140303
830000,830000,1297292.9789860882,1086603.8112008094
830000,840000,1301556.9417603437,1092945.883960228
830000,850000,1305952.7105268033,1099379.1608497202
830000,860000,1310475.9588722584,1105900.4954734
830000,870000,1315122.5453216243,1112506.8807402758
830000,880000,1319888.5031885472,1119195.440442756
830000,890000,1324770.0217080351,1125963.4147132528
830000,900000,1329763.4566546183,1132808.1688723997
830000,910000,1334865.300260319,1139727.1695412653
830000,920000,1340072.2004560234,1146718.0008736118
830000,930000,1345380.9156252923,1153778.3267635582
830000,940000,1350788.3589598686,1160905.9297514728
830000,950000,1356291.544552843,1168098.6647829404
830000,960000,1361887.611812918,1175354.4810007191
830000,970000,1367573.8015629125,1182671.4022352658
830000,980000,1373347.4726181296,1190047.5409542467
830000,990000,1379206.0758239727,1197481.0768270197
830000,1000000,1385147.15430295,1204970.2577841608
840000,10000,5376773.867951463,3726895.64707895
840000,20000,4544031.541805324,3149682.6515778205
840000,30000,4059951.605823079,2814144.008786274
840000,40000,3718640.866636802,2577565.432428993
840000,50000,3455575.793547156,2395222.632315685
840000,60000,3242017.5381365973,2247195.5455032964
840000,70000,3062640.3028487703,2122862.206550134
840000,80000,2908306.087682868,2015891.9381274174
840000,90000,2773137.776070195,1922217.8644178894
840000,100000,2653144.2352348617,1839084.3052293307
840000,110000,2545501.1673557344,1764547.6305237997
840000,120000,2448142.8380133514,1697191.9209104714
840000,130000,2359515.302735163,1635956.4122360186
840000,140000,2278420.135286991,1580025.8813465273
840000,150000,2203911.9144991594,1528758.668030679
840000,160000,2135229.1658083783,1481638.2739777074
840000,170000,2071746.9119571887,1438240.2651401113
840000,180000,2012943.3553618258,1398209.2065755236
840000,190000,1958376.2099349918,1361242.4391394965
840000,200000,1907665.5865665849,1327078.484280498
840000,210000,1860481.4169192996,1295488.6305918728
840000,220000,1816534.0881167578,1266270.7489214665
840000,230000,1775567.3489159408,1239244.664506526
840000,240000,1737352.8422083205,1214248.6280787247
840000,250000,1701685.8393553407,1191136.586699128
840000,260000,1668381.8638358202,1169776.0373613846
840000,270000,1637273.9654473967,1150046.2991807004
840000,280000,1608210.4754204971,1131837.0895006089
840000,290000,1581053.1822168564,1115047.3662210307
840000,300000,1555675.77400862,1099584.3322742027
840000,310000,1531962.5289932338,1085362.5934040109
840000,320000,1509807.209054712,1072303.4413830165
840000,330000,1489112.0777205683,1060334.2100608172
840000,340000,1469787.0681853492,1049387.7254591698
840000,350000,1451749.0457508506,1039401.8122650753
840000,360000,1434921.1483929136,1030318.8481148715
840000,370000,1419232.2334613234,1022085.3862837357
840000,380000,1404616.3633389596,1014651.8010576332
840000,390000,1391012.3334486617,1007971.9587382714
840000,400000,1378363.282668286,1002002.9440684561
840000,410000,1366616.3172643478,996704.7941162823
840000,420000,1355722.1842297239,992040.2646065113
840000,430000,1345634.9868696823,987974.6260111101
840000,440000,1336311.8847736432,984475.445800881
840000,450000,1327712.883270694,981512.4350380029
840000,460000,1319800.590138531,979057.2705623315
840000,470000,1312540.0170953402,977083.4484483701
840000,480000,1305898.4057315735,975566.1553013917
840000,490000,1299845.057354272,974482.1416966318
840000,500000,1294351.1685427835,973809.5996315937
840000,510000,1289389.7042588764,973528.0674645918
840000,520000,1284935.263871104,973618.3291515429
840000,530000,1280963.972453043,974062.3324071886
840000,540000,1277453.3485945936,974843.0887842386
840000,550000,1274382.2445392602,975944.6282523401
840000,560000,1271730.7157421983,977351.9005640206
840000,570000,1269479.9614903524,979050.7294593073
840000,580000,1267612.2483595975,981027.754992696
840000,590000,1266110.8181680567,983270.3627204867
840000,600000,1264959.8414425368,985766.6484635012
840000,610000,1264144.3567719362,988505.3718560999
840000,620000,1263650.2045627006,991475.9055240751
840000,630000,1263463.9778657444,994668.1974438329
840000,640000,1263572.9870979819,998072.7440863546
840000,650000,1263965.1882249976,1001680.5344188409
840000,660000,1264629.1712254835,1005483.0421585804
840000,670000,1265554.105915417,1009472.1836389409
840000,680000,1266729.703331323,1013640.2875935705
840000,690000,1268146.199111814,1017980.0831801689
840000,700000,1269794.3043760122,1022484.6622316481
840000,710000,1271665.1828345077,1027147.460162883
840000,720000,1273750.4402419953,1031962.2503805585
840000,730000,1276042.0634699739,1036923.094459813
840000,740000,1278532.4385824448,1042024.3586537675
840000,750000,1281214.3018605767,1047260.6748473871
840000,760000,1284080.7268886182,1052626.9306115473
840000,770000,1287125.1147929071,1058118.2623329074
840000,780000,1290341.146768844,1063730.017360798
840000,790000,1293722.814358721,1069457.7796973013
840000,800000,1297264.3601363914,1075297.321599659
840000,810000,1300960.2983804226,1081244.6221034077
840000,820000,1304805.369757856,1087295.8297307554
840000,830000,1308794.5466552228,1093447.2685476993
840000,840000,1312923.019552011,1099695.4264087686
840000,850000,1317186.1927244077,1106036.952964582
840000,860000,1321579.6491507182,1112468.6311705688
840000,870000,1326099.1680380537,1118987.3919373204
840000,880000,1330740.6987192424,1125590.2936591739
840000,890000,1335500.362960948,1132274.5245673514
840000,900000,1340374.4328434358,1139037.3844068109
840000,910000,1345359.3361476199,1145876.2899274768
840000,920000,1350451.6457970904,1152788.766780175
840000,930000,1355648.0620519528,1159772.4345902193
840000,940000,1360945.4276898918,1166825.020487674
840000,950000,1366340.6966562397,1173944.3332797606
840000,960000,1371830.949185435,1181128.276429218
840000,970000,1377413.3708299906,1188374.8312463376
840000,980000,1383085.2647424855,1195682.0672232842
840000,990000,1388844.0207118152,1203048.1163844469
840000,1000000,1394687.1409562363,1210471.1960195603
850000,10000,5455209.360057326,3781262.987287964
850000,20000,4612466.495758387,3197118.1469621393
850000,30000,4122536.005161327,2857524.208734567
850000,40000,3777073.5437907903,2618067.8778073806
850000,50000,3510787.3457005383,2433492.3616493014
850000,60000,3294596.296855294,2283640.33077531
850000,70000,3112991.5790629196,2157762.8396575972
850000,80000,2956725.1785230204,2049452.6556066403
850000,90000,2819847.920123743,1954592.4582687125
850000,100000,2698318.511487341,1870391.179600564
850000,110000,2589276.2502836445,1794879.3334698796
850000,120000,2490628.326173474,1726621.714232165
850000,130000,2400800.3975925217,1664543.0678926054
850000,140000,2318578.5887203766,1607817.2966097707
850000,150000,2243005.72982002,1555794.603260057
850000,160000,2173311.4078854653,1507952.4418772697
850000,170000,2108863.8138923524,1463861.8952994812
850000,180000,2049135.9226654659,1423164.2258509556
850000,190000,1993681.394524724,1385554.3229461631
850000,200000,1942117.1778556965,1350768.8873278918
850000,210000,1894110.6999808415,1318577.8379883098
850000,220000,1849370.3255711263,1288777.9924822312
850000,230000,1807638.119964703,1261188.331923144
850000,240000,1768684.3207447145,1235646.4253708294
850000,250000,1732302.9791425306,1212005.6342669637
850000,260000,1698308.5424271107,1190132.9373461627
850000,270000,1666533.0881989466,1169907.1761894177
850000,280000,1636824.0495350293,1151217.6126755893
850000,290000,1609042.3832256764,1133962.7681283888
850000,300000,1583060.9881261787,1118049.4138854244
850000,310000,1558763.4019071257,1103391.7361538173
850000,320000,1536042.6662820855,1089910.6018288755
850000,330000,1514800.3543666531,1077532.9236606034
850000,340000,1494945.7349368152,1066191.1097945669
850000,350000,1476395.0322563907,1055822.5708592911
850000,360000,1459070.766426805,1046369.275521904
850000,370000,1442901.1964361717,1037777.3725153123
850000,380000,1427819.800955944,1029996.8338360217
850000,390000,1413764.8219333205,1022981.1380978907
850000,400000,1400678.8504905272,1016686.9810755217
850000,410000,1388508.4777516455,1011074.0289692256
850000,420000,1377203.942261764,1006104.6676082058
850000,430000,1366718.8608650558,1001743.80991014
850000,440000,1357009.9316308643,997958.6812020727
850000,450000,1348036.703884518,994718.6522075073
850000,460000,1339761.3574342323,991995.0778496476
850000,470000,1332148.4813141562,989761.1345922507
850000,480000,1325164.923692264,987991.7097003513
850000,490000,1318779.5954557534,986663.2555456101
850000,500000,1312963.3288588335,985753.6847153096
850000,510000,1307688.733282613,985242.2617576083
850000,520000,1302930.0630668448,985109.5041042779
850000,530000,1298663.1239356657,985337.112128488
850000,540000,1294865.1163131774,985907.8505234289
850000,550000,1291514.5948592727,986805.5173693052
850000,560000,1288591.3251560696,988014.8365898521
850000,570000,1286076.2330241771,989521.4183218278
850000,580000,1283951.313910569,991311.6904925529
850000,590000,1282199.561835309,993372.8446114814
850000,600000,1280804.9027006165,995692.7847026493
850000,610000,1279752.1399596962,998260.0860531268
850000,620000,1279026.8941730733,1001063.9484022206
850000,630000,1278615.5369487654,1004094.1460101439
850000,640000,1278505.1737050542,1007341.0139244614
850000,650000,1278683.5710755086,1010795.3923694306
850000,660000,1279139.1192339722,1014448.5979903465
850000,670000,1279860.8103384583,1018292.4069023253
850000,680000,1280838.1830703397,1022319.0126946091
850000,690000,1282061.3035093592,1026521.0110965379
850000,700000,1283520.721054735,1030891.3662103468
850000,710000,1285207.4474459125,1035423.3945771314
850000,720000,1287112.939141108,1040110.7517567499
850000,730000,1289229.0391311476,1044947.3864132299
850000,740000,1291547.9997843548,1049927.5596611241
850000,750000,1294062.4213105743,1055045.7963499199
850000,760000,1296765.2562109628,1060296.8888828787
850000,770000,1299649.7820334062,1065675.8771143693
850000,780000,1302709.5624923187,1071178.0158235154
850000,790000,1305938.4785438357,1076798.8023461981
850000,800000,1309330.6658317614,1082533.925436401
850000,810000,1312880.5299530346,1088379.278580825
850000,820000,1316582.7156100643,1094330.9355892818
850000,830000,1320432.0983758557,1100385.1443527646
850000,840000,1324423.777822706,1106538.322205341
850000,850000,1328553.0657402119,1112787.0462377078
850000,860000,1332815.4617550024,1119128.0344319015
850000,870000,1337206.658873245,1125558.1504887245
850000,880000,1341722.534237225,1132074.3970128458
850000,890000,1346359.1207572776,1138673.8918428577
850000,900000,1351112.6296205942,1145353.8885204
850000,910000,1355979.4096611494,1152111.7422199624
850000,920000,1360955.967186259,1158944.9266931158
850000,930000,1366038.932267958,1165851.0068102588
850000,940000,1371225.0884927507,1172827.6644286134
850000,950000,1376511.325469772,1179872.6582747733
850000,960000,1381894.6645874386,1186983.8462648208
850000,970000,1387372.2330084061,1194159.1644974432
850000,980000,1392941.2800320345,1201396.6411530692
850000,990000,1398599.139990079,1208694.3652697054
850000,1000000,1404343.262752315,1216050.5139864744
860000,10000,5533814.5852578245,3835747.9775129627
860000,20000,4681071.196550112,3244671.3018890764
860000,30000,4185290.1768872933,2901022.0859347614
860000,40000,3835676.0134418076,2658688.0143855796
860000,50000,3566168.754494523,2471879.8270420907
860000,60000,3347344.978896364,2320202.902667731
860000,70000,3163512.9459971627,2192781.396719673
860000,80000,3005314.674311441,2083131.578598511
860000,90000,2866729.072179462,1987085.8138243905
860000,100000,2743664.7625785107,1901817.7263833142
860000,110000,2633224.7088509705,1825332.0385595355
860000,120000,2533289.0216738046,1756174.257599684
860000,130000,2442262.924900423,1693254.6022198289
860000,140000,2358917.0051712194,1635736.0187083515
860000,150000,2282282.2649434316,1582960.4933894537
860000,160000,2211579.250869127,1534399.336295366
860000,170000,2146169.2431630245,1489619.0681752737
860000,180000,2085519.8960032475,1448257.5628258716
860000,190000,2029180.7560173897,1410007.1989226674
860000,200000,1976765.558395819,1374602.8075065836
860000,210000,1927939.1767873575,1341812.8934819081
860000,220000,1882407.9233025995,1311433.1931102423
860000,230000,1839912.1756545766,1283281.8361163267
860000,240000,1800220.748884348,1257195.6957927558
860000,250000,1763126.4745639185,1233027.5479166904
860000,260000,1728442.7203255966,1210643.8515444058
860000,270000,1696000.5951999298,1189922.9753304007
860000,280000,1665646.657952403,1170753.7449200945
860000,290000,1637241.0368874448,1153034.2505801013
860000,300000,1610655.858091189,1136670.8471536378
860000,310000,1585773.9216662587,1121577.3069204432
860000,320000,1562487.5695675372,1107674.089906024
860000,330000,1540697.7045143154,1094887.7054725657
860000,340000,1520312.9413610285,1083150.1548733353
860000,350000,1501248.878714664,1072398.4486667542
860000,360000,1483427.4349239953,1062574.1612413465
860000,370000,1466776.271618617,1053623.0403599348
860000,380000,1451228.3063393943,1045494.6745465781
860000,390000,1436721.2319753598,1038142.1605502722
860000,400000,1423197.1128898682,1031521.8221262319
860000,410000,1410602.021206444,1025592.9542254783
860000,420000,1398885.7056410797,1020317.5879079808
860000,430000,1388001.3045149045,1015660.2863313798
860000,440000,1377905.0569942847,1011587.9357988928
860000,450000,1368556.0672823002,1008069.5760540933
860000,460000,1359916.0893882664,1005076.2427661238
860000,470000,1351949.3048473434,1002580.805149418
860000,480000,1344622.1605849843,1000557.8463263346
860000,490000,1337903.1949962536,998983.5347791583
860000,500000,1331762.8719980747,997835.5011014245
860000,510000,1326173.4492024165,997092.7397277778
860000,520000,1321108.8494177714,996735.5123126113
860000,530000,1316544.547473889,996745.2635615779
860000,540000,1312457.443683929,997104.5250590345
860000,550000,1308825.7871314876,997796.8581559723
860000,560000,1305629.0634667473,998806.7678895614
860000,570000,1302847.9179451382,1000119.6460914462
860000,580000,1300464.0888925542,1001721.7195517797
860000,590000,1298460.3178352832,1003599.9822648165
860000,600000,1296820.2854422224,1005742.1462020485
860000,610000,1295528.5636254812,1008136.6048885811
860000,620000,1294570.553172813,1010772.3858462474
860000,630000,1293932.4081902327,1013639.0921209427
860000,640000,1293601.0346028777,1016726.9023670899
860000,650000,1293563.994631007,1020026.4958809845
860000,660000,1293809.4962566888,1023529.0460240936
860000,670000,1294326.3484488516,1027226.1849750276
860000,680000,1295103.9125139886,1031109.9665148687
860000,690000,1296132.0932644613,1035172.8597844006
860000,700000,1297401.2746421145,1039407.698419747
860000,710000,1298902.318351994,1043807.6810567733
860000,720000,1300626.5317122713,1048366.3459070778
860000,730000,1302565.6141432996,1053077.528793101
860000,740000,1304711.6817019258,1057935.3835972059
860000,750000,1307057.2081258465,1062934.3358047334
860000,760000,1309595.0114855296,1068069.0723308208
860000,770000,1312318.250892224,1073334.5395402105
860000,780000,1315220.37920619,1078725.9058729087
860000,790000,1318295.1596892886,1084238.5759610543
860000,800000,1321536.6222401126,1089868.1556702505
860000,810000,1324939.0644672324,1095610.4538322738
860000,820000,1328497.035087485,1101461.4691474799
860000,830000,1332205.3121071132,1107417.3732536482
860000,840000,1336058.9046174742,1113474.512685503
860000,850000,1340053.0303144292,1119629.3908042188
860000,860000,1344183.1064580702,1125878.661395633
860000,870000,1348444.74478043,1132219.1250503385
860000,880000,1352833.7384288094,1138647.7181043073
860000,890000,1357346.047392654,1145161.502561503
860000,900000,1361977.803288289,1151757.6693208204
860000,910000,1366725.2860756805,1158433.5200402248
860000,920000,1371584.937080836,1165186.478408608
860000,930000,1376553.3117739218,1172014.0508526443
860000,940000,1381627.1355456728,1178913.8743705226
860000,950000,1386803.233264064,1185883.6572606526
860000,960000,1392078.5691558265,1192921.2137886954
860000,970000,1397450.2085459847,1200024.4314260306
860000,980000,1402915.3451504502,1207191.295646603
860000,990000,1408471.2632748717,1214419.8571939787
860000,1000000,1414115.3569062,1221708.2495688512
870000,10000,5612587.577768682,3890349.2551761316
870000,20000,4749843.679831232,3292340.7547754943
870000,30000,4248212.153183374,2944636.276399616
870000,40000,3894446.3217282947,2699424.4878480067
870000,50000,3621718.044218072,2510383.6589658093
870000,60000,3400261.6149427206,2356881.895475873
870000,70000,3214202.402257866,2227916.487297573
870000,80000,3054072.560186588,2116927.3009847677
870000,90000,2913779.159837219,2019696.4733159423
870000,100000,2789180.8605354605,1933362.4316457433
870000,110000,2677344.3307076907,1855904.1506267565
870000,120000,2576122.615977404,1785847.862927723
870000,130000,2483900.463817432,1722089.221479812
870000,140000,2399432.871848208,1663780.162672594
870000,150000,2321738.91357549,1610254.3629952043
870000,160000,2250030.0098047154,1560976.9046364645
870000,170000,2183660.44221415,1515509.6619073595
870000,180000,2122092.4637150695,1473487.0432538507
870000,190000,2064871.4462427848,1434598.8567901992
870000,200000,2011607.8589805681,1398578.0132494362
870000,210000,1961963.972501292,1365191.5586108423
870000,220000,1915644.0228300854,1334234.1240958446
870000,230000,1872386.6783820577,1305522.9682356147
870000,240000,1831959.3197921065,1278894.2577278758
870000,250000,1794153.5561004856,1254200.1799736556
870000,260000,1758781.6756366347,1231306.675152913
870000,270000,1725673.831031886,1210091.6491559448
870000,280000,1694675.6998308236,1190443.4889794409
870000,290000,1665646.5968410566,1172259.8672426932
870000,300000,1638457.8978080763,1155446.7411679588
870000,310000,1612991.6751129094,1139917.479565392
870000,320000,1589139.5852188063,1125592.1490475163
870000,330000,1566801.8648691608,1112396.8620820364
870000,340000,1545886.499811464,1100263.2339647077
870000,350000,1526308.470106859,1089127.8834561738
870000,360000,1507989.0997259973,1078931.998926462
870000,370000,1490855.4806689133,1069620.949649766
870000,380000,1474839.9725129597,1061143.9456795973
870000,390000,1459879.727569181,1053453.7104128418
870000,400000,1445916.29442891,1046506.2057504455
870000,410000,1432895.2409733145,1040260.3678764171
870000,420000,1420765.8306281776,1034677.8786262163
870000,430000,1409480.7312863907,1029722.9583309455
870000,440000,1398995.732230185,1025362.1630365378
870000,450000,1389269.5012371773,1021564.2086271895
870000,460000,1380263.3717004862,1018299.8169794915
870000,470000,1371941.1216830094,1015541.5539232234
870000,480000,1364268.8097874417,1013263.7089388891
870000,490000,1357214.5964420578,1011442.1633749357
870000,500000,1350748.585209028,1010054.2726673689
870000,510000,1344842.6923504248,1009078.769365271
870000,520000,1339470.5015100774,1008495.6544352698
870000,530000,1334607.1746131224,1008286.1308045207
870000,540000,1330229.2994242522,1008432.4881962095
870000,550000,1326314.833322856,1008918.0613696408
870000,560000,1322842.9781756129,1009727.1351387468
870000,570000,1319794.1089538443,1010844.8902188677
870000,580000,1317149.698847397,1012257.346762225
870000,590000,1314892.240160671,1013951.303681247
870000,600000,1313005.1772138912,1015914.2879432985
870000,610000,1311472.8501485502,1018134.5115597962
870000,620000,1310280.4336384546,1020600.8246205661
870000,630000,1309413.8743972713,1023302.6675076555
870000,640000,1308859.8717260016,1026230.056136927
870000,650000,1308605.795806362,1029373.5193859744
870000,660000,1308639.6634663178,1032724.0799554586
870000,670000,1308950.1009367527,1036273.2265986046
870000,680000,1309526.3011014762,1040012.8804309423
870000,690000,1310357.9979375382,1043935.3760279436
870000,700000,1311435.4218794107,1048033.4265614758
870000,710000,1312749.2740359297,1052300.1040260585
870000,720000,1314290.711871422,1056728.8288198186
870000,730000,1316051.3048474635,1061313.3347089845
870000,740000,1318023.0240097877,1066047.6613321868
870000,750000,1320198.2104599758,1070926.13006531
870000,760000,1322569.5614073502,1075943.3327568886
870000,770000,1325130.1138662016,1081094.119887819
870000,780000,1327873.2032177127,1086373.567716468
870000,790000,1330792.4769902162,1091776.9897929756
870000,800000,1333881.8614090115,1097299.9107457735
870000,810000,1337135.5508687878,1102938.0587140787
870000,820000,1340547.9904623667,1108687.3509506588
870000,830000,1344113.8666013596,1114543.8876057554
870000,840000,1347828.0889400437,1120503.9371206337
870000,850000,1351685.7893918415,1126563.935846461
870000,860000,1355682.302197738,1132720.4730670147
870000,870000,1359813.1518822128,1138970.2806369637
870000,880000,1364074.0489778805,1145310.2306117243
870000,890000,1368460.8854226721,1151737.332453388
870000,900000,1372969.7097273674,1158248.7117472643
870000,910000,1377596.735684018,1164841.6188412858
870000,920000,1382338.3289261519,1171513.4182745758
870000,930000,1387190.9859034873,1178261.5711689915
870000,940000,1392151.3629719429,1185083.6604660312
870000,950000,1397216.2217241514,1191977.3453834767
870000,960000,1402382.468607131,1198940.3954546277
870000,970000,1407647.1108776664,1205970.6535009202
870000,980000,1413007.2862311727,1213066.0613739071
870000,990000,1418460.22212001,1220224.6257373744
870000,1000000,1424003.2638323791,1227444.4425994337
880000,10000,5691526.39934349,3945065.476787436
880000,20000,4818782.003648343,3340125.1595618525
880000,30000,4311299.98419066,2988365.4285899433
880000,40000,3953382.5293442896,2740275.953968669
880000,50000,3677433.2662372454,2549002.5066724876
880000,60000,3453344.2578263944,2393675.9589439332
880000,70000,3265057.9963063058,2263166.755893856
880000,80000,3102996.854931501,2150838.4409656995
880000,90000,2960996.1669712355,2052423.0199373467
880000,100000,2834864.720485066,1965023.8144973242
880000,110000,2721632.951195649,1886594.1120348703
880000,120000,2619126.8464098363,1815640.8796331056
880000,130000,2525710.668417708,1751045.1906312727
880000,140000,2440123.734904103,1691947.8919421898
880000,150000,2361373.129910852,1637674.286621805
880000,160000,2288661.0608608066,1587683.1449058333
880000,170000,2221334.7160895825,1541531.6061721588
880000,180000,2158850.884472909,1498850.549515051
880000,190000,2100750.6853648378,1459327.1410182042
880000,200000,2046641.2646234354,1422692.3172829645
880000,210000,1996182.2696961297,1388711.6407039226
880000,220000,1949075.812962096,1357178.5967087017
880000,230000,1905058.829228016,1327909.5505641655
880000,240000,1863897.2675515432,1300739.9614734855
880000,250000,1825381.4906295484,1275521.4106498258
880000,260000,1789322.7201975195,1252119.3286023256
880000,270000,1755550.1521045563,1230411.1594515133
880000,280000,1723908.5865894945,1210284.8563901058
880000,290000,1694256.5496274275,1191637.6943080137
880000,300000,1666464.6585068787,1174375.230184202
880000,310000,1640414.2781224255,1158410.4466310334
880000,320000,1615996.3898057272,1143663.0275334474
880000,330000,1593110.583468235,1130058.7052705146
880000,340000,1571664.2226773966,1117528.7171799687
880000,350000,1551571.688264459,1106009.307205261
880000,360000,1532753.7177968868,1095441.2860818736
880000,370000,1515136.8463829383,1085769.6566886404
880000,380000,1498652.884642332,1076943.2594588448
880000,390000,1483238.464088297,1068914.4609833763
880000,400000,1468834.615337391,1061638.8621852968
880000,410000,1455386.4220570577,1055075.0568007638
880000,420000,1442842.6614781849,1049184.3783917634
880000,430000,1431155.552063739,1043930.7218740984
880000,440000,1420280.4281397362,1039280.3102851646
880000,450000,1410175.534148207,1035201.547213162
880000,460000,1400801.787405162,1031664.8448119197
880000,470000,1392122.5694980568,1028642.4718995858
880000,480000,1384103.555882076,1026108.4290824946
880000,490000,1376712.531916814,1024038.3136307563
880000,500000,1369919.2559818828,1022409.2178251317
880000,510000,1363695.289388424,1021199.6029432598
880000,520000,1358013.8982303874,1020389.2258429335
880000,530000,1352849.9205200982,1019959.040128824
880000,540000,1348179.6439512698,1019891.1035657272
880000,550000,1343980.7310383276,1020168.5222438747
880000,560000,1340232.1067684917,1020775.3660228101
880000,570000,1336913.87154191,1021696.6021128024
880000,580000,1334007.245888066,1022918.0531866403
880000,590000,1331494.4726105952,1024426.3236156808
880000,600000,1329358.7539434251,1026208.7510334767
880000,610000,1327584.2022659595,1028253.3687999845
880000,620000,1326155.774346129,1030548.8565073055
880000,630000,1325059.2044366698,1033084.4876934728
880000,640000,1324280.9871454465,1035850.117619164
880000,650000,1323808.2972962952,1038836.121569882
880000,660000,1323628.9662813093,1042033.3765862354
880000,670000,1323731.4438426865,1045433.2324778929
880000,680000,1324104.7464502554,1049027.4718336286
880000,690000,1324738.442979168,1052808.29909332
880000,700000,1325622.6011935014,1056768.2995235487
880000,710000,1326747.7739226832,1060900.4286912754
880000,720000,1328104.970125035,1065197.9897798914
880000,730000,1329685.6135337998,1069654.6020609967
880000,740000,1331481.5459995843,1074264.2038559772
880000,750000,1333484.9727213813,1079021.0090365608
880000,760000,1335688.4691429923,1083919.5143061406
880000,770000,1338084.9446940706,1088954.469552343
880000,780000,1340667.6216074063,1094120.8622386376
880000,790000,1343430.038518303,1099413.920499571
880000,800000,1346366.00877072,1104829.0803788565
880000,810000,1349469.6266257325,1110361.9913913552
880000,820000,1352735.236397657,1116008.4919411633
880000,830000,1356157.4211951385,1121764.6006800958
880000,840000,1359731.0073882428,1127626.5212648187
880000,850000,1363451.036536101,1133590.619876585
880000,860000,1367312.7480011256,1139653.4105451906
880000,870000,1371311.5892938084,1145811.5655161014
880000,880000,1375443.1949751477,1152061.8978717045
880000,890000,1379703.3684063484,1158401.3467279666
880000,900000,1384088.094873356,1164826.9896048873
880000,910000,1388593.508108213,1171336.0139672738
880000,920000,1393215.910550445,1177925.735367297
880000,930000,1397951.7283689815,1184593.5599806807
880000,940000,1402797.5509399152,1191337.0188467337
880000,950000,1407750.086047722,1198153.729663946
880000,960000,1412806.1691122528,1205041.4063224648
880000,970000,1417962.7534658941,1211997.8499762374
880000,980000,1423216.919023091,1219020.9577764114
880000,990000,1428565.8438281023,1226108.6983646748
880000,1000000,1434006.8153900416,1233259.122927656
890000,10000,5770629.168008803,3999895.3378622886
890000,20000,4887884.293696664,3388023.2170790797
890000,30000,4374551.805157631,3032208.2499584653
890000,40000,4012482.7432223326,2781241.1005719756
890000,50000,3733312.553289237,2587735.075826206
890000,60000,3506591.030233142,2430583.7913177283
890000,70000,3316077.840380184,2298530.891556056
890000,80000,3152085.6407853053,2184863.661621001
890000,90000,3008378.1366043678,2085264.0796618708
890000,100000,2880714.3290143814,1996800.4464969912
890000,110000,2766088.4758167122,1917400.4179404234
890000,120000,2662299.5444018776,1845551.7277260602
890000,130000,2567691.255858898,1780120.8247581974
890000,140000,2480987.2250176156,1720237.4357399424
890000,150000,2401182.454808838,1665218.4065953372
890000,160000,2327469.8570695273,1614516.1163267323
890000,170000,2259189.4552009213,1567682.8977628252
890000,180000,2195792.4894290143,1524346.021899463
890000,190000,2136815.765510443,1484189.9532069245
890000,200000,2081863.0546975262,1446943.6044766547
890000,210000,2030591.3256517767,1412371.0049422514
890000,220000,1982700.5475963072,1380264.4726113477
890000,230000,1937925.903611599,1350439.4614850222
890000,240000,1896031.8819374675,1322730.6995910562
890000,250000,1856807.605261972,1296989.1649064035
890000,260000,1820063.222781524,1273079.7739677478
890000,270000,1785626.9715055446,1250879.5087304558
890000,280000,1753342.7979724337,1230275.906904492
890000,290000,1723068.4205306463,1211165.8348505534
890000,300000,1694673.7252240914,1193454.4710857298
890000,310000,1668039.3780567937,1177054.421243038
890000,320000,1643055.7002563109,1161885.0000414737
890000,330000,1619621.6470776822,1147871.5715309554
890000,340000,1597643.966123419,1134945.0026791277
890000,350000,1577036.4528036283,1123041.1751534457
890000,360000,1557719.2759760148,1112100.5377712855
890000,370000,1539618.4222050568,1102067.7355032885
890000,380000,1522665.1668281874,1092891.2515726543
890000,390000,1506795.6224966983,1084523.099557874
890000,400000,1491950.32283313,1076918.5363703365
890000,410000,1478073.8685605812,1070035.8164830822
890000,420000,1465114.5711701212,1063835.9419062613
890000,430000,1453024.1884321552,1058282.4752789005
890000,440000,1441757.6270170165,1053341.3283806401
890000,450000,1431272.701406701,1048980.588718524
890000,460000,1421529.9299493565,1045170.3726182672
890000,470000,1412492.2949389466,1041882.650996172
890000,480000,1404125.0920355096,1039091.1390415819
890000,490000,1396395.7524660188,1036771.166155118
890000,500000,1389273.6714233323,1034899.5489633919
890000,510000,1382730.0806146031,1033454.4970830182
890000,520000,1376737.916441346,1032415.5148690266
890000,530000,1371271.7089414725,1031763.3188978382
890000,540000,1366307.4388053839,1031479.7301825633
890000,550000,1361822.4842090812,1031547.6349497425
890000,560000,1357795.4894248527,1031950.885196171
890000,570000,1354206.290176677,1032674.2421434547
890000,580000,1351035.8512052891,1033703.3297987994
890000,590000,1348266.1622864613,1035024.5546136597
890000,600000,1345880.1967499661,1036625.0755087739
890000,610000,1343861.8370917067,1038492.7459613596
890000,620000,1342195.8169114734,1040616.07082444
890000,630000,1340867.6653745372,1042984.1625866506
890000,640000,1339863.6737175835,1045586.717151961
890000,650000,1339170.8269051549,1048413.9605694679
890000,660000,1338776.761732238,1051456.6170593007
890000,670000,1338669.7530111973,1054705.8987765405
890000,680000,1338838.6481127802,1058153.4554060125
890000,690000,1339272.8460197146,1061791.3578105897
890000,700000,1339962.2594244836,1065612.069223548
890000,710000,1340897.2870670992,1069608.4237788944
890000,720000,1342068.7901399063,1073773.608790098
890000,730000,1343468.0519231914,1078101.1325760302
890000,740000,1345086.7737399356,1082584.8231192196
890000,750000,1346917.040838505,1087218.8002667523
890000,760000,1348951.290205004,1091997.451176944
890000,770000,1351182.3205790457,1096915.439259306
890000,780000,1353603.231488524,1101967.6552541144
890000,790000,1356207.4531749166,1107149.2424300523
890000,800000,1358988.6908328664,1112455.5518715088
890000,810000,1361940.929101664,1117882.1465562736
890000,820000,1365058.4193456008,1123424.7926874221
890000,830000,1368335.6447770074,1129079.430431731
890000,840000,1371767.3397092614,1134842.1912321618
890000,850000,1375348.4552129,1140709.37003488
890000,860000,1379074.1444418814,1146677.4138408806
890000,870000,1382939.7741119796,1152742.9317512612
890000,880000,1386940.8958478281,1158902.6717145853
890000,890000,1391073.2372280755,1165153.5142692428
890000,900000,1395332.7059931078,1171492.475728751
890000,910000,1399715.3672171873,1177916.6903884977
890000,920000,1404217.4481475847,1184423.4149050254
890000,930000,1408835.3152654378,1191010.0095302726
890000,940000,1413565.4888362873,1197673.9509149622
890000,950000,1418404.613618835,1204412.808322563
890000,960000,1423349.4658052097,1211224.2493716984
890000,970000,1428396.940281547,1218106.0297895963
890000,980000,1433544.0609620942,1225056.0033780416
890000,990000,1438787.9510035738,1232072.0966661633
890000,1000000,1444125.8403822035,1239152.3154833359
900000,10000,5849894.041905625,4054837.561721305
900000,20000,4957148.6806927305,3436033.6316386173
900000,30000,4437965.753872593,3076163.449718404
900000,40000,4071745.113578891,2822318.645484733
900000,50000,3789354.0303859245,2626580.066744449
900000,60000,3560000.055082887,2467604.091076407
900000,70000,3367260.051350237,2334007.586840945
900000,80000,3201337.0296762795,2219001.6474115863
900000,90000,3055923.146487281,2118218.30415409
900000,100000,2926727.7101984876,2028690.927873736
900000,110000,2810708.8687503044,1948321.6080418522
900000,120000,2705638.5776795526,1875578.857404193
900000,130000,2609840.0115154325,1809314.492276521
900000,140000,2522021.030484811,1748647.0700697573
900000,150000,2441164.4886751156,1692884.9138986354
900000,160000,2366453.926546304,1641473.937823802
900000,170000,2297222.1135474094,1593961.5852114367
900000,180000,2232914.672339734,1549971.4515572889
900000,190000,2173064.0413794424,1509185.245424113
900000,200000,2117270.548888808,1471329.794191684
900000,210000,2065188.4555327978,1436167.5625423726
900000,220000,2016515.5434409378,1403489.66227605
900000,230000,1970985.2280185493,1373110.61925069
900000,240000,1928360.511184363,1344864.4089632465
900000,250000,1888429.2820006285,1318601.4087169298
900000,260000,1851000.6013992063,1294186.0097190284
900000,270000,1815901.7579251372,1271494.7396640414
900000,280000,1782975.8362746213,1250414.7165861593
900000,290000,1752079.769776096,1230842.4163163954
900000,300000,1723082.7173538601,1212682.6443389284
900000,310000,1695864.6588021675,1195847.640903881
900000,320000,1670315.2596793834,1180256.3577954639
900000,330000,1646332.8544766272,1165833.8034540666
900000,340000,1623823.592460525,1152510.4899394198
900000,350000,1602700.6948219826,1140221.9475541308
900000,360000,1582883.774240255,1128908.2747682182
900000,370000,1564298.269231578,1118513.7617336102
900000,380000,1546874.9387835425,1108986.5503950948
900000,390000,1530549.392585263,1100278.3150661278
900000,400000,1515261.672029972,1092343.9742241914
900000,410000,1500955.8975545468,1085141.4470985618
900000,420000,1487579.925125931,1078631.4130869063
900000,430000,1475085.0719015084,1072777.1190981017
900000,440000,1463425.809532411,1067544.1614591233
900000,450000,1452559.5444816265,1062900.3290269657
900000,460000,1442446.3898785904,1058815.4392919857
900000,470000,1433048.9373601228,1055261.172502402
900000,480000,1424332.1168280311,1052210.9697497466
900000,490000,1416262.993209602,1049639.8844777618
900000,500000,1408810.622520709,1047524.476227208
900000,510000,1401945.8989538872,1045842.6978663101
900000,520000,1395641.434878301,1044573.8059419956
900000,530000,1389871.4553947935,1043698.2829657639
900000,540000,1384611.64397636,1043197.7210493537
900000,550000,1379839.0887965658,1043054.7826568253
900000,560000,1375532.163324893,1043253.1096032289
900000,570000,1371670.4357568629,1043777.2559337737
900000,580000,1368234.6135054529,1044612.6449388878
900000,590000,1365206.4496314225,1045745.4989730129
900000,600000,1362568.676588877,1047162.78872595
900000,610000,1360304.9521491434,1048852.1921724223
900000,620000,1358399.7937060653,1050802.0446810625
900000,630000,1356838.5196488996,1053001.2937761585
900000,640000,1355607.2255373679,1055439.481587539
900000,650000,1354692.6929216757,1058106.674795419
900000,660000,1354082.3881197164,1060993.4634853217
900000,670000,1353764.3970325058,1064090.9116607814
900000,680000,1353727.3961888696,1067390.534307295
900000,690000,1353960.6242952636,1070884.2765335476
900000,700000,1354453.8339030368,1074564.4754474533
900000,710000,1355197.2677289082,1078423.842614295
900000,720000,1356181.6476240444,1082455.4553078355
900000,730000,1357398.1107039594,1086652.707359353
900000,740000,1358838.2254999657,1091009.3218328068
900000,750000,1360493.942225498,1095519.3124433218
900000,760000,1362357.5792659647,1100176.9733118159
900000,770000,1364421.8090284385,1104976.8683491368
900000,780000,1366679.6183327,1109913.799829695
900000,790000,1369124.3217580188,1114982.819903375
900000,800000,1371749.5162765665,1120179.1947105962
900000,810000,1374549.0879743597,1125498.4100956456
900000,820000,1377517.1843624148,1130936.150556199
900000,830000,1380648.194808576,1136488.282578007
900000,840000,1383936.7551826376,1142150.860544866
900000,850000,1387377.7304347681,1147920.1118577179
900000,860000,1390966.1900890183,1153792.4182480606
900000,870000,1394697.4135782134,1159764.3204167807
900000,880000,1398566.8690274383,1165832.5007144562
900000,890000,1402570.2164020129,1171993.7874348925
900000,900000,1406703.2789947712,1178245.1304964062
900000,910000,1410962.053372144,1184583.6106887502
900000,920000,1415342.7006222697,1191006.4335267297
900000,930000,1419841.512287827,1197510.9003827814
900000,940000,1424454.949304318,1204094.4419912277
900000,950000,1429179.5904022227,1210754.576054596
900000,960000,1434012.1529421033,1217488.9245514527
900000,970000,1438949.4761352052,1224295.2004621394
900000,980000,1443988.5223603586,1231171.209338488
900000,990000,1449126.3561378883,1238114.831626133
900000,1000000,1454360.1649857198,1245124.041210604
910000,10000,5929319.2354812315,4109890.9107136647
910000,20000,5026573.412429855,3484155.18870334
910000,30000,4501540.058683043,3120229.7998538245
910000,40000,4131167.8762877556,2863507.3659070753
910000,50000,3845555.9373812918,2665536.2593539776
910000,60000,3613569.5606256765,2504735.6297693816
910000,70000,3418602.853096307,2369595.608740473
910000,80000,3250749.2073465744,2253251.134681382
910000,90000,3103629.3582859347,2151284.4047176116
910000,100000,2972902.9682709253,2060693.916890294
910000,110000,2855492.1597617464,1979356.2710972165
910000,120000,2749141.8978183465,1905720.7817048635
910000,130000,2652154.8047019304,1838624.6255058215
910000,140000,2563222.9268127424,1777175.1379033173
910000,150000,2481316.9179832465,1720672.0662442846
910000,160000,2405610.8670267086,1668554.7839572784
910000,170000,2335430.2246734556,1620365.7796394825
910000,180000,2270214.919530842,1575724.9011360658
910000,190000,2209492.9486624203,1534311.032862515
910000,200000,2152861.1583303087,1495848.8757179754
910000,210000,2099971.046520788,1460099.2806115586
910000,220000,2050518.1855115895,1426852.1288474773
910000,230000,2004234.1836387147,1395920.984664969
910000,240000,1960880.5603092953,1367139.0697235505
910000,250000,1920243.9472258799,1340356.142001706
910000,260000,1882132.316909205,1315436.0664756896
910000,270000,1846372.0072561968,1292254.9154317414
910000,280000,1812805.2492564288,1270699.3941863105
910000,290000,1781288.2007536888,1250665.596550799
910000,300000,1751689.291836019,1232057.956155562
910000,310000,1723887.8289261917,1214788.3594949013
910000,320000,1697772.8410659381,1198775.4116244828
910000,330000,1673242.0433064417,1183943.7692433884
910000,340000,1650201.0068893249,1170223.6065819259
910000,350000,1628562.3789716826,1157550.1056642584
910000,360000,1608245.2304552628,1145863.0274597923
910000,370000,1589174.4715096387,1135106.32390314
910000,380000,1571280.3544360376,1125227.8050657054
910000,390000,1554497.9840498448,1116178.8068261635
910000,400000,1538766.9250956737,1107913.922725789
910000,410000,1524030.8316832918,1100390.7484179796
910000,420000,1510237.1151800386,1093569.6506382017
910000,430000,1497336.6459073157,1087413.5576430692
910000,440000,1485283.4816825448,1081887.7672834983
910000,450000,1474034.6166673473,1076959.7682803343
910000,460000,1463549.7674916356,1072599.0862501336
910000,470000,1453791.1534426732,1068777.125555223
910000,480000,1444723.330487921,1065467.0484367772
910000,490000,1436313.011253913,1062643.6433836452
910000,500000,1428528.9077023584,1060283.2102881733
910000,510000,1421341.5837583665,1058363.4510170675
910000,520000,1414723.3401987115,1056863.3844777755
910000,530000,1408648.0899618163,1055763.254107785
910000,540000,1403091.2243502706,1055044.4278335082
910000,550000,1398029.5506973888,1054689.3508476042
910000,560000,1393441.1689120552,1054681.4540775884
910000,570000,1389305.3823141153,1055005.08583869
910000,580000,1385602.6516113544,1055645.478066148
910000,590000,1382314.4816407932,1056588.659610714
910000,600000,1379423.3711155434,1057821.4188741336
910000,610000,1376912.757042479,1059331.2615637188
910000,620000,1374766.9426398021,1061106.3552514357
910000,630000,1372971.037417222,1063135.484131955
910000,640000,1371510.9312568735,1065408.0292486914
910000,650000,1370373.2255812262,1067913.9156206034
910000,660000,1369545.1907252131,1070643.5797006215
910000,670000,1369014.7412082131,1073587.9506500196
910000,680000,1368770.3866911104,1076738.4125406158
910000,690000,1368801.192334859,1080086.7736644421
910000,700000,1369096.7583648672,1083625.251840637
910000,710000,1369647.1764470427,1087346.4392926209
910000,720000,1370443.020010854,1091243.2968982127
910000,730000,1371475.2903978187,1095309.111499328
910000,740000,1372735.414247582,1099537.494462185
910000,750000,1374215.2152387626,1103922.3600573994
910000,760000,1375906.8866814042,1108457.9040613503
910000,770000,1377802.9798501427,1113138.5948725499
910000,780000,1379896.363670519,1117959.1423142287
910000,790000,1382180.2431839972,1122914.5124160878
910000,800000,1384648.105361064,1127999.8847093417
910000,810000,1387293.737404269,1133210.6677664765
910000,820000,1390111.1784064032,1138542.4603969462
910000,830000,1393094.7262513118,1143991.057617823
910000,840000,1396238.9256486013,1149552.4424859562
910000,850000,1399538.5481948876,1155222.7689383826
910000,860000,1402988.5787776737,1160998.3525147247
910000,870000,1406584.2107792676,1166875.6664774541
910000,880000,1410320.8387551233,1172851.3360685776
910000,890000,1414194.033266596,1178922.1185363769
910000,900000,1418199.5524515253,1185084.9138216572
910000,910000,1422333.3214705966,1191336.7471957444
910000,920000,1426591.4261462954,1197674.7647627678
910000,930000,1430970.0887527817,1204096.2138412478
910000,940000,1435465.7105097354,1210598.479326376
910000,950000,1440074.8040915376,1217179.0267123722
910000,960000,1444794.0300679028,1223835.4344989948
910000,970000,1449620.1599910262,1230565.36225994
910000,980000,1454550.1085126656,1237366.5791126636
910000,990000,1459580.8828976837,1244236.9212100708
910000,1000000,1464709.6135734483,1251174.3175257428
920000,10000,6008902.961264528,4165054.1458588154
920000,20000,5096156.6920905365,3532386.6428142544
920000,30000,4565272.919775852,3164406.0528293145
920000,40000,4190749.2219585874,2904806.007664602
920000,50000,3901916.466190035,2704602.400358215
920000,60000,3667297.749806839,2541977.1614585156
920000,70000,3470104.430633267,2405293.697537983
920000,80000,3300320.3683502343,2287610.8665266344
920000,90000,3151494.91641333,2184461.082036583
920000,100000,3019238.218620305,2092808.0818158325
920000,110000,2900436.398599654,2010503.0130585188
920000,120000,2792807.4809659454,1935976.0351174828
920000,130000,2694633.5182080823,1868049.6714980467
920000,140000,2604590.7205075216,1805820.0098879524
920000,150000,2521637.466765711,1748578.1541344465
920000,160000,2444938.3297544043,1695756.8734549808
920000,170000,2373811.369980477,1646893.6325066183
920000,180000,2307690.7512304466,1601604.463820971
920000,190000,2246099.9669174342,1559565.3679060012
920000,200000,2188632.3296275926,1520498.869256502
920000,210000,2134936.5278083286,1484164.1611923047
920000,220000,2084705.891457121,1450349.8632388737
920000,230000,2037670.2034229068,1418868.5589269046
920000,240000,1993589.4781601832,1389552.6962466096
920000,250000,1952249.0702145556,1362251.3975018878
920000,260000,1913455.870501276,1336828.0052203618
920000,270000,1877035.2633179068,1313158.1342207382
920000,280000,1842828.6262015102,1291128.078336518
920000,290000,1810691.3420254653,1270633.5512953745
920000,300000,1780491.1308426133,1251578.6301484678
920000,310000,1752106.631555431,1233874.8542052838
920000,320000,1725426.2367577448,1217440.4844227664
920000,330000,1700347.0672729132,1202199.8462337567
920000,340000,1676774.1148215341,1188082.7778918294
920000,350000,1654619.4763046992,1175024.132374829
920000,360000,1633801.681726988,1162963.3366563858
920000,370000,1614245.1282413402,1151844.0177637618
920000,380000,1595879.5629713566,1141613.6574474112
920000,390000,1578639.6068133935,1132223.2702404864
920000,400000,1562464.3565343001,1123627.1331385116
920000,410000,1547297.0074570815,1115782.525685252
920000,420000,1533084.5221720547,1108649.5006822695
920000,430000,1519777.352000021,1102190.6893228083
920000,440000,1507329.1354725994,1096371.08887499
920000,450000,1495696.46339885,1091157.8952694112
920000,460000,1484838.6702135832,1086520.3546607366
920000,470000,1474717.5949405213,1082429.5904710074
920000,480000,1465297.4323779517,1078858.4962921662
920000,490000,1456544.5477438462,1075781.6006489838
920000,500000,1448427.312627548,1073174.9468088204
920000,510000,1440915.9719810118,1071015.995124776
920000,520000,1433982.5027066907,1069283.5184134683
920000,530000,1427600.5268935275,1067957.5373718492
920000,540000,1421745.13705954,1067019.1909795227
920000,550000,1416392.8643956934,1066450.7117890113
920000,560000,1411521.5367312643,1066235.3207976788
920000,570000,1407110.1971622717,1066357.1649765708
920000,580000,1403139.0590272024,1066801.283862778
920000,590000,1399589.386461383,1067553.5197067668
920000,600000,1396443.4444734515,1068600.4786574047
920000,610000,1393684.4508143873,1069929.4951796597
920000,620000,1391296.4883254902,1071528.56486319
920000,630000,1389264.4653291358,1073386.314254363
920000,640000,1387574.0763535406,1075491.971429583
920000,650000,1386211.7240193062,1077835.305640501
920000,660000,1385164.5001449008,1080406.6132154136
920000,670000,1384420.1451206442,1083196.6864025663
920000,680000,1383966.9944794425,1086196.772753463
920000,690000,1383793.9500764853,1089398.552056306
920000,700000,1383890.4592128831,1092794.121798251
920000,710000,1384246.4596385919,1096375.9532263423
920000,720000,1384852.3779493817,1100136.8915458205
920000,730000,1385699.0764139143,1104070.114432681
920000,740000,1386777.8480595858,1108169.1279224067
920000,750000,1388080.3825960387,1112427.741020164
920000,760000,1389598.7530070834,1116840.054779389
920000,770000,1391325.3895520768,1121400.4424174216
920000,780000,1393253.044009571,1126103.5217243067
920000,790000,1395374.8067861767,1130944.1683192782
920000,800000,1397684.0633255562,1135917.4821300504
920000,810000,1400174.4902111222,1141018.7848040552
920000,820000,1402840.0302941392,1146243.5994350917
920000,830000,1405674.8861989384,1151587.6467933697
920000,840000,1408673.5084057194,1157046.8352740363
920000,850000,1411830.5783479433,1162617.248549746
920000,860000,1415140.9930102099,1168295.1331254274
920000,870000,1418599.864570233,1174076.8985238846
920000,880000,1422202.503409707,1179959.1040160723
920000,890000,1425944.4090255434,1185938.4519257022
920000,900000,1429821.2579926718,1192011.7777176164
920000,910000,1433828.907614026,1198176.0538808724
920000,920000,1437963.3675390934,1204428.3667970437
920000,930000,1442220.8012688009,1210765.9185263293
920000,940000,1446597.5376728405,1217186.036779554
920000,950000,1451090.0272981995,1223686.1390732664
920000,960000,1455694.8719368398,1230263.7581926002
920000,970000,1460408.7842290518,1236916.5078101782
920000,980000,1465228.6205608663,1243642.1115444489
920000,990000,1470151.3342525999,1250438.3639105835
920000,1000000,1475173.9997902717,1257303.1506052096
930000,10000,6088643.5103041595,4220326.082601936
930000,20000,5165896.793535364,3580726.797502696
930000,30000,4629162.634300274,3208691.0283186953
930000,40000,4250487.440134742,2946213.385158637
930000,50000,3958433.912675496,2743777.308516972
930000,60000,3721182.9114042646,2579327.4997451906
930000,70000,3521763.0725650145,2441100.665522007
930000,80000,3350048.7678773827,2322079.628650612
930000,90000,3199518.0572489547,2217747.1017595306
930000,100000,3065731.638126761,2125032.1356349834
930000,110000,2945539.7126849764,2041760.4968245863
930000,120000,2836633.3772932445,1966343.2075869793
930000,130000,2737274.130995638,1897588.1490683714
930000,140000,2646122.300224154,1834580.1195030753
930000,150000,2562123.9422840797,1776601.5322364962
930000,160000,2484434.049647418,1723078.4898830957
930000,170000,2412363.211162405,1673543.3579144243
930000,180000,2345339.7706779763,1627608.2972628737
930000,190000,2282882.654542857,1584946.364270064
930000,200000,2224581.5829334427,1545277.8523322595
930000,210000,2170082.405904952,1508360.2657570692
930000,220000,2119076.1594285136,1473980.9175022603
930000,230000,2071290.7838734372,1441951.3920056666
930000,240000,2026484.764243082,1412103.3420067695
930000,250000,1984442.177837715,1384285.2513453197
930000,260000,1944968.816491559,1358359.926503678
930000,270000,1907889.1111225495,1334202.5249129366
930000,280000,1873043.5893455716,1311698.9319386268
930000,290000,1840286.8690611725,1290744.489736446
930000,300000,1809485.960967068,1271242.921124282
930000,310000,1780518.8393932702,1253105.422506919
930000,320000,1753273.2802673595,1236249.927131211
930000,330000,1727645.8124583222,1220600.4333514867
930000,340000,1703540.8662114271,1206086.4586633174
930000,350000,1680869.9903420622,1192642.5314156201
930000,360000,1659551.18891993,1180207.7575097163
930000,370000,1639508.3572815617,1168725.4495386286
930000,380000,1620670.7477444562,1158142.7706374938
930000,390000,1602972.5032418354,1148410.420605871
930000,400000,1586352.2605057056,1139482.3674112868
930000,410000,1570752.7707134811,1131315.5870929465
930000,420000,1556120.5540102676,1123869.8247139747
930000,430000,1542405.6504950963,1117107.4220017726
930000,440000,1529561.2806536495,1110993.0776441041
930000,450000,1517543.650140535,1105493.7097526004
930000,460000,1506311.7053490828,1100578.2815110194
930000,470000,1495826.9190927406,1096217.6472063817
930000,480000,1486053.130204206,1092384.436583163
930000,490000,1476956.354627908,1089052.9176220158
930000,500000,1468504.6371915874,1086198.8880342206
930000,510000,1460667.8986655904,1083799.5634683985
930000,520000,1453417.811410862,1081833.485292056
930000,530000,1446727.6894909337,1080280.4398741052
930000,540000,1440572.3443431833,1079121.3504978232
930000,550000,1434928.0294249956,1078338.2369162692
930000,560000,1429772.3031807223,1077914.1120278838
930000,570000,1425083.9549694688,1077832.9271068624
930000,580000,1420842.9468185776,1078079.5268899587
930000,590000,1417030.3043547496,1078639.568140135
930000,600000,1413628.0669658089,1079499.481567508
930000,610000,1410619.227280374,1080646.4263247736
930000,620000,1407987.6599544727,1082068.2351940575
930000,630000,1405718.067349955,1083753.373922951
930000,640000,1403795.9405286782,1085690.9112378224
930000,650000,1402207.5017726375,1087870.475065414
930000,660000,1400939.6567177994,1090282.2156832772
930000,670000,1399979.9706217041,1092916.788038067
930000,680000,1399316.6064818273,1095765.3039556607
930000,690000,1398938.3088730816,1098819.3199459047
930000,700000,1398834.3650843627,1102070.8071762987
930000,710000,1398994.5643717546,1105512.1205765738
930000,720000,1399409.1882684096,1109135.9912051626
930000,730000,1400068.9549146367,1112935.4830983286
930000,740000,1400965.0302431225,1116904.0025407781
930000,750000,1402088.9718754194,1121035.254417664
930000,760000,1403432.723797782,1125323.238415662
930000,770000,1404988.5978291794,1129762.2344671844
930000,780000,1406749.2310328637,1134346.7702943105
930000,790000,1408707.6041155013,1139071.6349723395
930000,800000,1410856.9940429844,1143931.8435821668
930000,810000,1413190.9692723006,1148922.6323760834
930000,820000,1415703.377122403,1154039.4496832665
930000,830000,1418388.324446786,1159277.9406734416
930000,840000,1421240.164641835,1164633.9380480933
930000,850000,1424253.4910751996,1170103.4559555342
930000,860000,1427423.1154378573,1175682.6741773614
930000,870000,1430744.0677168407,1181367.9379401202
930000,880000,1434211.5762188092,1187155.7421545123
930000,890000,1437821.060090797,1193042.7261215216
930000,900000,1441568.1222778708,1199025.6677177486
930000,910000,1445448.5477587967,1205101.4827695906
930000,920000,1449458.2772744328,1211267.204075582
930000,930000,1453593.4065014436,1217519.980571519
930000,940000,1457850.197988658,1223857.0884775675
930000,950000,1462225.0397974064,1230275.8962739184
930000,960000,1466714.470151821,1236773.887037469
930000,970000,1471315.1432076334,1243348.62936103
930000,980000,1476023.8594039765,1249997.8031729811
930000,990000,1480837.515749777,1256719.159025422
930000,1000000,1485753.1385140996,1263510.5454667772
940000,10000,6168539.192657304,4275705.549563932
940000,20000,5235792.052371862,3629174.499099726
940000,30000,4693207.517194423,3253083.5583260646
940000,40000,4310380.859240648,2987728.339740921
940000,50000,4015106.5835255953,2783059.8100969675
940000,60000,3775223.3398169023,2616785.462165571
940000,70000,3573577.06413377,2477015.3228292214
940000,80000,3399932.6897914037,2356656.2271484137
940000,90000,3247697.0395359187,2251141.2461428703
940000,100000,3112381.448929211,2157364.824627493
940000,110000,2990800.2575207003,2073127.4076443485
940000,120000,2880617.688694546,1996820.9287916946
940000,130000,2780074.6640989142,1927238.6110032923
940000,140000,2687815.6017848076,1863453.9385108375
940000,150000,2602774.1993860407,1804740.5943760343
940000,160000,2524095.7977725295,1750517.9484056626
940000,170000,2451083.4597983346,1700313.211249968
940000,180000,2383159.628782585,1653734.5988384387
940000,190000,2319838.619121277,1610452.176243202
940000,200000,2260706.500038933,1570183.9513329156
940000,210000,2205406.228757988,1532685.6901902186
940000,220000,2153626.532588624,1497743.3800381164
940000,230000,2105093.4624765576,1465167.5668078715
940000,240000,2059563.9691479995,1434789.099882601
940000,250000,2016820.834456821,1406455.8088874214
940000,260000,1976668.7446002539,1380029.95809458
940000,270000,1938931.1740166603,1355386.244890536
940000,280000,1903447.8056059654,1332410.1503454878
940000,290000,1870072.4847531565,1310996.640840414
940000,300000,1838671.5235407213,1291049.0941796934
940000,310000,1809122.247889893,1272478.3773040962
940000,320000,1781311.821089895,1255202.100835384
940000,330000,1755136.187150638,1239143.9434977786
940000,340000,1730499.2168773536,1224233.1059590087
940000,350000,1707311.9325976674,1210403.80968425
940000,360000,1685491.8280266277,1197594.8530708302
940000,370000,1664962.288011417,1185749.2304984757
940000,380000,1645652.090925726,1174813.8035453956
940000,390000,1627494.9150948394,1164738.968997698
940000,400000,1610428.9381974237,1155478.3885991615
940000,410000,1594396.4735736707,1146988.7412845902
940000,420000,1579343.621404902,1139229.4823701517
940000,430000,1565219.9980292595,1132162.656526817
940000,440000,1551978.4337744517,1125752.6855335634
940000,450000,1539574.7375589206,1119966.2028386956
940000,460000,1527967.488666318,1114771.9051706293
940000,470000,1517117.790387232,1110140.3762764868
940000,480000,1506989.1313490828,1106043.9873471705
940000,490000,1497547.1900085132,1102456.7553166556
940000,500000,1488759.6825730647,1099354.231945339
940000,510000,1480596.20915046,1096713.3913818307
940000,520000,1473028.1412131833,1094512.5471952884
940000,530000,1466028.496828635,1092731.260654176
940000,540000,1459571.8074038823,1091350.2411034044
940000,550000,1453634.040663853,1090351.2894058689
940000,560000,1448192.49893001,1089717.2213464645
940000,570000,1443225.7180117948,1089431.7923046683
940000,580000,1438713.4103464833,1089479.654216501
940000,590000,1434636.3680703233,1089846.282880214
940000,600000,1430976.401321265,1090517.930662959
940000,610000,1427716.2839601685,1091481.586288741
940000,620000,1424839.6805352895,1092724.9187299842
940000,630000,1422331.0878089292,1094236.2332479297
940000,640000,1420175.8065317408,1096004.449642157
940000,650000,1418359.8623931354,1098019.041892024
940000,660000,1416869.9871254798,1100270.0239611769
940000,670000,1415693.5659355312,1102747.909534727
940000,680000,1414818.5986331636,1105443.6824240058
940000,690000,1414233.6659331417,1108348.7702334085
940000,700000,1413927.898438475,1111455.0212083734
940000,710000,1413890.9333273629,1114754.6704731176
940000,720000,1414112.9128172197,1118240.3398334216
940000,730000,1414584.4115062428,1121904.9800570305
940000,740000,1415296.4622313282,1125741.892958022
940000,750000,1416240.495686727,1129744.6835658948
940000,760000,1417408.3286862168,1133907.251223221
940000,770000,1418792.1563196767,1138223.7844460176
940000,780000,1420384.494420775,1142688.715016359
940000,790000,1422178.2178731076,1147296.7493951097
940000,800000,1424166.4899615136,1152042.8129432814
940000,810000,1426342.7866886659,1156922.069384324
940000,820000,1428700.8443721307,1161929.8795427333
940000,830000,1431234.6769151145,1167061.815987131
940000,840000,1433938.546368808,1172313.6390725297
940000,850000,1436806.9550040513,1177681.2920921743
940000,860000,1439834.6282703239,1183160.8867722065
940000,870000,1443016.5104966452,1188748.7012120802
940000,880000,1446347.7535260215,1194441.1707166468
940000,890000,1449823.6950828473,1200234.8700558434
940000,900000,1453439.8667068705,1206126.5219459007
940000,910000,1457191.9773958225,1212112.982605944
940000,920000,1461075.8991596207,1218191.2309653272
940000,930000,1465087.656361163,1224358.3601645636
940000,940000,1469223.450999695,1230611.5990673394
940000,950000,1473479.6045278918,1236948.264605727
940000,960000,1477852.5961076498,1243365.7936519184
940000,970000,1482339.0185722641,1249861.7064892675
940000,980000,1486935.6171054177,1256433.6405921353
940000,990000,1491639.233898023,1263079.3039735048
940000,1000000,1496446.837155978,1269796.499464913
950000,10000,6248588.364033336,4331191.407009386
950000,20000,5305840.782226752,3677728.5787004456
950000,30000,4757405.891813333,3297582.4806896895
950000,40000,4370427.797440443,3029349.705651375
950000,50000,4071932.811241569,2822448.7492605667
950000,60000,3829417.3802240845,2654349.9014871544
950000,70000,3625544.7562963474,2513036.525302902
950000,80000,3449970.460904269,2391339.498347861
950000,90000,3296030.16772058,2284642.330127752
950000,100000,3159185.9180066767,2189804.927923445
950000,110000,3036216.259531209,2104602.4826062066
950000,120000,2924758.5607963162,2027407.8623580066
950000,130000,2823033.1828505755,1956999.6453318582
950000,140000,2729668.6229194244,1892439.986896128
950000,150000,2643586.157043773,1832993.7847377935
950000,160000,2563921.428058824,1778073.6279368447
950000,170000,2489969.89493325,1727201.5011630743
950000,180000,2421148.05503436,1679981.6269016853
950000,190000,2356965.535473863,1636081.0110706524
950000,200000,2297004.7151824655,1595215.3350422564
950000,210000,2240905.606940904,1557138.5794471626
950000,220000,2188354.6024558153,1521635.3779059614
950000,230000,2139075.8397726202,1488515.2146102379
950000,240000,2092824.6989061919,1457608.10520394
950000,250000,2049382.6548970211,1428761.2138996457
950000,260000,2008553.2960026995,1401836.2662452632
950000,270000,1970159.1255387743,1376707.4886446276
950000,280000,1934038.9730091386,1353259.9519999044
950000,290000,1900045.9329888977,1331388.263067334
950000,300000,1868045.6143910796,1310995.452944375
950000,310000,1837914.6984590427,1291992.063494663
950000,320000,1809539.7385019467,1274295.3868002223
950000,330000,1782816.1216044987,1257828.8038293167
950000,340000,1757647.1611952716,1242521.2024503227
950000,350000,1733943.3539426378,1228306.500023527
950000,360000,1711621.6921981098,1215123.1962317037
950000,370000,1690605.075058579,1202913.987170635
950000,380000,1670821.8027793912,1191625.432108916
950000,390000,1652205.1041986083,1181207.6376587215
950000,400000,1634692.7047344858,1171613.9663838726
950000,410000,1618226.491492724,1162800.8100034015
950000,420000,1602752.1417307693,1154727.3338873931
950000,430000,1588218.8726980106,1147355.3049775753
950000,440000,1574579.116888377,1140648.8644125974
950000,450000,1561788.3037372604,1134574.3743383293
950000,460000,1549804.638338419,1129100.2613943852
950000,470000,1538588.874482886,1124196.854588291
950000,480000,1528104.150943124,1119836.267788917
950000,490000,1518315.8108208019,1115992.2693509024
950000,500000,1509191.2445439252,1112640.1680010613
950000,510000,1500699.748067739,1109756.70941144
950000,520000,1492812.382543238,1107319.9732002432
950000,530000,1485501.8776710024,1105309.3015609197
950000,540000,1478742.4826581334,1103705.188949898
950000,550000,1472509.8997071402,1102489.2327476852
950000,560000,1466781.1619237652,1101644.0425512264
950000,570000,1461534.5556165047,1101153.1812989158
950000,580000,1456749.5558795326,1101001.11756047
950000,590000,1452406.7116109317,1101173.1387005881
950000,600000,1448487.6131521803,1101655.3267538215
950000,610000,1444974.8171134547,1102434.501265702
950000,620000,1441851.7756192368,1103498.165849704
950000,630000,1439102.7810812432,1104834.466259389
950000,640000,1436712.9465232997,1106432.1753351286
950000,650000,1434668.111756081,1108280.6218865868
950000,660000,1432954.8194582318,1110369.6718259258
950000,670000,1431560.2856820768,1112689.7060341
950000,680000,1430472.3457529661,1115231.5793518305
950000,690000,1429679.4152947112,1117986.589771337
950000,700000,1429170.4732905985,1120946.4662722144
950000,710000,1428935.005332699,1124103.325181341
950000,720000,1428963.0105228669,1127449.6753217767
950000,730000,1429244.922508452,1130978.3569864877
950000,740000,1429771.643841606,1134682.5691920887
950000,750000,1430534.4710237659,1138555.8116598646
950000,760000,1431525.1054316354,1142591.8927425505
950000,770000,1432735.6132947195,1146784.8995412828
950000,780000,1434158.4021748803,1151129.1786898407
950000,790000,1435786.2283676201,1155619.3434671273
950000,800000,1437612.157438233,1160250.2423157336
950000,810000,1439629.5526650506,1165016.9502074448
950000,820000,1441832.0580184166,1169914.755524008
950000,830000,1444213.582726604,1174939.1484307337
950000,840000,1446768.303860779,1180085.8226558042
950000,850000,1449490.633128691,1185350.6504605312
950000,860000,1452375.2044531272,1190729.6715564013
950000,870000,1455416.88277883,1196219.101641881
950000,880000,1458610.7349636762,1201815.3093817802
950000,890000,1461952.0275566715,1207514.8144153736
950000,900000,1465436.2109993177,1213314.2751793833
950000,910000,1469058.9227977043,1219210.4921119027
950000,920000,1472815.9667850025,1225200.3909573208
950000,930000,1476703.2994362344,1231281.011803758
950000,940000,1480717.0543989101,1237449.5299490807
950000,950000,1484853.4911549436,1243703.213934998
950000,960000,1489109.0261315857,1250039.45142307
950000,970000,1493480.1981316018,1256455.7214380186
950000,980000,1497963.6865767431,1262949.609430301
950000,990000,1502556.2851767882,1269518.785606984
950000,1000000,1507254.903052284,1276161.0074029395
960000,10000,6328789.397692368,4386782.527368142
960000,20000,5376041.396527725,3726387.936576747
960000,30000,4821756.162951285,3342186.689697229
960000,40000,4430626.653109826,3071076.372728403
960000,50000,4128910.990121679,2861943.0130072334
960000,60000,3883763.4116289173,2692019.6939506857
960000,70000,3677664.5092078065,2549163.13529982
960000,80000,3500160.4449914712,2426128.30461249
960000,90000,3344515.784283475,2318249.195932133
960000,100000,3206143.3535754997,2222351.254862896
960000,110000,3081785.9720410695,2136184.479931919
960000,120000,2969054.1906822915,2058102.7109843865
960000,130000,2866147.82491399,1986869.8945007985
960000,140000,2771679.415697368,1921536.827354774
960000,150000,2684557.791453919,1861359.5928095055
960000,160000,2603908.834202204,1805743.9409977712
960000,170000,2529020.352726976,1754206.5821622338
960000,180000,2459302.8237311877,1706347.6771682885
960000,190000,2394261.134872866,1661831.1213223068
960000,200000,2333473.9179254896,1620370.2165442605
960000,210000,2276578.2174583077,1581717.13011065
960000,220000,2223258.0257229814,1545655.088499175
960000,230000,2173235.555691006,1511992.4985534023
960000,240000,2126264.5970866675,1480558.5233879786
960000,250000,2082125.3085424074,1451199.6515455479
960000,260000,2040620.1529159215,1423777.0485774265
960000,270000,2001570.6676885928,1398164.472653378
960000,280000,1964814.8387575708,1374246.5913245494
960000,290000,1930204.9913804154,1351917.6394865396
960000,300000,1897606.047758191,1331080.314274608
960000,310000,1866894.0478476444,1311644.836683496
960000,320000,1837954.9541107425,1293528.1955253931
960000,330000,1810683.5790313887,1276653.4638523832
960000,340000,1784982.7043959785,1260949.2369294143
960000,350000,1760762.3160850778,1246349.14103444
960000,360000,1737938.9006022983,1232791.3762071645
960000,370000,1716434.8872746713,1220218.353790869
960000,380000,1696178.1103812566,1208576.3415343058
960000,390000,1677101.346425355,1197815.156018037
960000,400000,1659141.8913314708,1187887.8785957138
960000,410000,1642241.200831634,1178750.6122495497
960000,420000,1626344.5539337192,1170362.251653736
960000,430000,1611400.756803655,1162684.279131071
960000,440000,1597361.860658302,1155680.568409076
960000,450000,1584182.925208897,1149317.2190456598
960000,460000,1571821.7876111425,1143562.393184631
960000,470000,1560238.847441219,1138386.162786412
960000,480000,1549396.904554686,1133760.3934381679
960000,490000,1539260.977212579,1129658.6136109387
960000,500000,1529798.134971983,1126055.8935567238
960000,510000,1520977.356370601,1122928.7415084764
960000,520000,1512769.4164640065,1120255.0212746284
960000,530000,1505146.7546309987,1118013.855663621
960000,540000,1498083.3369821978,1116185.5238575563
960000,550000,1491554.6028167768,1114751.4226445917
960000,560000,1485537.3242784615,1113693.9614809705
960000,570000,1480009.5409046193,1112996.5134974336
960000,580000,1474950.4802315007,1112643.3566620816
960000,590000,1470340.4670517633,1112619.6049423616
960000,600000,1466160.8649447262,1112911.1644865575
960000,610000,1462394.0135887128,1113504.6863970272
960000,620000,1459023.160775933,1114387.5151517845
960000,630000,1456032.397397824,1115547.6394950892
960000,640000,1453406.6400961818,1116973.6790646582
960000,650000,1451131.5427979769,1118654.8171969464
960000,660000,1449193.4760853117,1120580.7850058828
960000,670000,1447579.4821120407,1122741.827320988
960000,680000,1446277.2208766076,1125128.66133117
960000,690000,1445274.9569745779,1127732.4666628232
960000,700000,1444561.5077833524,1130544.845319141
960000,710000,1444126.2172467136,1133557.8021070093
960000,720000,1443958.9353659765,1136763.7288766121
960000,730000,1444049.9639519916,1140155.3622411205
960000,740000,1444390.0649972986,1143725.790736307
960000,750000,1444970.414175013,1147468.4185789144
960000,760000,1445782.5784365817,1151376.9489037534
960000,770000,1446818.5156225348,1155445.38327601
960000,780000,1448070.5116824019,1159667.9726785624
960000,790000,1449531.217546715,1164039.2475781168
960000,800000,1451193.584072503,1168553.965947918
960000,810000,1453050.8744815486,1173207.1242511217
960000,820000,1455096.6348208329,1177993.9339655272
960000,830000,1457324.67911039,1182909.810156115
960000,840000,1459729.0860458687,1187950.3694434282
960000,850000,1462304.18184297,1193111.4167263128
960000,860000,1465044.5156590978,1198388.925471207
960000,870000,1467944.8636942192,1203779.0414172453
960000,880000,1471000.217552142,1209278.07451732
960000,890000,1474205.7586061496,1214882.4772367901
960000,900000,1477556.8709653565,1220588.856479421
960000,910000,1481049.1148580112,1226393.951727701
960000,920000,1484678.2193159808,1232294.6301926163
960000,930000,1488440.0836850256,1238287.8876286135
960000,940000,1492330.7639015103,1244370.8382945207
960000,950000,1496346.4622883913,1250540.7060093896
960000,960000,1500483.5367895784,1256794.833151041
960000,970000,1504738.4570514315,1263130.6441175693
960000,980000,1509107.857739073,1269545.6901148357
960000,990000,1513588.4618800196,1276037.5858488686
960000,1000000,1518177.1401542802,1282604.059290634
970000,10000,6409140.725423087,4442477.823638936
970000,20000,5446392.327988197,3775151.4863683367
970000,30000,4886256.767613289,3386895.1019631056
970000,40000,4490975.856418279,3112907.252848222
970000,50000,4186039.5454525915,2901541.5098181795
970000,60000,3938259.875140567,2729793.75886986
970000,70000,3729934.7611016785,2585394.0694176527
970000,80000,3550501.05089801,2461021.5399166765
970000,90000,3393152.281082677,2351960.7208295674
970000,100000,3253252.1075765695,2255002.64658812
970000,110000,3127507.6983572464,2167872.194797645
970000,120000,3013502.8242770056,2088904.2144080165
970000,130000,2909416.75736258,2016848.0253768845
970000,140000,2813846.084833083,1950743.0638555996
970000,150000,2725687.134473546,1889836.552047322
970000,160000,2644055.9870898174,1833527.3594281178
970000,170000,2568232.7291664374,1781326.8562787548
970000,180000,2497621.767847306,1732831.0921493291
970000,190000,2431723.20537006,1687700.8049510552
970000,200000,2370111.867133337,1645646.8627671285
970000,210000,2312421.776809585,1606419.5715997864
970000,220000,2258334.507025676,1569800.7274875313
970000,230000,2207570.3097907356,1535597.6277467683
970000,240000,2159881.365948156,1503638.5645927568
970000,250000,2115046.5000162465,1473769.3348371915
970000,260000,2072867.0397250676,1445850.5348875166
970000,270000,2033163.5531200608,1419755.4509545881
970000,280000,1995773.1749495438,1395368.3417496036
970000,290000,1960547.4745433172,1372583.080114737
970000,300000,1927350.6786201634,1351302.0242892106
970000,310000,1896058.1987756926,1331435.0847466302
970000,320000,1866555.4024397982,1312898.9461541644
970000,330000,1838736.5470120332,1295616.3892014008
970000,340000,1812503.890198465,1279515.7241818232
970000,350000,1787766.9036309924,1264530.2859707046
970000,360000,1764441.5902951907,1250597.9928819733
970000,370000,1742449.9140404866,1237660.9768090069
970000,380000,1721719.2480289063,1225665.219529312
970000,390000,1702181.9346003649,1214560.2625528306
970000,400000,1683774.8357848178,1204298.9048180655
970000,410000,1666438.999638793,1194836.979337241
970000,420000,1650119.2943126129,1186133.1027747302
970000,430000,1634764.142005306,1178148.4937797168
970000,440000,1620325.2130998706,1170846.7606115846
970000,450000,1606757.1955967161,1164193.740069418
970000,460000,1594017.5703504162,1158157.3396847416
970000,470000,1582066.3921163555,1152707.382134867
970000,480000,1570866.1233592646,1147815.4869535114
970000,490000,1560381.4614811784,1143454.946735247
970000,500000,1550579.1565450265,1139600.5949111928
970000,510000,1541427.8911293999,1136228.7187965922
970000,520000,1532898.1366967396,1133316.954539072
970000,530000,1524962.053672723,1130844.214260957
970000,540000,1517593.332397409,1128790.568151046
970000,550000,1510767.1498845313,1127137.213096212
970000,560000,1504460.0195474613,1125866.3607468854
970000,570000,1498649.7330784027,1124961.1941932861
970000,580000,1493315.2857985187,1124405.8122768116
970000,590000,1488436.7680040102,1124185.148089318
970000,600000,1483995.320697172,1124284.9355498166
970000,610000,1479973.0698378172,1124691.6599982826
970000,620000,1476353.0576236867,1125392.5061049531
970000,630000,1473119.1786393593,1126375.3096802887
970000,640000,1470256.1561060273,1127628.5394802394
970000,650000,1467749.463851683,1129141.2380789572
970000,660000,1465585.2850975895,1130902.9902194235
970000,670000,1463750.4956782376,1132903.9103632076
970000,680000,1462232.5925377074,1135134.5880135484
970000,690000,1461019.678709099,1137586.0757990114
970000,700000,1460100.4149533967,1140249.8531471454
970000,710000,1459464.0017359182,1143117.812090377
970000,720000,1459100.1450649605,1146182.2310439758
970000,730000,1458999.0074665828,1149435.7374110722
970000,740000,1459151.2200239473,1152871.3166187191
970000,750000,1459547.8263605877,1156482.2691650607
970000,760000,1460180.2764191965,1160262.2058973894
970000,770000,1461040.404786698,1164205.0317538367
970000,780000,1462120.3824970108,1168304.9070107846
970000,790000,1463412.7521074328,1172556.2769793614
970000,800000,1464910.3549712456,1176953.813290936
970000,810000,1466606.3543614885,1181492.4340756997
970000,820000,1468494.1929773057,1186167.2691915208
970000,830000,1470567.5908829845,1190973.660410753
970000,840000,1472820.5349584876,1195907.1517342548
970000,850000,1475247.2586799567,1200963.4751002754
970000,860000,1477842.2263618642,1206138.5375667247
970000,870000,1480600.1333258324,1211428.4213730544
970000,880000,1483515.887470468,1216829.3708862383
970000,890000,1486584.5945959496,1222337.7788997078
970000,900000,1489801.5580904891,1227950.1889524478
970000,910000,1493162.2686822254,1233663.2867560033
970000,920000,1496662.3936130211,1239473.890736997
970000,930000,1500297.744939903,1245378.9279917716
970000,940000,1504064.3264827833,1251375.4722559608
970000,950000,1507958.278001926,1257460.6989010833
970000,960000,1511975.8890402284,1263631.8961084613
970000,970000,1516113.5765051085,1269886.447610463
970000,980000,1520367.9087510386,1276221.8525355048
970000,990000,1524735.561581227,1282635.6889893666
970000,1000000,1529213.346030452,1289125.6382267582
980000,10000,6489640.803293515,4498276.22564968
980000,20000,5516892.0015108045,3824018.13630093
980000,30000,4950906.127385208,3431706.623414017
980000,40000,4551473.839541487,3154841.259277692
980000,50000,4243316.918975745,2941243.1595820235
980000,60000,3992905.1842244477,2767670.996418059
980000,70000,3782353.9262903444,2621728.227779554
980000,80000,3600990.7019848838,2496018.1086285976
980000,90000,3441938.0525926347,2385775.784660354
980000,100000,3300510.5571151683,2287757.9630570314
980000,110000,3173379.768334681,2199664.44292287
980000,120000,3058102.734400073,2119811.1339887874
980000,130000,2952838.2000323464,2046932.7452024596
980000,140000,2856166.7734557325,1980057.3315326474
980000,150000,2766972.2592572886,1918423.2296646412
980000,160000,2684360.8797002155,1861422.3759464954
980000,170000,2607604.9630254754,1808560.7610291985
980000,180000,2536102.780047809,1759430.261652672
980000,190000,2469349.577151575,1713688.3949711004
980000,200000,2406916.351479784,1671043.5669506057
980000,210000,2348434.054989467,1631244.1757802013
980000,220000,2293581.8002650826,1594070.5496769475
980000,230000,2242077.84346009,1559328.8447873923
980000,240000,2193672.7505896506,1526846.4727121568
980000,250000,2148143.9772675293,1496468.5103641157
980000,260000,2105291.721433505,1468054.9860987768
980000,270000,2064935.571132039,1441478.7054095902
980000,280000,2026911.8026563858,1416623.512578266
980000,290000,1991071.2270246008,1393382.917079046
980000,300000,1957277.3879531384,1371658.9477780906
980000,310000,1925405.0658618598,1351361.20412393
980000,320000,1895339.0469117947,1332406.077798953
980000,330000,1866973.0392107763,1314716.0632639087
980000,340000,1840208.7683417893,1298219.1820672976
980000,350000,1814955.2193169903,1282848.4992241107
980000,360000,1791127.9169922476,1268541.6574196084
980000,370000,1768648.360121,1255240.5113791204
980000,380000,1747443.4758023068,1242890.769665702
980000,390000,1727445.1706711315,1231441.6994656252
980000,400000,1708589.8987547471,1220845.8378615764
980000,410000,1690818.2910797978,1211058.742917882
980000,420000,1674074.8236400024,1202038.7682408066
980000,430000,1658307.5339110356,1193746.8701933308
980000,440000,1643467.7179247714,1186146.3972338648
980000,450000,1629509.703964279,1179202.9336713813
980000,460000,1616390.6217231923,1172884.1372055556
980000,470000,1604070.188984599,1167159.5882623864
980000,480000,1592510.5329943353,1162000.6630217186
980000,490000,1581676.0315217038,1157380.4198944182
980000,500000,1571533.1229238147,1153273.4620829967
980000,510000,1562050.1949357823,1149655.8576679816
980000,520000,1553197.4279787836,1146505.0251141898
980000,530000,1544946.6999478724,1143799.663733413
980000,540000,1537271.43281826,1141519.6410337698
980000,550000,1530146.540234997,1139645.95337774
980000,560000,1523548.281556317,1138160.6187459591
980000,570000,1517454.206886692,1137046.6352019934
980000,580000,1511843.0694193167,1136287.9156018624
980000,590000,1506694.7387324977,1135869.222946742
980000,600000,1501990.134206402,1135776.119671339
980000,610000,1497711.169225263,1135994.9264407086
980000,620000,1493840.6831282836,1136512.6705481552
980000,630000,1490362.3699219213,1137317.031752261
980000,640000,1487260.7691858113,1138396.335513201
980000,650000,1484521.1622483437,1139739.4744880693
980000,660000,1482129.56359462,1141335.9014068912
980000,670000,1480072.6726108196,1143175.5926773848
980000,680000,1478337.8264039147,1145249.0124813872
980000,690000,1476912.9658515207,1147547.08642851
980000,700000,1475786.6058794602,1150061.1797536255
980000,710000,1474947.7890135956,1152783.0600350183
980000,720000,1474386.0861618172,1155704.8999505683
980000,730000,1474091.5198691422,1158819.2164772195
980000,740000,1474054.591164571,1162118.893398311
980000,750000,1474266.2152969404,1165597.1297539882
980000,760000,1474717.7199944947,1169247.4403820771
980000,770000,1475400.8186988863,1173063.6347332748
980000,780000,1476307.5704636124,1177039.7854382517
980000,790000,1477430.4041135306,1181170.2476611268
980000,800000,1478762.0569062165,1185449.6118013337
980000,810000,1480295.5902919304,1189872.7154510105
980000,820000,1482024.3449103702,1194434.608638792
980000,830000,1483941.9463489754,1199130.558096591
980000,840000,1486042.289326643,1203956.0361094153
980000,850000,1488319.5154465658,1208906.7020177036
980000,860000,1490768.005616436,1213978.3973210803
980000,870000,1493382.3698162688,1219167.1375023455
980000,880000,1496157.4354260042,1224469.1032963
980000,890000,1499088.2290339854,1229880.625822169
980000,900000,1502169.9802277791,1235398.1903675182
980000,910000,1505398.1084760018,1241018.4267761894
980000,920000,1508768.205810571,1246738.0947205038
980000,930000,1512276.0228047597,1252554.0731522485
980000,940000,1515917.4923518773,1258463.379977755
980000,950000,1519688.6945272,1264463.144407953
980000,960000,1523585.8490732152,1270550.5992436812
980000,970000,1527605.3223859817,1276723.0896313186
980000,980000,1531743.622705167,1282978.067310155
980000,990000,1535997.3687884903,1289313.065918574
980000,1000000,1540363.315388595,1295725.722693922
990000,10000,6570288.075903317,4554176.65527901
990000,20000,5587538.887724307,3872986.82629516
990000,30000,5015702.706439472,3476620.1894954075
990000,40000,4612119.079937409,3196877.336670979
990000,50000,4300741.565957802,2981046.8915638747
990000,60000,4047697.8171324795,2805650.351693131
990000,70000,3834920.479471686,2658164.552458136
990000,80000,3651627.849520626,2531116.9347575884
990000,90000,3490871.547582844,2419693.3055832065
990000,100000,3347917.1165839727,2320616.0913347607
990000,110000,3219400.5674366765,2231560.0805595545
990000,120000,3102852.2553076204,2150822.2764597093
990000,130000,2996410.420641133,2077122.7979922728
990000,140000,2898639.67898509,2009478.3074566924
990000,150000,2808411.291558564,1947118.2342387445
990000,160000,2724821.5763305067,1889427.5380515445
990000,170000,2647135.049815844,1835906.7788770816
990000,180000,2574743.79159974,1786143.6079778112
990000,190000,2507138.1483184863,1739792.277201035
990000,200000,2443885.226789306,1696558.674472456
990000,210000,2384612.8681157976,1656189.251803836
990000,220000,2328997.693029092,1618462.838164388
990000,230000,2276755.941333371,1583184.4268098038
990000,240000,2227636.5227921754,1550180.5141965034
990000,250000,2181415.52818316,1519295.4559643653
990000,260000,2137891.9969166988,1490388.6896929794
990000,270000,2096884.531324187,1463332.5344405805
990000,280000,2058228.5565167144,1438010.4245376303
990000,290000,2021774.1222441294,1414315.5040836788
990000,300000,1987384.08407375,1392149.4696769118
990000,310000,1954932.601523671,1371421.6181266378
990000,320000,1924303.8771235792,1352048.047974093
990000,330000,1895391.0775698903,1333950.974689091
990000,340000,1868095.4193625308,1317058.1492223789
990000,350000,1842325.390543467,1301302.3615039736
990000,360000,1817996.0510620782,1286620.989922377
990000,370000,1795028.4373520724,1272955.6158955886
990000,380000,1773349.0529026957,1260251.692780392
990000,390000,1752889.3730372984,1248458.2186072425
990000,400000,1733585.437531768,1237527.4658284264
990000,410000,1715377.480183063,1227414.73336456
990000,420000,1698209.5922696171,1218078.1190356184
990000,430000,1682029.431676457,1209478.321746207
990000,440000,1666787.927002821,1201578.4370828313
990000,450000,1652439.0502293194,1194343.8003447782
990000,460000,1638939.591269272,1187741.829095904
990000,470000,1626248.923450812,1181741.8570472633
990000,480000,1614328.8596799213,1176315.0332370289
990000,490000,1603143.4526423835,1171434.1789066405
990000,500000,1592658.84670724,1167073.6809645924
990000,510000,1582843.1237331044,1163209.380977853
990000,520000,1573666.1823385695,1159818.486991533
990000,530000,1565099.6216807482,1156879.4893788912
990000,540000,1557116.5992696183,1154372.055884562
990000,550000,1549691.7667785194,1152276.9844004305
990000,560000,1542801.1363982297,1150576.1048084428
990000,570000,1536422.0163990126,1149252.2302273195
990000,580000,1530532.923490522,1148289.0921517443
990000,590000,1525113.506760753,1147671.2836612165
990000,600000,1520144.4630145624,1147384.1959683658
990000,610000,1515607.4967848598,1147413.9878685006
990000,620000,1511485.246883272,1147747.5311650154
990000,630000,1507761.212541957,1148372.354198352
990000,640000,1504419.7365951776,1149276.629683568
990000,650000,1501445.9285687294,1150449.1158622245
990000,660000,1498825.6231870886,1151879.1252285964
990000,670000,1496545.350701274,1153556.5021178683
990000,680000,1494592.2811387389,1155471.5797431318
990000,690000,1492954.2038771694,1157615.1652342945
990000,700000,1491619.4766829757,1159978.5001996073
990000,710000,1490577.0019180423,1162553.24275262
990000,720000,1489816.2006796002,1165331.4475123582
990000,730000,1489326.9645284216,1168305.5287685664
990000,740000,1489099.658679746,1171468.263213388
990000,750000,1489125.0767150165,1174812.7545595472
990000,760000,1489394.4207451055,1178332.4187881376
990000,770000,1489899.2874031495,1182020.9734228067
990000,780000,1490631.617869024,1185872.3982455947
990000,790000,1491583.7349403289,1189880.9652568742
990000,800000,1492748.2689953118,1194041.1806680737
990000,810000,1494118.1726985625,1198347.7962484306
990000,820000,1495686.695767428,1202795.7907576798
990000,830000,1497447.3650692992,1207380.3533342283
990000,840000,1499393.9798596015,1212096.8808271594
990000,850000,1501520.5966624974,1216940.9660048087
990000,860000,1503821.505695843,1221908.378970034
990000,870000,1506291.2355895154,1226995.0714285185
990000,880000,1508924.5341312792,1232197.1613190745
990000,890000,1511716.3486387525,1237510.9177004641
990000,900000,1514661.8368513966,1242932.7696748157
990000,910000,1517756.3392887875,1248459.2846980789
990000,920000,1520995.3816884137,1254087.1708248314
990000,930000,1524374.646344083,1259813.2533480243
990000,940000,1527889.9989304277,1265634.4978334012
990000,950000,1531537.4554968642,1271547.9827407007
990000,960000,1535313.176936491,1277550.8956069355
990000,970000,1539213.4680610355,1283640.5329219685
990000,980000,1543234.7720990162,1289814.2953612052
990000,990000,1547373.6619780401,1296069.681454761
990000,1000000,1551626.8385245518,1302404.286261485
1000000,10000,6651081.075895204,4610178.095432369
1000000,20000,5658331.495712948,3922056.522926968
1000000,30000,5080645.044085734,3521634.787733887
1000000,40000,4672910.081689297,3239014.4481375096
1000000,50000,4358312.0191365415,3020951.6887289914
1000000,60000,4102636.2970639663,2843730.8009634027
1000000,70000,3887632.940621328,2694702.0169922127
1000000,80000,3702411.01452551,2566316.9909270075
1000000,90000,3539951.2576141832,2453712.2320382944
1000000,100000,3395470.251606628,2353575.955155479
1000000,110000,3265568.5175720206,2263557.991064543
1000000,120000,3147749.757845804,2181936.476523134
1000000,130000,3040131.7246132945,2107416.95727343
1000000,140000,2941263.0523810023,2039004.7098914562
1000000,150000,2850002.414502458,1975920.2187863332
1000000,160000,2765436.198407036,1917541.4379677132
1000000,170000,2686821.043015372,1863363.4378927518
1000000,180000,2613542.7970878915,1812969.602884201
1000000,190000,2545086.8636651975,1766010.8753767544
1000000,200000,2481016.3984932913,1722190.5705056628
1000000,210000,2420956.0955914333,1681253.1578786236
1000000,220000,2364580.0464745574,1642975.9319379046
1000000,230000,2311602.451464079,1607162.699400682
1000000,240000,2261770.5272338777,1573639.010112151
1000000,250000,2214858.9947847184,1542248.490650265
1000000,260000,2170665.71977675,1512849.9741917711
1000000,270000,2129008.3129721982,1485315.2875418544
1000000,280000,2089721.3390518788,1459527.447634196
1000000,290000,2052654.079126933,1435379.2280137513
1000000,300000,2017668.7198382418,1412772.0069798804
1000000,310000,1984638.7916655836,1391614.7739774096
1000000,320000,1953447.919451393,1371823.3399552254
1000000,330000,1923988.7355664908,1353319.6479537778
1000000,340000,1896161.9502386975,1336031.1821453755
1000000,350000,1869875.5723068004,1319890.47177946
1000000,360000,1845044.1898965111,1304834.6278694193
1000000,370000,1821588.4028439082,1290804.9789032997
1000000,380000,1799434.281108639,1277746.7177937983
1000000,390000,1778512.8815684356,1265608.5844124442
1000000,400000,1758759.8433334434,1254342.5979983453
1000000,410000,1740115.0115414166,1243903.8063504195
1000000,420000,1722522.0864365362,1234250.0484173093
1000000,430000,1705928.3664056389,1225341.7817743337
1000000,440000,1690284.4152720766,1217141.852309843
1000000,450000,1675543.855220628,1209615.3524881876
1000000,460000,1661663.1362557285,1202729.460540189
1000000,470000,1648601.3049049415,1196453.2778272014
1000000,480000,1636319.849340596,1190757.7195761865
1000000,490000,1624782.517231544,1185615.38531382
1000000,500000,1613955.147924514,1181000.4387576063
1000000,510000,1603805.5370906026,1176888.509763692
1000000,520000,1594303.2963367242,1173256.5933326918
1000000,530000,1585419.7565777272,1170082.978962615
1000000,540000,1577127.8051183799,1167347.1310542948
1000000,550000,1569401.8424254474,1165029.657868464
1000000,560000,1562217.630630039,1163112.1990579308
1000000,570000,1555552.238889173,1161577.3853909932
1000000,580000,1549383.95972695,1160408.7767645784
1000000,590000,1543692.2067451323,1159590.7856130349
1000000,600000,1538457.4711980438,1159108.6443695857
1000000,610000,1533661.2480781716,1158948.3502258034
1000000,620000,1529285.9701096343,1159096.6154920815
1000000,630000,1525314.946720653,1159540.8211359237
1000000,640000,1521732.3368947203,1160268.9967120432
1000000,650000,1518523.0605908958,1161269.753087648
1000000,660000,1515672.7833317015,1162532.270658189
1000000,670000,1513167.869589169,1164046.2641831564
1000000,680000,1510995.323884196,1165801.9375887872
1000000,690000,1509142.7790267835,1167789.9752544507
1000000,700000,1507598.4397203024,1170001.498902025
1000000,710000,1506351.0663802638,1172428.055138266
1000000,720000,1505389.9346132649,1175061.5848012802
1000000,730000,1504704.8069818497,1177894.40059815
1000000,740000,1504285.912929603,1180919.1723686792
1000000,750000,1504123.9184357137,1184128.9038996662
1000000,760000,1504209.9039153096,1187516.915269132
1000000,770000,1504535.348219701,1191076.8312818152
1000000,780000,1505092.082730525,1194802.5453773274
1000000,790000,1505872.3127478713,1198688.237246933
1000000,800000,1506868.5705380375,1202728.33596495
1000000,810000,1508073.7003577042,1206917.507616856
1000000,820000,1509480.8560540192,1211250.6557375516
1000000,830000,1511083.4680246303,1215722.893680168
1000000,840000,1512875.2435070332,1220329.5458805484
1000000,850000,1514850.1474255114,1225066.13314363
1000000,860000,1517002.3863151816,1229928.3596604317
1000000,870000,1519326.4086041609,1234912.1140714863
1000000,880000,1521816.8718403685,1240013.4434386718
1000000,890000,1524468.6553188695,1245228.5635013992
1000000,900000,1527276.83421931,1250553.8383298882
1000000,910000,1530236.6817414088,1255985.783053317
1000000,920000,1533343.6473013437,1261521.045103832
1000000,930000,1536593.3528457044,1267156.403242334
1000000,940000,1539981.5911014392,1272888.7651888258
1000000,950000,1543504.31595207,1278715.161076546
1000000,960000,1547157.6283218062,1284632.731564589
1000000,970000,1550937.772833834,1290638.7258026071
1000000,980000,1554841.1347058509,1296730.4994739224
1000000,990000,1558864.2318558593,1302905.5077685665
1000000,1000000,1563003.7077462827,1309161.3009143858
